#
# There is insufficient memory for the Java Runtime Environment to continue.
# Native memory allocation (mmap) failed to map 983564288 bytes. Error detail: G1 virtual space
# Possible reasons:
#   The system is out of physical RAM or swap space
#   This process is running with CompressedOops enabled, and the Java Heap may be blocking the growth of the native heap
# Possible solutions:
#   Reduce memory load on the system
#   Increase physical memory or swap space
#   Check if swap backing store is full
#   Decrease Java heap size (-Xmx/-Xms)
#   Decrease number of Java threads
#   Decrease Java thread stack sizes (-Xss)
#   Set larger code cache with -XX:ReservedCodeCacheSize=
#   JVM is running with Zero Based Compressed Oops mode in which the Java heap is
#     placed in the first 32GB address space. The Java Heap base address is the
#     maximum limit for the native heap growth. Please use -XX:HeapBaseMinAddress
#     to set the Java Heap base and to place the Java Heap above 32GB virtual address.
# This output file may be truncated or incomplete.
#
#  Out of Memory Error (os_windows.cpp:3714), pid=16652, tid=18308
#
# JRE version: OpenJDK Runtime Environment Corretto-21.0.11.10.1 (21.0.11+10) (build 21.0.11+10-LTS)
# Java VM: OpenJDK 64-Bit Server VM Corretto-21.0.11.10.1 (21.0.11+10-LTS, mixed mode, sharing, tiered, compressed oops, compressed class ptrs, g1 gc, windows-amd64)
# No core dump will be written. Minidumps are not enabled by default on client versions of Windows
#

---------------  S U M M A R Y ------------

Command Line: --add-opens=java.base/java.lang=ALL-UNNAMED --add-opens=java.base/java.lang.invoke=ALL-UNNAMED --add-opens=java.base/java.util=ALL-UNNAMED --add-opens=java.prefs/java.util.prefs=ALL-UNNAMED --add-exports=jdk.compiler/com.sun.tools.javac.api=ALL-UNNAMED --add-exports=jdk.compiler/com.sun.tools.javac.util=ALL-UNNAMED --add-opens=java.base/java.util=ALL-UNNAMED --add-opens=java.prefs/java.util.prefs=ALL-UNNAMED --add-opens=java.base/java.nio.charset=ALL-UNNAMED --add-opens=java.base/java.net=ALL-UNNAMED --add-opens=java.base/java.util.concurrent=ALL-UNNAMED --add-opens=java.base/java.util.concurrent.atomic=ALL-UNNAMED --add-opens=java.xml/javax.xml.namespace=ALL-UNNAMED --add-opens=java.base/java.time=ALL-UNNAMED -Xmx3072M -Dfile.encoding=UTF-8 -Duser.country=MX -Duser.language=es -Duser.variant -javaagent:C:\Users\isaac\.gradle\wrapper\dists\gradle-9.4.1-bin\arn2x92ynaizyzdaamcbpbhtj\gradle-9.4.1\lib\agents\gradle-instrumentation-agent-9.4.1.jar org.gradle.launcher.daemon.bootstrap.GradleDaemon 9.4.1

Host: AMD Ryzen 3 3250U with Radeon Graphics         , 4 cores, 5G,  Windows 11 , 64 bit Build 26100 (10.0.26100.8521)
Time: Sun Jul  5 15:33:42 2026 Hora estándar central (México) elapsed time: 153.418555 seconds (0d 0h 2m 33s)

---------------  T H R E A D  ---------------

Current thread (0x00000200a1ce7610):  VMThread "VM Thread"          [id=18308, stack(0x000000960aa00000,0x000000960ab00000) (1024K)]

Stack: [0x000000960aa00000,0x000000960ab00000]
Native frames: (J=compiled Java code, j=interpreted, Vv=VM code, C=native code)
V  [jvm.dll+0x6df899]
V  [jvm.dll+0x8bc52b]
V  [jvm.dll+0x8beaba]
V  [jvm.dll+0x8bf193]
V  [jvm.dll+0x28aa16]
V  [jvm.dll+0x6dc1f5]
V  [jvm.dll+0x6d003a]
V  [jvm.dll+0x3650fe]
V  [jvm.dll+0x36cfcb]
V  [jvm.dll+0x3bea89]
V  [jvm.dll+0x3bed2b]
V  [jvm.dll+0x3392c7]
V  [jvm.dll+0x339357]
V  [jvm.dll+0x37d83c]
V  [jvm.dll+0x37c01e]
V  [jvm.dll+0x338a21]
V  [jvm.dll+0x37b68a]
V  [jvm.dll+0x8c4eef]
V  [jvm.dll+0x8c63d3]
V  [jvm.dll+0x8c6944]
V  [jvm.dll+0x8c6a43]
V  [jvm.dll+0x8672bd]
V  [jvm.dll+0x6de09d]
C  [ucrtbase.dll+0x2cd30]
C  [KERNEL32.DLL+0x2e957]
C  [ntdll.dll+0x87c1c]

VM_Operation (0x000000960d7f7e10): G1CollectForAllocation, mode: safepoint, requested by thread 0x00000200ea1dcba0


---------------  P R O C E S S  ---------------

Threads class SMR info:
_java_thread_list=0x00000200eb6bb200, length=49, elements={
0x00000200821d89d0, 0x00000200a1d05490, 0x00000200a1d08d20, 0x00000200a1d0d8b0,
0x00000200a1d0e8d0, 0x00000200a1d0f330, 0x00000200a1d0fd90, 0x00000200a1d11b30,
0x00000200a1d1a9f0, 0x00000200e7201dd0, 0x00000200e70d6510, 0x00000200e8bab8a0,
0x00000200e8b441b0, 0x00000200e70f82c0, 0x00000200e71a8a80, 0x00000200e841d1b0,
0x00000200e8c84ce0, 0x00000200e7d24dd0, 0x00000200e7be6a40, 0x00000200e7be5000,
0x00000200e7be70d0, 0x00000200e7be7760, 0x00000200e7be63b0, 0x00000200e7be7df0,
0x00000200e7be4970, 0x00000200ead7b800, 0x00000200ead7a450, 0x00000200ead7aae0,
0x00000200ead78a10, 0x00000200ead78380, 0x00000200ead7be90, 0x00000200ead7c520,
0x00000200ead79dc0, 0x00000200ead7cbb0, 0x00000200ead79730, 0x00000200ead7df60,
0x00000200ead7d8d0, 0x00000200ead7d240, 0x00000200ead7f9a0, 0x00000200ead7f310,
0x00000200ea1db160, 0x00000200ea1db7f0, 0x00000200ea1dcba0, 0x00000200ea1daad0,
0x00000200ea1dd230, 0x00000200ea1ddf50, 0x00000200ea1dd8c0, 0x00000200ea1de5e0,
0x00000200eb89e270
}

Java Threads: ( => current thread )
  0x00000200821d89d0 JavaThread "main"                              [_thread_blocked, id=20852, stack(0x000000960a300000,0x000000960a400000) (1024K)]
  0x00000200a1d05490 JavaThread "Reference Handler"          daemon [_thread_blocked, id=1636, stack(0x000000960ab00000,0x000000960ac00000) (1024K)]
  0x00000200a1d08d20 JavaThread "Finalizer"                  daemon [_thread_blocked, id=25868, stack(0x000000960ac00000,0x000000960ad00000) (1024K)]
  0x00000200a1d0d8b0 JavaThread "Signal Dispatcher"          daemon [_thread_blocked, id=23904, stack(0x000000960ad00000,0x000000960ae00000) (1024K)]
  0x00000200a1d0e8d0 JavaThread "Attach Listener"            daemon [_thread_blocked, id=25348, stack(0x000000960ae00000,0x000000960af00000) (1024K)]
  0x00000200a1d0f330 JavaThread "Service Thread"             daemon [_thread_blocked, id=10600, stack(0x000000960af00000,0x000000960b000000) (1024K)]
  0x00000200a1d0fd90 JavaThread "Monitor Deflation Thread"   daemon [_thread_blocked, id=19408, stack(0x000000960b000000,0x000000960b100000) (1024K)]
  0x00000200a1d11b30 JavaThread "C2 CompilerThread0"         daemon [_thread_blocked, id=24140, stack(0x000000960b100000,0x000000960b200000) (1024K)]
  0x00000200a1d1a9f0 JavaThread "C1 CompilerThread0"         daemon [_thread_blocked, id=11960, stack(0x000000960b200000,0x000000960b300000) (1024K)]
  0x00000200e7201dd0 JavaThread "Common-Cleaner"             daemon [_thread_blocked, id=21516, stack(0x000000960b300000,0x000000960b400000) (1024K)]
  0x00000200e70d6510 JavaThread "Notification Thread"        daemon [_thread_blocked, id=6172, stack(0x000000960b400000,0x000000960b500000) (1024K)]
  0x00000200e8bab8a0 JavaThread "Daemon health stats"               [_thread_blocked, id=3840, stack(0x000000960b800000,0x000000960b900000) (1024K)]
  0x00000200e8b441b0 JavaThread "Incoming local TCP Connector on port 49900"        [_thread_in_native, id=19708, stack(0x000000960b900000,0x000000960ba00000) (1024K)]
  0x00000200e70f82c0 JavaThread "Daemon periodic checks"            [_thread_blocked, id=15848, stack(0x000000960ba00000,0x000000960bb00000) (1024K)]
  0x00000200e71a8a80 JavaThread "Daemon"                            [_thread_blocked, id=15400, stack(0x000000960bb00000,0x000000960bc00000) (1024K)]
  0x00000200e841d1b0 JavaThread "Handler for socket connection from /127.0.0.1:49900 to /127.0.0.1:49901"        [_thread_in_native, id=8296, stack(0x000000960bc00000,0x000000960bd00000) (1024K)]
  0x00000200e8c84ce0 JavaThread "Cancel handler"                    [_thread_blocked, id=3588, stack(0x000000960bd00000,0x000000960be00000) (1024K)]
  0x00000200e7d24dd0 JavaThread "Daemon worker"                     [_thread_blocked, id=16416, stack(0x000000960be00000,0x000000960bf00000) (1024K)]
  0x00000200e7be6a40 JavaThread "Asynchronous log dispatcher for DefaultDaemonConnection: socket connection from /127.0.0.1:49900 to /127.0.0.1:49901"        [_thread_blocked, id=7604, stack(0x000000960bf00000,0x000000960c000000) (1024K)]
  0x00000200e7be5000 JavaThread "Stdin handler"                     [_thread_blocked, id=12580, stack(0x000000960c000000,0x000000960c100000) (1024K)]
  0x00000200e7be70d0 JavaThread "Daemon client event forwarder"        [_thread_blocked, id=25596, stack(0x000000960c100000,0x000000960c200000) (1024K)]
  0x00000200e7be7760 JavaThread "Cache worker for journal cache (C:\Users\isaac\.gradle\caches\journal-1)"        [_thread_blocked, id=3596, stack(0x000000960c200000,0x000000960c300000) (1024K)]
  0x00000200e7be63b0 JavaThread "File lock request listener"        [_thread_in_native, id=21948, stack(0x000000960c300000,0x000000960c400000) (1024K)]
  0x00000200e7be7df0 JavaThread "Cache worker for file hash cache (C:\Users\isaac\.gradle\caches\9.4.1\fileHashes)"        [_thread_blocked, id=22488, stack(0x000000960c400000,0x000000960c500000) (1024K)]
  0x00000200e7be4970 JavaThread "Cache worker for file hash cache (C:\Users\isaac\AndroidStudioProjects\EjemploMoviles\.gradle\9.4.1\fileHashes)"        [_thread_blocked, id=24016, stack(0x000000960c500000,0x000000960c600000) (1024K)]
  0x00000200ead7b800 JavaThread "Cache worker for checksums cache (C:\Users\isaac\AndroidStudioProjects\EjemploMoviles\.gradle\9.4.1\checksums)"        [_thread_blocked, id=7920, stack(0x000000960c600000,0x000000960c700000) (1024K)]
  0x00000200ead7a450 JavaThread "Cache worker for Build Output Cleanup Cache (C:\Users\isaac\AndroidStudioProjects\EjemploMoviles\.gradle\buildOutputCleanup)"        [_thread_blocked, id=26148, stack(0x000000960c700000,0x000000960c800000) (1024K)]
  0x00000200ead7aae0 JavaThread "Cache worker for file content cache (C:\Users\isaac\.gradle\caches\9.4.1\fileContent)"        [_thread_blocked, id=14596, stack(0x000000960c800000,0x000000960c900000) (1024K)]
  0x00000200ead78a10 JavaThread "File watcher server"        daemon [_thread_blocked, id=26348, stack(0x000000960c900000,0x000000960ca00000) (1024K)]
  0x00000200ead78380 JavaThread "File watcher consumer"      daemon [_thread_blocked, id=10516, stack(0x000000960ca00000,0x000000960cb00000) (1024K)]
  0x00000200ead7be90 JavaThread "Cache worker for cache directory md-supplier (C:\Users\isaac\.gradle\caches\9.4.1\md-supplier)"        [_thread_blocked, id=25940, stack(0x000000960cb00000,0x000000960cc00000) (1024K)]
  0x00000200ead7c520 JavaThread "Cache worker for cache directory md-rule (C:\Users\isaac\.gradle\caches\9.4.1\md-rule)"        [_thread_blocked, id=15008, stack(0x000000960cc00000,0x000000960cd00000) (1024K)]
  0x00000200ead79dc0 JavaThread "build event listener"              [_thread_blocked, id=2688, stack(0x000000960ce00000,0x000000960cf00000) (1024K)]
  0x00000200ead7cbb0 JavaThread "build event listener"              [_thread_blocked, id=16520, stack(0x000000960cf00000,0x000000960d000000) (1024K)]
  0x00000200ead79730 JavaThread "build event listener"              [_thread_blocked, id=25056, stack(0x000000960d000000,0x000000960d100000) (1024K)]
  0x00000200ead7df60 JavaThread "build event listener"              [_thread_blocked, id=24036, stack(0x000000960d100000,0x000000960d200000) (1024K)]
  0x00000200ead7d8d0 JavaThread "Build operations"                  [_thread_blocked, id=26516, stack(0x000000960d200000,0x000000960d300000) (1024K)]
  0x00000200ead7d240 JavaThread "Build operations Thread 2"         [_thread_blocked, id=14736, stack(0x000000960d300000,0x000000960d400000) (1024K)]
  0x00000200ead7f9a0 JavaThread "Memory manager"                    [_thread_blocked, id=2760, stack(0x000000960cd00000,0x000000960ce00000) (1024K)]
  0x00000200ead7f310 JavaThread "included builds"                   [_thread_blocked, id=15028, stack(0x000000960d400000,0x000000960d500000) (1024K)]
  0x00000200ea1db160 JavaThread "Execution worker"                  [_thread_blocked, id=7840, stack(0x000000960d500000,0x000000960d600000) (1024K)]
  0x00000200ea1db7f0 JavaThread "Execution worker Thread 2"         [_thread_blocked, id=9160, stack(0x000000960d600000,0x000000960d700000) (1024K)]
  0x00000200ea1dcba0 JavaThread "Execution worker Thread 3"         [_thread_blocked, id=21852, stack(0x000000960d700000,0x000000960d800000) (1024K)]
  0x00000200ea1daad0 JavaThread "Cache worker for execution history cache (C:\Users\isaac\AndroidStudioProjects\EjemploMoviles\.gradle\9.4.1\executionHistory)"        [_thread_blocked, id=11432, stack(0x000000960d800000,0x000000960d900000) (1024K)]
  0x00000200ea1dd230 JavaThread "Build operations Thread 3"         [_thread_blocked, id=19644, stack(0x000000960d900000,0x000000960da00000) (1024K)]
  0x00000200ea1ddf50 JavaThread "Build operations Thread 4"         [_thread_blocked, id=9452, stack(0x000000960da00000,0x000000960db00000) (1024K)]
  0x00000200ea1dd8c0 JavaThread "pool-2-thread-1"                   [_thread_blocked, id=22332, stack(0x000000960db00000,0x000000960dc00000) (1024K)]
  0x00000200ea1de5e0 JavaThread "WorkerExecutor Queue"              [_thread_blocked, id=9796, stack(0x000000960a100000,0x000000960a200000) (1024K)]
  0x00000200eb89e270 JavaThread "C2 CompilerThread1"         daemon [_thread_blocked, id=14620, stack(0x000000960a200000,0x000000960a300000) (1024K)]
Total: 49

Other Threads:
=>0x00000200a1ce7610 VMThread "VM Thread"                           [id=18308, stack(0x000000960aa00000,0x000000960ab00000) (1024K)]
  0x00000200a1cdd0e0 WatcherThread "VM Periodic Task Thread"        [id=9632, stack(0x000000960a900000,0x000000960aa00000) (1024K)]
  0x00000200845b2720 WorkerThread "GC Thread#0"                     [id=20168, stack(0x000000960a400000,0x000000960a500000) (1024K)]
  0x00000200e72e8f40 WorkerThread "GC Thread#1"                     [id=2060, stack(0x000000960b500000,0x000000960b600000) (1024K)]
  0x00000200e74338d0 WorkerThread "GC Thread#2"                     [id=17544, stack(0x000000960b600000,0x000000960b700000) (1024K)]
  0x00000200e78ccf20 WorkerThread "GC Thread#3"                     [id=2336, stack(0x000000960b700000,0x000000960b800000) (1024K)]
  0x00000200845bf620 ConcurrentGCThread "G1 Main Marker"            [id=15124, stack(0x000000960a500000,0x000000960a600000) (1024K)]
  0x00000200845c0ec0 WorkerThread "G1 Conc#0"                       [id=24612, stack(0x000000960a600000,0x000000960a700000) (1024K)]
  0x0000020084603bb0 ConcurrentGCThread "G1 Refine#0"               [id=5444, stack(0x000000960a700000,0x000000960a800000) (1024K)]
  0x00000200846064d0 ConcurrentGCThread "G1 Service"                [id=22132, stack(0x000000960a800000,0x000000960a900000) (1024K)]
Total: 10

Threads with active compile tasks:
C2 CompilerThread0  156602 14965       4       com.android.tools.r8.internal.v31::b (911 bytes)
C2 CompilerThread1  156602 14978       4       com.android.tools.r8.internal.ty2::a (500 bytes)
Total: 2

VM state: at safepoint (normal execution)

VM Mutex/Monitor currently owned by a thread:  ([mutex/lock_event])
[0x00007ffcb1d665c0] Threads_lock - owner thread: 0x00000200a1ce7610
[0x00007ffcb1d666c0] Heap_lock - owner thread: 0x00000200ea1dcba0

Heap address: 0x0000000740000000, size: 3072 MB, Compressed Oops mode: Zero based, Oop shift amount: 3

CDS archive(s) mapped at: [0x00000200a2000000-0x00000200a2c80000-0x00000200a2c80000), size 13107200, SharedBaseAddress: 0x00000200a2000000, ArchiveRelocationMode: 1.
Compressed class space mapped at: 0x00000200a3000000-0x00000200e3000000, reserved size: 1073741824
Narrow klass base: 0x00000200a2000000, Narrow klass shift: 0, Narrow klass range: 0x100000000

GC Precious Log:
 CardTable entry size: 512
 Card Set container configuration: InlinePtr #cards 4 size 8 Array Of Cards #cards 16 size 48 Howl #buckets 8 coarsen threshold 3686 Howl Bitmap #cards 512 size 80 coarsen threshold 460 Card regions per heap region 1 cards per card region 4096
 CPUs: 4 total, 4 available
 Memory: 6059M
 Large Page Support: Disabled
 NUMA Support: Disabled
 Compressed Oops: Enabled (Zero based)
 Heap Region Size: 2M
 Heap Min Capacity: 8M
 Heap Initial Capacity: 96M
 Heap Max Capacity: 3G
 Pre-touch: Disabled
 Parallel Workers: 4
 Concurrent Workers: 1
 Concurrent Refinement Workers: 4
 Periodic GC: Disabled

Heap:
 garbage-first heap   total 745472K, used 122218K [0x0000000740000000, 0x0000000800000000)
  region size 2048K, 2 young (4096K), 2 survivors (4096K)
 Metaspace       used 89598K, committed 91840K, reserved 1179648K
  class space    used 12439K, committed 13568K, reserved 1048576K

Heap Regions: E=young(eden), S=young(survivor), O=old, HS=humongous(starts), HC=humongous(continues), CS=collection set, F=free, TAMS=top-at-mark-start, PB=parsable bottom
|   0|0x0000000740000000, 0x0000000740200000, 0x0000000740200000|100%| O|  |TAMS 0x0000000740000000| PB 0x0000000740000000| Untracked 
|   1|0x0000000740200000, 0x0000000740400000, 0x0000000740400000|100%|HS|  |TAMS 0x0000000740200000| PB 0x0000000740200000| Complete 
|   2|0x0000000740400000, 0x0000000740600000, 0x0000000740600000|100%|HC|  |TAMS 0x0000000740400000| PB 0x0000000740400000| Complete 
|   3|0x0000000740600000, 0x0000000740800000, 0x0000000740800000|100%| O|  |TAMS 0x0000000740600000| PB 0x0000000740600000| Untracked 
|   4|0x0000000740800000, 0x0000000740a00000, 0x0000000740a00000|100%| O|  |TAMS 0x0000000740800000| PB 0x0000000740800000| Untracked 
|   5|0x0000000740a00000, 0x0000000740c00000, 0x0000000740c00000|100%| O|  |TAMS 0x0000000740a00000| PB 0x0000000740a00000| Untracked 
|   6|0x0000000740c00000, 0x0000000740e00000, 0x0000000740e00000|100%| O|  |TAMS 0x0000000740c00000| PB 0x0000000740c00000| Untracked 
|   7|0x0000000740e00000, 0x0000000741000000, 0x0000000741000000|100%| O|  |TAMS 0x0000000740e00000| PB 0x0000000740e00000| Untracked 
|   8|0x0000000741000000, 0x0000000741200000, 0x0000000741200000|100%| O|  |TAMS 0x0000000741000000| PB 0x0000000741000000| Untracked 
|   9|0x0000000741200000, 0x0000000741400000, 0x0000000741400000|100%| O|  |TAMS 0x0000000741200000| PB 0x0000000741200000| Untracked 
|  10|0x0000000741400000, 0x0000000741600000, 0x0000000741600000|100%| O|  |TAMS 0x0000000741400000| PB 0x0000000741400000| Untracked 
|  11|0x0000000741600000, 0x0000000741800000, 0x0000000741800000|100%| O|  |TAMS 0x0000000741600000| PB 0x0000000741600000| Untracked 
|  12|0x0000000741800000, 0x0000000741a00000, 0x0000000741a00000|100%| O|  |TAMS 0x0000000741800000| PB 0x0000000741800000| Untracked 
|  13|0x0000000741a00000, 0x0000000741c00000, 0x0000000741c00000|100%| O|  |TAMS 0x0000000741a00000| PB 0x0000000741a00000| Untracked 
|  14|0x0000000741c00000, 0x0000000741e00000, 0x0000000741e00000|100%|HS|  |TAMS 0x0000000741c00000| PB 0x0000000741c00000| Complete 
|  15|0x0000000741e00000, 0x0000000742000000, 0x0000000742000000|100%|HS|  |TAMS 0x0000000741e00000| PB 0x0000000741e00000| Complete 
|  16|0x0000000742000000, 0x0000000742200000, 0x0000000742200000|100%| O|  |TAMS 0x0000000742000000| PB 0x0000000742000000| Untracked 
|  17|0x0000000742200000, 0x0000000742400000, 0x0000000742400000|100%| O|  |TAMS 0x0000000742200000| PB 0x0000000742200000| Untracked 
|  18|0x0000000742400000, 0x0000000742600000, 0x0000000742600000|100%| O|  |TAMS 0x0000000742400000| PB 0x0000000742400000| Untracked 
|  19|0x0000000742600000, 0x0000000742800000, 0x0000000742800000|100%| O|  |TAMS 0x0000000742600000| PB 0x0000000742600000| Untracked 
|  20|0x0000000742800000, 0x0000000742a00000, 0x0000000742a00000|100%| O|  |TAMS 0x0000000742800000| PB 0x0000000742800000| Untracked 
|  21|0x0000000742a00000, 0x0000000742c00000, 0x0000000742c00000|100%| O|  |TAMS 0x0000000742a00000| PB 0x0000000742a00000| Untracked 
|  22|0x0000000742c00000, 0x0000000742e00000, 0x0000000742e00000|100%| O|  |TAMS 0x0000000742c00000| PB 0x0000000742c00000| Untracked 
|  23|0x0000000742e00000, 0x0000000743000000, 0x0000000743000000|100%| O|  |TAMS 0x0000000742e00000| PB 0x0000000742e00000| Untracked 
|  24|0x0000000743000000, 0x0000000743200000, 0x0000000743200000|100%| O|  |TAMS 0x0000000743000000| PB 0x0000000743000000| Untracked 
|  25|0x0000000743200000, 0x0000000743400000, 0x0000000743400000|100%| O|  |TAMS 0x0000000743200000| PB 0x0000000743200000| Untracked 
|  26|0x0000000743400000, 0x0000000743600000, 0x0000000743600000|100%| O|  |TAMS 0x0000000743400000| PB 0x0000000743400000| Untracked 
|  27|0x0000000743600000, 0x0000000743800000, 0x0000000743800000|100%| O|  |TAMS 0x0000000743600000| PB 0x0000000743600000| Untracked 
|  28|0x0000000743800000, 0x0000000743a00000, 0x0000000743a00000|100%| O|  |TAMS 0x0000000743800000| PB 0x0000000743800000| Untracked 
|  29|0x0000000743a00000, 0x0000000743c00000, 0x0000000743c00000|100%| O|  |TAMS 0x0000000743a00000| PB 0x0000000743a00000| Untracked 
|  30|0x0000000743c00000, 0x0000000743e00000, 0x0000000743e00000|100%| O|  |TAMS 0x0000000743c00000| PB 0x0000000743c00000| Untracked 
|  31|0x0000000743e00000, 0x0000000744000000, 0x0000000744000000|100%| O|  |TAMS 0x0000000743e00000| PB 0x0000000743e00000| Untracked 
|  32|0x0000000744000000, 0x0000000744200000, 0x0000000744200000|100%| O|  |TAMS 0x0000000744000000| PB 0x0000000744000000| Untracked 
|  33|0x0000000744200000, 0x0000000744400000, 0x0000000744400000|100%| O|  |TAMS 0x0000000744200000| PB 0x0000000744200000| Untracked 
|  34|0x0000000744400000, 0x0000000744600000, 0x0000000744600000|100%| O|  |TAMS 0x0000000744400000| PB 0x0000000744400000| Untracked 
|  35|0x0000000744600000, 0x0000000744800000, 0x0000000744800000|100%| O|  |TAMS 0x0000000744600000| PB 0x0000000744600000| Untracked 
|  36|0x0000000744800000, 0x0000000744a00000, 0x0000000744a00000|100%| O|  |TAMS 0x0000000744800000| PB 0x0000000744800000| Untracked 
|  37|0x0000000744a00000, 0x0000000744c00000, 0x0000000744c00000|100%| O|  |TAMS 0x0000000744a00000| PB 0x0000000744a00000| Untracked 
|  38|0x0000000744c00000, 0x0000000744e00000, 0x0000000744e00000|100%| O|  |TAMS 0x0000000744c00000| PB 0x0000000744c00000| Untracked 
|  39|0x0000000744e00000, 0x0000000745000000, 0x0000000745000000|100%| O|  |TAMS 0x0000000744e00000| PB 0x0000000744e00000| Untracked 
|  40|0x0000000745000000, 0x0000000745200000, 0x0000000745200000|100%| O|  |TAMS 0x0000000745000000| PB 0x0000000745000000| Untracked 
|  41|0x0000000745200000, 0x0000000745400000, 0x0000000745400000|100%| O|  |TAMS 0x0000000745200000| PB 0x0000000745200000| Untracked 
|  42|0x0000000745400000, 0x0000000745600000, 0x0000000745600000|100%| O|  |TAMS 0x0000000745400000| PB 0x0000000745400000| Untracked 
|  43|0x0000000745600000, 0x0000000745800000, 0x0000000745800000|100%| O|  |TAMS 0x0000000745600000| PB 0x0000000745600000| Untracked 
|  44|0x0000000745800000, 0x0000000745a00000, 0x0000000745a00000|100%| O|  |TAMS 0x0000000745800000| PB 0x0000000745800000| Untracked 
|  45|0x0000000745a00000, 0x0000000745ab89d8, 0x0000000745c00000| 36%| O|  |TAMS 0x0000000745a00000| PB 0x0000000745a00000| Untracked 
|  46|0x0000000745c00000, 0x0000000745e00000, 0x0000000745e00000|100%| O|  |TAMS 0x0000000745c00000| PB 0x0000000745c00000| Untracked 
|  47|0x0000000745e00000, 0x0000000746000000, 0x0000000746000000|100%| O|  |TAMS 0x0000000745e00000| PB 0x0000000745e00000| Untracked 
|  48|0x0000000746000000, 0x0000000746200000, 0x0000000746200000|100%| O|  |TAMS 0x0000000746000000| PB 0x0000000746000000| Untracked 
|  49|0x0000000746200000, 0x0000000746200000, 0x0000000746400000|  0%| F|  |TAMS 0x0000000746200000| PB 0x0000000746200000| Untracked 
|  50|0x0000000746400000, 0x0000000746600000, 0x0000000746600000|100%| O|  |TAMS 0x0000000746400000| PB 0x0000000746400000| Untracked 
|  51|0x0000000746600000, 0x0000000746800000, 0x0000000746800000|100%| O|  |TAMS 0x0000000746600000| PB 0x0000000746600000| Untracked 
|  52|0x0000000746800000, 0x0000000746800000, 0x0000000746a00000|  0%| F|  |TAMS 0x0000000746800000| PB 0x0000000746800000| Untracked 
|  53|0x0000000746a00000, 0x0000000746c00000, 0x0000000746c00000|100%| O|  |TAMS 0x0000000746a00000| PB 0x0000000746a00000| Untracked 
|  54|0x0000000746c00000, 0x0000000746e00000, 0x0000000746e00000|100%| O|  |TAMS 0x0000000746c00000| PB 0x0000000746c00000| Untracked 
|  55|0x0000000746e00000, 0x0000000747000000, 0x0000000747000000|100%| O|  |TAMS 0x0000000746e00000| PB 0x0000000746e00000| Untracked 
|  56|0x0000000747000000, 0x0000000747200000, 0x0000000747200000|100%| O|  |TAMS 0x0000000747000000| PB 0x0000000747000000| Untracked 
|  57|0x0000000747200000, 0x0000000747400000, 0x0000000747400000|100%| O|  |TAMS 0x0000000747200000| PB 0x0000000747200000| Untracked 
|  58|0x0000000747400000, 0x0000000747400000, 0x0000000747600000|  0%| F|  |TAMS 0x0000000747400000| PB 0x0000000747400000| Untracked 
|  59|0x0000000747600000, 0x0000000747600000, 0x0000000747800000|  0%| F|  |TAMS 0x0000000747600000| PB 0x0000000747600000| Untracked 
|  60|0x0000000747800000, 0x0000000747800000, 0x0000000747a00000|  0%| F|  |TAMS 0x0000000747800000| PB 0x0000000747800000| Untracked 
|  61|0x0000000747a00000, 0x0000000747a00000, 0x0000000747c00000|  0%| F|  |TAMS 0x0000000747a00000| PB 0x0000000747a00000| Untracked 
|  62|0x0000000747c00000, 0x0000000747c00000, 0x0000000747e00000|  0%| F|  |TAMS 0x0000000747c00000| PB 0x0000000747c00000| Untracked 
|  63|0x0000000747e00000, 0x0000000747e00000, 0x0000000748000000|  0%| F|  |TAMS 0x0000000747e00000| PB 0x0000000747e00000| Untracked 
|  64|0x0000000748000000, 0x0000000748000000, 0x0000000748200000|  0%| F|  |TAMS 0x0000000748000000| PB 0x0000000748000000| Untracked 
|  65|0x0000000748200000, 0x0000000748200000, 0x0000000748400000|  0%| F|  |TAMS 0x0000000748200000| PB 0x0000000748200000| Untracked 
|  66|0x0000000748400000, 0x0000000748400000, 0x0000000748600000|  0%| F|  |TAMS 0x0000000748400000| PB 0x0000000748400000| Untracked 
|  67|0x0000000748600000, 0x0000000748600000, 0x0000000748800000|  0%| F|  |TAMS 0x0000000748600000| PB 0x0000000748600000| Untracked 
|  68|0x0000000748800000, 0x0000000748800000, 0x0000000748a00000|  0%| F|  |TAMS 0x0000000748800000| PB 0x0000000748800000| Untracked 
|  69|0x0000000748a00000, 0x0000000748a00000, 0x0000000748c00000|  0%| F|  |TAMS 0x0000000748a00000| PB 0x0000000748a00000| Untracked 
|  70|0x0000000748c00000, 0x0000000748c00000, 0x0000000748e00000|  0%| F|  |TAMS 0x0000000748c00000| PB 0x0000000748c00000| Untracked 
|  71|0x0000000748e00000, 0x0000000748e00000, 0x0000000749000000|  0%| F|  |TAMS 0x0000000748e00000| PB 0x0000000748e00000| Untracked 
|  72|0x0000000749000000, 0x0000000749000000, 0x0000000749200000|  0%| F|  |TAMS 0x0000000749000000| PB 0x0000000749000000| Untracked 
|  73|0x0000000749200000, 0x0000000749200000, 0x0000000749400000|  0%| F|  |TAMS 0x0000000749200000| PB 0x0000000749200000| Untracked 
|  74|0x0000000749400000, 0x0000000749400000, 0x0000000749600000|  0%| F|  |TAMS 0x0000000749400000| PB 0x0000000749400000| Untracked 
|  75|0x0000000749600000, 0x0000000749600000, 0x0000000749800000|  0%| F|  |TAMS 0x0000000749600000| PB 0x0000000749600000| Untracked 
|  76|0x0000000749800000, 0x0000000749800000, 0x0000000749a00000|  0%| F|  |TAMS 0x0000000749800000| PB 0x0000000749800000| Untracked 
|  77|0x0000000749a00000, 0x0000000749a00000, 0x0000000749c00000|  0%| F|  |TAMS 0x0000000749a00000| PB 0x0000000749a00000| Untracked 
|  78|0x0000000749c00000, 0x0000000749c00000, 0x0000000749e00000|  0%| F|  |TAMS 0x0000000749c00000| PB 0x0000000749c00000| Untracked 
|  79|0x0000000749e00000, 0x0000000749e00000, 0x000000074a000000|  0%| F|  |TAMS 0x0000000749e00000| PB 0x0000000749e00000| Untracked 
|  80|0x000000074a000000, 0x000000074a000000, 0x000000074a200000|  0%| F|  |TAMS 0x000000074a000000| PB 0x000000074a000000| Untracked 
|  81|0x000000074a200000, 0x000000074a200000, 0x000000074a400000|  0%| F|  |TAMS 0x000000074a200000| PB 0x000000074a200000| Untracked 
|  82|0x000000074a400000, 0x000000074a400000, 0x000000074a600000|  0%| F|  |TAMS 0x000000074a400000| PB 0x000000074a400000| Untracked 
|  83|0x000000074a600000, 0x000000074a600000, 0x000000074a800000|  0%| F|  |TAMS 0x000000074a600000| PB 0x000000074a600000| Untracked 
|  84|0x000000074a800000, 0x000000074a800000, 0x000000074aa00000|  0%| F|  |TAMS 0x000000074a800000| PB 0x000000074a800000| Untracked 
|  85|0x000000074aa00000, 0x000000074aa00000, 0x000000074ac00000|  0%| F|  |TAMS 0x000000074aa00000| PB 0x000000074aa00000| Untracked 
|  86|0x000000074ac00000, 0x000000074ac00000, 0x000000074ae00000|  0%| F|  |TAMS 0x000000074ac00000| PB 0x000000074ac00000| Untracked 
|  87|0x000000074ae00000, 0x000000074ae00000, 0x000000074b000000|  0%| F|  |TAMS 0x000000074ae00000| PB 0x000000074ae00000| Untracked 
|  88|0x000000074b000000, 0x000000074b000000, 0x000000074b200000|  0%| F|  |TAMS 0x000000074b000000| PB 0x000000074b000000| Untracked 
|  89|0x000000074b200000, 0x000000074b200000, 0x000000074b400000|  0%| F|  |TAMS 0x000000074b200000| PB 0x000000074b200000| Untracked 
|  90|0x000000074b400000, 0x000000074b400000, 0x000000074b600000|  0%| F|  |TAMS 0x000000074b400000| PB 0x000000074b400000| Untracked 
|  91|0x000000074b600000, 0x000000074b600000, 0x000000074b800000|  0%| F|  |TAMS 0x000000074b600000| PB 0x000000074b600000| Untracked 
|  92|0x000000074b800000, 0x000000074b800000, 0x000000074ba00000|  0%| F|  |TAMS 0x000000074b800000| PB 0x000000074b800000| Untracked 
|  93|0x000000074ba00000, 0x000000074ba00000, 0x000000074bc00000|  0%| F|  |TAMS 0x000000074ba00000| PB 0x000000074ba00000| Untracked 
|  94|0x000000074bc00000, 0x000000074bc00000, 0x000000074be00000|  0%| F|  |TAMS 0x000000074bc00000| PB 0x000000074bc00000| Untracked 
|  95|0x000000074be00000, 0x000000074be00000, 0x000000074c000000|  0%| F|  |TAMS 0x000000074be00000| PB 0x000000074be00000| Untracked 
|  96|0x000000074c000000, 0x000000074c000000, 0x000000074c200000|  0%| F|  |TAMS 0x000000074c000000| PB 0x000000074c000000| Untracked 
|  97|0x000000074c200000, 0x000000074c200000, 0x000000074c400000|  0%| F|  |TAMS 0x000000074c200000| PB 0x000000074c200000| Untracked 
|  98|0x000000074c400000, 0x000000074c400000, 0x000000074c600000|  0%| F|  |TAMS 0x000000074c400000| PB 0x000000074c400000| Untracked 
|  99|0x000000074c600000, 0x000000074c600000, 0x000000074c800000|  0%| F|  |TAMS 0x000000074c600000| PB 0x000000074c600000| Untracked 
| 100|0x000000074c800000, 0x000000074c800000, 0x000000074ca00000|  0%| F|  |TAMS 0x000000074c800000| PB 0x000000074c800000| Untracked 
| 101|0x000000074ca00000, 0x000000074ca00000, 0x000000074cc00000|  0%| F|  |TAMS 0x000000074ca00000| PB 0x000000074ca00000| Untracked 
| 102|0x000000074cc00000, 0x000000074cc00000, 0x000000074ce00000|  0%| F|  |TAMS 0x000000074cc00000| PB 0x000000074cc00000| Untracked 
| 103|0x000000074ce00000, 0x000000074ce00000, 0x000000074d000000|  0%| F|  |TAMS 0x000000074ce00000| PB 0x000000074ce00000| Untracked 
| 104|0x000000074d000000, 0x000000074d000000, 0x000000074d200000|  0%| F|  |TAMS 0x000000074d000000| PB 0x000000074d000000| Untracked 
| 105|0x000000074d200000, 0x000000074d200000, 0x000000074d400000|  0%| F|  |TAMS 0x000000074d200000| PB 0x000000074d200000| Untracked 
| 106|0x000000074d400000, 0x000000074d400000, 0x000000074d600000|  0%| F|  |TAMS 0x000000074d400000| PB 0x000000074d400000| Untracked 
| 107|0x000000074d600000, 0x000000074d600000, 0x000000074d800000|  0%| F|  |TAMS 0x000000074d600000| PB 0x000000074d600000| Untracked 
| 108|0x000000074d800000, 0x000000074d800000, 0x000000074da00000|  0%| F|  |TAMS 0x000000074d800000| PB 0x000000074d800000| Untracked 
| 109|0x000000074da00000, 0x000000074da00000, 0x000000074dc00000|  0%| F|  |TAMS 0x000000074da00000| PB 0x000000074da00000| Untracked 
| 110|0x000000074dc00000, 0x000000074dc00000, 0x000000074de00000|  0%| F|  |TAMS 0x000000074dc00000| PB 0x000000074dc00000| Untracked 
| 111|0x000000074de00000, 0x000000074de00000, 0x000000074e000000|  0%| F|  |TAMS 0x000000074de00000| PB 0x000000074de00000| Untracked 
| 112|0x000000074e000000, 0x000000074e000000, 0x000000074e200000|  0%| F|  |TAMS 0x000000074e000000| PB 0x000000074e000000| Untracked 
| 113|0x000000074e200000, 0x000000074e200000, 0x000000074e400000|  0%| F|  |TAMS 0x000000074e200000| PB 0x000000074e200000| Untracked 
| 114|0x000000074e400000, 0x000000074e400000, 0x000000074e600000|  0%| F|  |TAMS 0x000000074e400000| PB 0x000000074e400000| Untracked 
| 115|0x000000074e600000, 0x000000074e600000, 0x000000074e800000|  0%| F|  |TAMS 0x000000074e600000| PB 0x000000074e600000| Untracked 
| 116|0x000000074e800000, 0x000000074e800000, 0x000000074ea00000|  0%| F|  |TAMS 0x000000074e800000| PB 0x000000074e800000| Untracked 
| 117|0x000000074ea00000, 0x000000074ea00000, 0x000000074ec00000|  0%| F|  |TAMS 0x000000074ea00000| PB 0x000000074ea00000| Untracked 
| 118|0x000000074ec00000, 0x000000074ec00000, 0x000000074ee00000|  0%| F|  |TAMS 0x000000074ec00000| PB 0x000000074ec00000| Untracked 
| 119|0x000000074ee00000, 0x000000074ee00000, 0x000000074f000000|  0%| F|  |TAMS 0x000000074ee00000| PB 0x000000074ee00000| Untracked 
| 120|0x000000074f000000, 0x000000074f000000, 0x000000074f200000|  0%| F|  |TAMS 0x000000074f000000| PB 0x000000074f000000| Untracked 
| 121|0x000000074f200000, 0x000000074f200000, 0x000000074f400000|  0%| F|  |TAMS 0x000000074f200000| PB 0x000000074f200000| Untracked 
| 122|0x000000074f400000, 0x000000074f400000, 0x000000074f600000|  0%| F|  |TAMS 0x000000074f400000| PB 0x000000074f400000| Untracked 
| 123|0x000000074f600000, 0x000000074f600000, 0x000000074f800000|  0%| F|  |TAMS 0x000000074f600000| PB 0x000000074f600000| Untracked 
| 124|0x000000074f800000, 0x000000074f800000, 0x000000074fa00000|  0%| F|  |TAMS 0x000000074f800000| PB 0x000000074f800000| Untracked 
| 125|0x000000074fa00000, 0x000000074fa00000, 0x000000074fc00000|  0%| F|  |TAMS 0x000000074fa00000| PB 0x000000074fa00000| Untracked 
| 126|0x000000074fc00000, 0x000000074fc00000, 0x000000074fe00000|  0%| F|  |TAMS 0x000000074fc00000| PB 0x000000074fc00000| Untracked 
| 127|0x000000074fe00000, 0x000000074fe00000, 0x0000000750000000|  0%| F|  |TAMS 0x000000074fe00000| PB 0x000000074fe00000| Untracked 
| 128|0x0000000750000000, 0x0000000750000000, 0x0000000750200000|  0%| F|  |TAMS 0x0000000750000000| PB 0x0000000750000000| Untracked 
| 129|0x0000000750200000, 0x0000000750200000, 0x0000000750400000|  0%| F|  |TAMS 0x0000000750200000| PB 0x0000000750200000| Untracked 
| 130|0x0000000750400000, 0x0000000750400000, 0x0000000750600000|  0%| F|  |TAMS 0x0000000750400000| PB 0x0000000750400000| Untracked 
| 131|0x0000000750600000, 0x0000000750600000, 0x0000000750800000|  0%| F|  |TAMS 0x0000000750600000| PB 0x0000000750600000| Untracked 
| 132|0x0000000750800000, 0x0000000750800000, 0x0000000750a00000|  0%| F|  |TAMS 0x0000000750800000| PB 0x0000000750800000| Untracked 
| 133|0x0000000750a00000, 0x0000000750a00000, 0x0000000750c00000|  0%| F|  |TAMS 0x0000000750a00000| PB 0x0000000750a00000| Untracked 
| 134|0x0000000750c00000, 0x0000000750c00000, 0x0000000750e00000|  0%| F|  |TAMS 0x0000000750c00000| PB 0x0000000750c00000| Untracked 
| 135|0x0000000750e00000, 0x0000000750e00000, 0x0000000751000000|  0%| F|  |TAMS 0x0000000750e00000| PB 0x0000000750e00000| Untracked 
| 136|0x0000000751000000, 0x0000000751000000, 0x0000000751200000|  0%| F|  |TAMS 0x0000000751000000| PB 0x0000000751000000| Untracked 
| 137|0x0000000751200000, 0x0000000751200000, 0x0000000751400000|  0%| F|  |TAMS 0x0000000751200000| PB 0x0000000751200000| Untracked 
| 138|0x0000000751400000, 0x0000000751400000, 0x0000000751600000|  0%| F|  |TAMS 0x0000000751400000| PB 0x0000000751400000| Untracked 
| 139|0x0000000751600000, 0x0000000751600000, 0x0000000751800000|  0%| F|  |TAMS 0x0000000751600000| PB 0x0000000751600000| Untracked 
| 140|0x0000000751800000, 0x0000000751800000, 0x0000000751a00000|  0%| F|  |TAMS 0x0000000751800000| PB 0x0000000751800000| Untracked 
| 141|0x0000000751a00000, 0x0000000751a00000, 0x0000000751c00000|  0%| F|  |TAMS 0x0000000751a00000| PB 0x0000000751a00000| Untracked 
| 142|0x0000000751c00000, 0x0000000751c00000, 0x0000000751e00000|  0%| F|  |TAMS 0x0000000751c00000| PB 0x0000000751c00000| Untracked 
| 143|0x0000000751e00000, 0x0000000751e00000, 0x0000000752000000|  0%| F|  |TAMS 0x0000000751e00000| PB 0x0000000751e00000| Untracked 
| 144|0x0000000752000000, 0x0000000752000000, 0x0000000752200000|  0%| F|  |TAMS 0x0000000752000000| PB 0x0000000752000000| Untracked 
| 145|0x0000000752200000, 0x0000000752200000, 0x0000000752400000|  0%| F|  |TAMS 0x0000000752200000| PB 0x0000000752200000| Untracked 
| 146|0x0000000752400000, 0x0000000752400000, 0x0000000752600000|  0%| F|  |TAMS 0x0000000752400000| PB 0x0000000752400000| Untracked 
| 147|0x0000000752600000, 0x0000000752600000, 0x0000000752800000|  0%| F|  |TAMS 0x0000000752600000| PB 0x0000000752600000| Untracked 
| 148|0x0000000752800000, 0x0000000752800000, 0x0000000752a00000|  0%| F|  |TAMS 0x0000000752800000| PB 0x0000000752800000| Untracked 
| 149|0x0000000752a00000, 0x0000000752a00000, 0x0000000752c00000|  0%| F|  |TAMS 0x0000000752a00000| PB 0x0000000752a00000| Untracked 
| 150|0x0000000752c00000, 0x0000000752c00000, 0x0000000752e00000|  0%| F|  |TAMS 0x0000000752c00000| PB 0x0000000752c00000| Untracked 
| 151|0x0000000752e00000, 0x0000000752e00000, 0x0000000753000000|  0%| F|  |TAMS 0x0000000752e00000| PB 0x0000000752e00000| Untracked 
| 152|0x0000000753000000, 0x0000000753000000, 0x0000000753200000|  0%| F|  |TAMS 0x0000000753000000| PB 0x0000000753000000| Untracked 
| 153|0x0000000753200000, 0x0000000753200000, 0x0000000753400000|  0%| F|  |TAMS 0x0000000753200000| PB 0x0000000753200000| Untracked 
| 154|0x0000000753400000, 0x0000000753400000, 0x0000000753600000|  0%| F|  |TAMS 0x0000000753400000| PB 0x0000000753400000| Untracked 
| 155|0x0000000753600000, 0x0000000753600000, 0x0000000753800000|  0%| F|  |TAMS 0x0000000753600000| PB 0x0000000753600000| Untracked 
| 156|0x0000000753800000, 0x0000000753800000, 0x0000000753a00000|  0%| F|  |TAMS 0x0000000753800000| PB 0x0000000753800000| Untracked 
| 157|0x0000000753a00000, 0x0000000753a00000, 0x0000000753c00000|  0%| F|  |TAMS 0x0000000753a00000| PB 0x0000000753a00000| Untracked 
| 158|0x0000000753c00000, 0x0000000753c00000, 0x0000000753e00000|  0%| F|  |TAMS 0x0000000753c00000| PB 0x0000000753c00000| Untracked 
| 159|0x0000000753e00000, 0x0000000753e00000, 0x0000000754000000|  0%| F|  |TAMS 0x0000000753e00000| PB 0x0000000753e00000| Untracked 
| 160|0x0000000754000000, 0x0000000754000000, 0x0000000754200000|  0%| F|  |TAMS 0x0000000754000000| PB 0x0000000754000000| Untracked 
| 161|0x0000000754200000, 0x0000000754200000, 0x0000000754400000|  0%| F|  |TAMS 0x0000000754200000| PB 0x0000000754200000| Untracked 
| 162|0x0000000754400000, 0x0000000754400000, 0x0000000754600000|  0%| F|  |TAMS 0x0000000754400000| PB 0x0000000754400000| Untracked 
| 163|0x0000000754600000, 0x0000000754600000, 0x0000000754800000|  0%| F|  |TAMS 0x0000000754600000| PB 0x0000000754600000| Untracked 
| 164|0x0000000754800000, 0x0000000754800000, 0x0000000754a00000|  0%| F|  |TAMS 0x0000000754800000| PB 0x0000000754800000| Untracked 
| 165|0x0000000754a00000, 0x0000000754a00000, 0x0000000754c00000|  0%| F|  |TAMS 0x0000000754a00000| PB 0x0000000754a00000| Untracked 
| 166|0x0000000754c00000, 0x0000000754c00000, 0x0000000754e00000|  0%| F|  |TAMS 0x0000000754c00000| PB 0x0000000754c00000| Untracked 
| 167|0x0000000754e00000, 0x0000000754e00000, 0x0000000755000000|  0%| F|  |TAMS 0x0000000754e00000| PB 0x0000000754e00000| Untracked 
| 168|0x0000000755000000, 0x0000000755000000, 0x0000000755200000|  0%| F|  |TAMS 0x0000000755000000| PB 0x0000000755000000| Untracked 
| 169|0x0000000755200000, 0x0000000755200000, 0x0000000755400000|  0%| F|  |TAMS 0x0000000755200000| PB 0x0000000755200000| Untracked 
| 170|0x0000000755400000, 0x0000000755400000, 0x0000000755600000|  0%| F|  |TAMS 0x0000000755400000| PB 0x0000000755400000| Untracked 
| 171|0x0000000755600000, 0x0000000755600000, 0x0000000755800000|  0%| F|  |TAMS 0x0000000755600000| PB 0x0000000755600000| Untracked 
| 172|0x0000000755800000, 0x0000000755800000, 0x0000000755a00000|  0%| F|  |TAMS 0x0000000755800000| PB 0x0000000755800000| Untracked 
| 173|0x0000000755a00000, 0x0000000755a00000, 0x0000000755c00000|  0%| F|  |TAMS 0x0000000755a00000| PB 0x0000000755a00000| Untracked 
| 174|0x0000000755c00000, 0x0000000755c00000, 0x0000000755e00000|  0%| F|  |TAMS 0x0000000755c00000| PB 0x0000000755c00000| Untracked 
| 175|0x0000000755e00000, 0x0000000755e00000, 0x0000000756000000|  0%| F|  |TAMS 0x0000000755e00000| PB 0x0000000755e00000| Untracked 
| 176|0x0000000756000000, 0x0000000756000000, 0x0000000756200000|  0%| F|  |TAMS 0x0000000756000000| PB 0x0000000756000000| Untracked 
| 177|0x0000000756200000, 0x0000000756200000, 0x0000000756400000|  0%| F|  |TAMS 0x0000000756200000| PB 0x0000000756200000| Untracked 
| 178|0x0000000756400000, 0x0000000756400000, 0x0000000756600000|  0%| F|  |TAMS 0x0000000756400000| PB 0x0000000756400000| Untracked 
| 179|0x0000000756600000, 0x0000000756600000, 0x0000000756800000|  0%| F|  |TAMS 0x0000000756600000| PB 0x0000000756600000| Untracked 
| 180|0x0000000756800000, 0x0000000756800000, 0x0000000756a00000|  0%| F|  |TAMS 0x0000000756800000| PB 0x0000000756800000| Untracked 
| 181|0x0000000756a00000, 0x0000000756a00000, 0x0000000756c00000|  0%| F|  |TAMS 0x0000000756a00000| PB 0x0000000756a00000| Untracked 
| 182|0x0000000756c00000, 0x0000000756c00000, 0x0000000756e00000|  0%| F|  |TAMS 0x0000000756c00000| PB 0x0000000756c00000| Untracked 
| 183|0x0000000756e00000, 0x0000000756e00000, 0x0000000757000000|  0%| F|  |TAMS 0x0000000756e00000| PB 0x0000000756e00000| Untracked 
| 184|0x0000000757000000, 0x0000000757000000, 0x0000000757200000|  0%| F|  |TAMS 0x0000000757000000| PB 0x0000000757000000| Untracked 
| 185|0x0000000757200000, 0x0000000757200000, 0x0000000757400000|  0%| F|  |TAMS 0x0000000757200000| PB 0x0000000757200000| Untracked 
| 186|0x0000000757400000, 0x0000000757400000, 0x0000000757600000|  0%| F|  |TAMS 0x0000000757400000| PB 0x0000000757400000| Untracked 
| 187|0x0000000757600000, 0x0000000757600000, 0x0000000757800000|  0%| F|  |TAMS 0x0000000757600000| PB 0x0000000757600000| Untracked 
| 188|0x0000000757800000, 0x0000000757800000, 0x0000000757a00000|  0%| F|  |TAMS 0x0000000757800000| PB 0x0000000757800000| Untracked 
| 189|0x0000000757a00000, 0x0000000757a00000, 0x0000000757c00000|  0%| F|  |TAMS 0x0000000757a00000| PB 0x0000000757a00000| Untracked 
| 190|0x0000000757c00000, 0x0000000757c00000, 0x0000000757e00000|  0%| F|  |TAMS 0x0000000757c00000| PB 0x0000000757c00000| Untracked 
| 191|0x0000000757e00000, 0x0000000757e00000, 0x0000000758000000|  0%| F|  |TAMS 0x0000000757e00000| PB 0x0000000757e00000| Untracked 
| 192|0x0000000758000000, 0x0000000758000000, 0x0000000758200000|  0%| F|  |TAMS 0x0000000758000000| PB 0x0000000758000000| Untracked 
| 193|0x0000000758200000, 0x0000000758200000, 0x0000000758400000|  0%| F|  |TAMS 0x0000000758200000| PB 0x0000000758200000| Untracked 
| 194|0x0000000758400000, 0x0000000758400000, 0x0000000758600000|  0%| F|  |TAMS 0x0000000758400000| PB 0x0000000758400000| Untracked 
| 195|0x0000000758600000, 0x0000000758600000, 0x0000000758800000|  0%| F|  |TAMS 0x0000000758600000| PB 0x0000000758600000| Untracked 
| 196|0x0000000758800000, 0x0000000758800000, 0x0000000758a00000|  0%| F|  |TAMS 0x0000000758800000| PB 0x0000000758800000| Untracked 
| 197|0x0000000758a00000, 0x0000000758a00000, 0x0000000758c00000|  0%| F|  |TAMS 0x0000000758a00000| PB 0x0000000758a00000| Untracked 
| 198|0x0000000758c00000, 0x0000000758c00000, 0x0000000758e00000|  0%| F|  |TAMS 0x0000000758c00000| PB 0x0000000758c00000| Untracked 
| 199|0x0000000758e00000, 0x0000000758e00000, 0x0000000759000000|  0%| F|  |TAMS 0x0000000758e00000| PB 0x0000000758e00000| Untracked 
| 200|0x0000000759000000, 0x0000000759000000, 0x0000000759200000|  0%| F|  |TAMS 0x0000000759000000| PB 0x0000000759000000| Untracked 
| 201|0x0000000759200000, 0x0000000759200000, 0x0000000759400000|  0%| F|  |TAMS 0x0000000759200000| PB 0x0000000759200000| Untracked 
| 202|0x0000000759400000, 0x0000000759400000, 0x0000000759600000|  0%| F|  |TAMS 0x0000000759400000| PB 0x0000000759400000| Untracked 
| 203|0x0000000759600000, 0x0000000759600000, 0x0000000759800000|  0%| F|  |TAMS 0x0000000759600000| PB 0x0000000759600000| Untracked 
| 204|0x0000000759800000, 0x0000000759800000, 0x0000000759a00000|  0%| F|  |TAMS 0x0000000759800000| PB 0x0000000759800000| Untracked 
| 205|0x0000000759a00000, 0x0000000759a00000, 0x0000000759c00000|  0%| F|  |TAMS 0x0000000759a00000| PB 0x0000000759a00000| Untracked 
| 206|0x0000000759c00000, 0x0000000759c00000, 0x0000000759e00000|  0%| F|  |TAMS 0x0000000759c00000| PB 0x0000000759c00000| Untracked 
| 207|0x0000000759e00000, 0x0000000759e00000, 0x000000075a000000|  0%| F|  |TAMS 0x0000000759e00000| PB 0x0000000759e00000| Untracked 
| 208|0x000000075a000000, 0x000000075a000000, 0x000000075a200000|  0%| F|  |TAMS 0x000000075a000000| PB 0x000000075a000000| Untracked 
| 209|0x000000075a200000, 0x000000075a200000, 0x000000075a400000|  0%| F|  |TAMS 0x000000075a200000| PB 0x000000075a200000| Untracked 
| 210|0x000000075a400000, 0x000000075a400000, 0x000000075a600000|  0%| F|  |TAMS 0x000000075a400000| PB 0x000000075a400000| Untracked 
| 211|0x000000075a600000, 0x000000075a600000, 0x000000075a800000|  0%| F|  |TAMS 0x000000075a600000| PB 0x000000075a600000| Untracked 
| 212|0x000000075a800000, 0x000000075a800000, 0x000000075aa00000|  0%| F|  |TAMS 0x000000075a800000| PB 0x000000075a800000| Untracked 
| 213|0x000000075aa00000, 0x000000075aa00000, 0x000000075ac00000|  0%| F|  |TAMS 0x000000075aa00000| PB 0x000000075aa00000| Untracked 
| 214|0x000000075ac00000, 0x000000075ac00000, 0x000000075ae00000|  0%| F|  |TAMS 0x000000075ac00000| PB 0x000000075ac00000| Untracked 
| 215|0x000000075ae00000, 0x000000075ae00000, 0x000000075b000000|  0%| F|  |TAMS 0x000000075ae00000| PB 0x000000075ae00000| Untracked 
| 216|0x000000075b000000, 0x000000075b000000, 0x000000075b200000|  0%| F|  |TAMS 0x000000075b000000| PB 0x000000075b000000| Untracked 
| 217|0x000000075b200000, 0x000000075b200000, 0x000000075b400000|  0%| F|  |TAMS 0x000000075b200000| PB 0x000000075b200000| Untracked 
| 218|0x000000075b400000, 0x000000075b400000, 0x000000075b600000|  0%| F|  |TAMS 0x000000075b400000| PB 0x000000075b400000| Untracked 
| 219|0x000000075b600000, 0x000000075b600000, 0x000000075b800000|  0%| F|  |TAMS 0x000000075b600000| PB 0x000000075b600000| Untracked 
| 220|0x000000075b800000, 0x000000075b800000, 0x000000075ba00000|  0%| F|  |TAMS 0x000000075b800000| PB 0x000000075b800000| Untracked 
| 221|0x000000075ba00000, 0x000000075ba00000, 0x000000075bc00000|  0%| F|  |TAMS 0x000000075ba00000| PB 0x000000075ba00000| Untracked 
| 222|0x000000075bc00000, 0x000000075bc00000, 0x000000075be00000|  0%| F|  |TAMS 0x000000075bc00000| PB 0x000000075bc00000| Untracked 
| 223|0x000000075be00000, 0x000000075be00000, 0x000000075c000000|  0%| F|  |TAMS 0x000000075be00000| PB 0x000000075be00000| Untracked 
| 224|0x000000075c000000, 0x000000075c000000, 0x000000075c200000|  0%| F|  |TAMS 0x000000075c000000| PB 0x000000075c000000| Untracked 
| 225|0x000000075c200000, 0x000000075c200000, 0x000000075c400000|  0%| F|  |TAMS 0x000000075c200000| PB 0x000000075c200000| Untracked 
| 226|0x000000075c400000, 0x000000075c400000, 0x000000075c600000|  0%| F|  |TAMS 0x000000075c400000| PB 0x000000075c400000| Untracked 
| 227|0x000000075c600000, 0x000000075c600000, 0x000000075c800000|  0%| F|  |TAMS 0x000000075c600000| PB 0x000000075c600000| Untracked 
| 228|0x000000075c800000, 0x000000075c800000, 0x000000075ca00000|  0%| F|  |TAMS 0x000000075c800000| PB 0x000000075c800000| Untracked 
| 229|0x000000075ca00000, 0x000000075ca00000, 0x000000075cc00000|  0%| F|  |TAMS 0x000000075ca00000| PB 0x000000075ca00000| Untracked 
| 230|0x000000075cc00000, 0x000000075cc00000, 0x000000075ce00000|  0%| F|  |TAMS 0x000000075cc00000| PB 0x000000075cc00000| Untracked 
| 231|0x000000075ce00000, 0x000000075ce00000, 0x000000075d000000|  0%| F|  |TAMS 0x000000075ce00000| PB 0x000000075ce00000| Untracked 
| 232|0x000000075d000000, 0x000000075d000000, 0x000000075d200000|  0%| F|  |TAMS 0x000000075d000000| PB 0x000000075d000000| Untracked 
| 233|0x000000075d200000, 0x000000075d200000, 0x000000075d400000|  0%| F|  |TAMS 0x000000075d200000| PB 0x000000075d200000| Untracked 
| 234|0x000000075d400000, 0x000000075d400000, 0x000000075d600000|  0%| F|  |TAMS 0x000000075d400000| PB 0x000000075d400000| Untracked 
| 235|0x000000075d600000, 0x000000075d600000, 0x000000075d800000|  0%| F|  |TAMS 0x000000075d600000| PB 0x000000075d600000| Untracked 
| 236|0x000000075d800000, 0x000000075d800000, 0x000000075da00000|  0%| F|  |TAMS 0x000000075d800000| PB 0x000000075d800000| Untracked 
| 237|0x000000075da00000, 0x000000075da00000, 0x000000075dc00000|  0%| F|  |TAMS 0x000000075da00000| PB 0x000000075da00000| Untracked 
| 238|0x000000075dc00000, 0x000000075dc00000, 0x000000075de00000|  0%| F|  |TAMS 0x000000075dc00000| PB 0x000000075dc00000| Untracked 
| 239|0x000000075de00000, 0x000000075de00000, 0x000000075e000000|  0%| F|  |TAMS 0x000000075de00000| PB 0x000000075de00000| Untracked 
| 240|0x000000075e000000, 0x000000075e000000, 0x000000075e200000|  0%| F|  |TAMS 0x000000075e000000| PB 0x000000075e000000| Untracked 
| 241|0x000000075e200000, 0x000000075e200000, 0x000000075e400000|  0%| F|  |TAMS 0x000000075e200000| PB 0x000000075e200000| Untracked 
| 242|0x000000075e400000, 0x000000075e400000, 0x000000075e600000|  0%| F|  |TAMS 0x000000075e400000| PB 0x000000075e400000| Untracked 
| 243|0x000000075e600000, 0x000000075e600000, 0x000000075e800000|  0%| F|  |TAMS 0x000000075e600000| PB 0x000000075e600000| Untracked 
| 244|0x000000075e800000, 0x000000075e800000, 0x000000075ea00000|  0%| F|  |TAMS 0x000000075e800000| PB 0x000000075e800000| Untracked 
| 245|0x000000075ea00000, 0x000000075ea00000, 0x000000075ec00000|  0%| F|  |TAMS 0x000000075ea00000| PB 0x000000075ea00000| Untracked 
| 246|0x000000075ec00000, 0x000000075ec00000, 0x000000075ee00000|  0%| F|  |TAMS 0x000000075ec00000| PB 0x000000075ec00000| Untracked 
| 247|0x000000075ee00000, 0x000000075ee00000, 0x000000075f000000|  0%| F|  |TAMS 0x000000075ee00000| PB 0x000000075ee00000| Untracked 
| 248|0x000000075f000000, 0x000000075f000000, 0x000000075f200000|  0%| F|  |TAMS 0x000000075f000000| PB 0x000000075f000000| Untracked 
| 249|0x000000075f200000, 0x000000075f200000, 0x000000075f400000|  0%| F|  |TAMS 0x000000075f200000| PB 0x000000075f200000| Untracked 
| 250|0x000000075f400000, 0x000000075f400000, 0x000000075f600000|  0%| F|  |TAMS 0x000000075f400000| PB 0x000000075f400000| Untracked 
| 251|0x000000075f600000, 0x000000075f600000, 0x000000075f800000|  0%| F|  |TAMS 0x000000075f600000| PB 0x000000075f600000| Untracked 
| 252|0x000000075f800000, 0x000000075f800000, 0x000000075fa00000|  0%| F|  |TAMS 0x000000075f800000| PB 0x000000075f800000| Untracked 
| 253|0x000000075fa00000, 0x000000075fa00000, 0x000000075fc00000|  0%| F|  |TAMS 0x000000075fa00000| PB 0x000000075fa00000| Untracked 
| 254|0x000000075fc00000, 0x000000075fc00000, 0x000000075fe00000|  0%| F|  |TAMS 0x000000075fc00000| PB 0x000000075fc00000| Untracked 
| 255|0x000000075fe00000, 0x000000075fe00000, 0x0000000760000000|  0%| F|  |TAMS 0x000000075fe00000| PB 0x000000075fe00000| Untracked 
| 256|0x0000000760000000, 0x0000000760000000, 0x0000000760200000|  0%| F|  |TAMS 0x0000000760000000| PB 0x0000000760000000| Untracked 
| 257|0x0000000760200000, 0x0000000760200000, 0x0000000760400000|  0%| F|  |TAMS 0x0000000760200000| PB 0x0000000760200000| Untracked 
| 258|0x0000000760400000, 0x0000000760400000, 0x0000000760600000|  0%| F|  |TAMS 0x0000000760400000| PB 0x0000000760400000| Untracked 
| 259|0x0000000760600000, 0x0000000760600000, 0x0000000760800000|  0%| F|  |TAMS 0x0000000760600000| PB 0x0000000760600000| Untracked 
| 260|0x0000000760800000, 0x0000000760800000, 0x0000000760a00000|  0%| F|  |TAMS 0x0000000760800000| PB 0x0000000760800000| Untracked 
| 261|0x0000000760a00000, 0x0000000760a00000, 0x0000000760c00000|  0%| F|  |TAMS 0x0000000760a00000| PB 0x0000000760a00000| Untracked 
| 262|0x0000000760c00000, 0x0000000760c00000, 0x0000000760e00000|  0%| F|  |TAMS 0x0000000760c00000| PB 0x0000000760c00000| Untracked 
| 263|0x0000000760e00000, 0x0000000760e00000, 0x0000000761000000|  0%| F|  |TAMS 0x0000000760e00000| PB 0x0000000760e00000| Untracked 
| 264|0x0000000761000000, 0x0000000761000000, 0x0000000761200000|  0%| F|  |TAMS 0x0000000761000000| PB 0x0000000761000000| Untracked 
| 265|0x0000000761200000, 0x0000000761200000, 0x0000000761400000|  0%| F|  |TAMS 0x0000000761200000| PB 0x0000000761200000| Untracked 
| 266|0x0000000761400000, 0x0000000761400000, 0x0000000761600000|  0%| F|  |TAMS 0x0000000761400000| PB 0x0000000761400000| Untracked 
| 267|0x0000000761600000, 0x0000000761600000, 0x0000000761800000|  0%| F|  |TAMS 0x0000000761600000| PB 0x0000000761600000| Untracked 
| 268|0x0000000761800000, 0x0000000761800000, 0x0000000761a00000|  0%| F|  |TAMS 0x0000000761800000| PB 0x0000000761800000| Untracked 
| 269|0x0000000761a00000, 0x0000000761a00000, 0x0000000761c00000|  0%| F|  |TAMS 0x0000000761a00000| PB 0x0000000761a00000| Untracked 
| 270|0x0000000761c00000, 0x0000000761c00000, 0x0000000761e00000|  0%| F|  |TAMS 0x0000000761c00000| PB 0x0000000761c00000| Untracked 
| 271|0x0000000761e00000, 0x0000000761e00000, 0x0000000762000000|  0%| F|  |TAMS 0x0000000761e00000| PB 0x0000000761e00000| Untracked 
| 272|0x0000000762000000, 0x0000000762000000, 0x0000000762200000|  0%| F|  |TAMS 0x0000000762000000| PB 0x0000000762000000| Untracked 
| 273|0x0000000762200000, 0x0000000762200000, 0x0000000762400000|  0%| F|  |TAMS 0x0000000762200000| PB 0x0000000762200000| Untracked 
| 274|0x0000000762400000, 0x0000000762400000, 0x0000000762600000|  0%| F|  |TAMS 0x0000000762400000| PB 0x0000000762400000| Untracked 
| 275|0x0000000762600000, 0x0000000762600000, 0x0000000762800000|  0%| F|  |TAMS 0x0000000762600000| PB 0x0000000762600000| Untracked 
| 276|0x0000000762800000, 0x0000000762800000, 0x0000000762a00000|  0%| F|  |TAMS 0x0000000762800000| PB 0x0000000762800000| Untracked 
| 277|0x0000000762a00000, 0x0000000762a00000, 0x0000000762c00000|  0%| F|  |TAMS 0x0000000762a00000| PB 0x0000000762a00000| Untracked 
| 278|0x0000000762c00000, 0x0000000762c00000, 0x0000000762e00000|  0%| F|  |TAMS 0x0000000762c00000| PB 0x0000000762c00000| Untracked 
| 279|0x0000000762e00000, 0x0000000762e00000, 0x0000000763000000|  0%| F|  |TAMS 0x0000000762e00000| PB 0x0000000762e00000| Untracked 
| 280|0x0000000763000000, 0x0000000763000000, 0x0000000763200000|  0%| F|  |TAMS 0x0000000763000000| PB 0x0000000763000000| Untracked 
| 281|0x0000000763200000, 0x0000000763200000, 0x0000000763400000|  0%| F|  |TAMS 0x0000000763200000| PB 0x0000000763200000| Untracked 
| 282|0x0000000763400000, 0x0000000763400000, 0x0000000763600000|  0%| F|  |TAMS 0x0000000763400000| PB 0x0000000763400000| Untracked 
| 283|0x0000000763600000, 0x0000000763600000, 0x0000000763800000|  0%| F|  |TAMS 0x0000000763600000| PB 0x0000000763600000| Untracked 
| 284|0x0000000763800000, 0x0000000763800000, 0x0000000763a00000|  0%| F|  |TAMS 0x0000000763800000| PB 0x0000000763800000| Untracked 
| 285|0x0000000763a00000, 0x0000000763a00000, 0x0000000763c00000|  0%| F|  |TAMS 0x0000000763a00000| PB 0x0000000763a00000| Untracked 
| 286|0x0000000763c00000, 0x0000000763c00000, 0x0000000763e00000|  0%| F|  |TAMS 0x0000000763c00000| PB 0x0000000763c00000| Untracked 
| 287|0x0000000763e00000, 0x0000000763e00000, 0x0000000764000000|  0%| F|  |TAMS 0x0000000763e00000| PB 0x0000000763e00000| Untracked 
| 288|0x0000000764000000, 0x0000000764000000, 0x0000000764200000|  0%| F|  |TAMS 0x0000000764000000| PB 0x0000000764000000| Untracked 
| 289|0x0000000764200000, 0x0000000764200000, 0x0000000764400000|  0%| F|  |TAMS 0x0000000764200000| PB 0x0000000764200000| Untracked 
| 290|0x0000000764400000, 0x0000000764400000, 0x0000000764600000|  0%| F|  |TAMS 0x0000000764400000| PB 0x0000000764400000| Untracked 
| 291|0x0000000764600000, 0x0000000764600000, 0x0000000764800000|  0%| F|  |TAMS 0x0000000764600000| PB 0x0000000764600000| Untracked 
| 292|0x0000000764800000, 0x0000000764800000, 0x0000000764a00000|  0%| F|  |TAMS 0x0000000764800000| PB 0x0000000764800000| Untracked 
| 293|0x0000000764a00000, 0x0000000764a00000, 0x0000000764c00000|  0%| F|  |TAMS 0x0000000764a00000| PB 0x0000000764a00000| Untracked 
| 294|0x0000000764c00000, 0x0000000764c00000, 0x0000000764e00000|  0%| F|  |TAMS 0x0000000764c00000| PB 0x0000000764c00000| Untracked 
| 295|0x0000000764e00000, 0x0000000764e00000, 0x0000000765000000|  0%| F|  |TAMS 0x0000000764e00000| PB 0x0000000764e00000| Untracked 
| 296|0x0000000765000000, 0x0000000765000000, 0x0000000765200000|  0%| F|  |TAMS 0x0000000765000000| PB 0x0000000765000000| Untracked 
| 297|0x0000000765200000, 0x0000000765200000, 0x0000000765400000|  0%| F|  |TAMS 0x0000000765200000| PB 0x0000000765200000| Untracked 
| 298|0x0000000765400000, 0x0000000765400000, 0x0000000765600000|  0%| F|  |TAMS 0x0000000765400000| PB 0x0000000765400000| Untracked 
| 299|0x0000000765600000, 0x0000000765600000, 0x0000000765800000|  0%| F|  |TAMS 0x0000000765600000| PB 0x0000000765600000| Untracked 
| 300|0x0000000765800000, 0x0000000765800000, 0x0000000765a00000|  0%| F|  |TAMS 0x0000000765800000| PB 0x0000000765800000| Untracked 
| 301|0x0000000765a00000, 0x0000000765a00000, 0x0000000765c00000|  0%| F|  |TAMS 0x0000000765a00000| PB 0x0000000765a00000| Untracked 
| 302|0x0000000765c00000, 0x0000000765c00000, 0x0000000765e00000|  0%| F|  |TAMS 0x0000000765c00000| PB 0x0000000765c00000| Untracked 
| 303|0x0000000765e00000, 0x0000000765e00000, 0x0000000766000000|  0%| F|  |TAMS 0x0000000765e00000| PB 0x0000000765e00000| Untracked 
| 304|0x0000000766000000, 0x0000000766000000, 0x0000000766200000|  0%| F|  |TAMS 0x0000000766000000| PB 0x0000000766000000| Untracked 
| 305|0x0000000766200000, 0x0000000766200000, 0x0000000766400000|  0%| F|  |TAMS 0x0000000766200000| PB 0x0000000766200000| Untracked 
| 306|0x0000000766400000, 0x0000000766400000, 0x0000000766600000|  0%| F|  |TAMS 0x0000000766400000| PB 0x0000000766400000| Untracked 
| 307|0x0000000766600000, 0x0000000766600000, 0x0000000766800000|  0%| F|  |TAMS 0x0000000766600000| PB 0x0000000766600000| Untracked 
| 308|0x0000000766800000, 0x0000000766800000, 0x0000000766a00000|  0%| F|  |TAMS 0x0000000766800000| PB 0x0000000766800000| Untracked 
| 309|0x0000000766a00000, 0x0000000766a00000, 0x0000000766c00000|  0%| F|  |TAMS 0x0000000766a00000| PB 0x0000000766a00000| Untracked 
| 310|0x0000000766c00000, 0x0000000766c00000, 0x0000000766e00000|  0%| F|  |TAMS 0x0000000766c00000| PB 0x0000000766c00000| Untracked 
| 311|0x0000000766e00000, 0x0000000766e00000, 0x0000000767000000|  0%| F|  |TAMS 0x0000000766e00000| PB 0x0000000766e00000| Untracked 
| 312|0x0000000767000000, 0x0000000767000000, 0x0000000767200000|  0%| F|  |TAMS 0x0000000767000000| PB 0x0000000767000000| Untracked 
| 313|0x0000000767200000, 0x0000000767200000, 0x0000000767400000|  0%| F|  |TAMS 0x0000000767200000| PB 0x0000000767200000| Untracked 
| 314|0x0000000767400000, 0x0000000767400000, 0x0000000767600000|  0%| F|  |TAMS 0x0000000767400000| PB 0x0000000767400000| Untracked 
| 315|0x0000000767600000, 0x0000000767600000, 0x0000000767800000|  0%| F|  |TAMS 0x0000000767600000| PB 0x0000000767600000| Untracked 
| 316|0x0000000767800000, 0x0000000767800000, 0x0000000767a00000|  0%| F|  |TAMS 0x0000000767800000| PB 0x0000000767800000| Untracked 
| 317|0x0000000767a00000, 0x0000000767a00000, 0x0000000767c00000|  0%| F|  |TAMS 0x0000000767a00000| PB 0x0000000767a00000| Untracked 
| 318|0x0000000767c00000, 0x0000000767c00000, 0x0000000767e00000|  0%| F|  |TAMS 0x0000000767c00000| PB 0x0000000767c00000| Untracked 
| 319|0x0000000767e00000, 0x0000000767e00000, 0x0000000768000000|  0%| F|  |TAMS 0x0000000767e00000| PB 0x0000000767e00000| Untracked 
| 320|0x0000000768000000, 0x0000000768000000, 0x0000000768200000|  0%| F|  |TAMS 0x0000000768000000| PB 0x0000000768000000| Untracked 
| 321|0x0000000768200000, 0x0000000768200000, 0x0000000768400000|  0%| F|  |TAMS 0x0000000768200000| PB 0x0000000768200000| Untracked 
| 322|0x0000000768400000, 0x0000000768400000, 0x0000000768600000|  0%| F|  |TAMS 0x0000000768400000| PB 0x0000000768400000| Untracked 
| 323|0x0000000768600000, 0x0000000768600000, 0x0000000768800000|  0%| F|  |TAMS 0x0000000768600000| PB 0x0000000768600000| Untracked 
| 324|0x0000000768800000, 0x0000000768800000, 0x0000000768a00000|  0%| F|  |TAMS 0x0000000768800000| PB 0x0000000768800000| Untracked 
| 325|0x0000000768a00000, 0x0000000768a00000, 0x0000000768c00000|  0%| F|  |TAMS 0x0000000768a00000| PB 0x0000000768a00000| Untracked 
| 326|0x0000000768c00000, 0x0000000768c00000, 0x0000000768e00000|  0%| F|  |TAMS 0x0000000768c00000| PB 0x0000000768c00000| Untracked 
| 327|0x0000000768e00000, 0x0000000768e00000, 0x0000000769000000|  0%| F|  |TAMS 0x0000000768e00000| PB 0x0000000768e00000| Untracked 
| 328|0x0000000769000000, 0x0000000769000000, 0x0000000769200000|  0%| F|  |TAMS 0x0000000769000000| PB 0x0000000769000000| Untracked 
| 329|0x0000000769200000, 0x0000000769200000, 0x0000000769400000|  0%| F|  |TAMS 0x0000000769200000| PB 0x0000000769200000| Untracked 
| 330|0x0000000769400000, 0x0000000769400000, 0x0000000769600000|  0%| F|  |TAMS 0x0000000769400000| PB 0x0000000769400000| Untracked 
| 331|0x0000000769600000, 0x0000000769600000, 0x0000000769800000|  0%| F|  |TAMS 0x0000000769600000| PB 0x0000000769600000| Untracked 
| 332|0x0000000769800000, 0x0000000769800000, 0x0000000769a00000|  0%| F|  |TAMS 0x0000000769800000| PB 0x0000000769800000| Untracked 
| 333|0x0000000769a00000, 0x0000000769a00000, 0x0000000769c00000|  0%| F|  |TAMS 0x0000000769a00000| PB 0x0000000769a00000| Untracked 
| 334|0x0000000769c00000, 0x0000000769c00000, 0x0000000769e00000|  0%| F|  |TAMS 0x0000000769c00000| PB 0x0000000769c00000| Untracked 
| 335|0x0000000769e00000, 0x0000000769e00000, 0x000000076a000000|  0%| F|  |TAMS 0x0000000769e00000| PB 0x0000000769e00000| Untracked 
| 336|0x000000076a000000, 0x000000076a000000, 0x000000076a200000|  0%| F|  |TAMS 0x000000076a000000| PB 0x000000076a000000| Untracked 
| 337|0x000000076a200000, 0x000000076a200000, 0x000000076a400000|  0%| F|  |TAMS 0x000000076a200000| PB 0x000000076a200000| Untracked 
| 338|0x000000076a400000, 0x000000076a400000, 0x000000076a600000|  0%| F|  |TAMS 0x000000076a400000| PB 0x000000076a400000| Untracked 
| 339|0x000000076a600000, 0x000000076a600000, 0x000000076a800000|  0%| F|  |TAMS 0x000000076a600000| PB 0x000000076a600000| Untracked 
| 340|0x000000076a800000, 0x000000076a800000, 0x000000076aa00000|  0%| F|  |TAMS 0x000000076a800000| PB 0x000000076a800000| Untracked 
| 341|0x000000076aa00000, 0x000000076aaa1f68, 0x000000076ac00000| 31%| S|CS|TAMS 0x000000076aa00000| PB 0x000000076aa00000| Complete 
| 342|0x000000076ac00000, 0x000000076ac00000, 0x000000076ae00000|  0%| F|  |TAMS 0x000000076ac00000| PB 0x000000076ac00000| Untracked 
| 343|0x000000076ae00000, 0x000000076b000000, 0x000000076b000000|100%| S|CS|TAMS 0x000000076ae00000| PB 0x000000076ae00000| Complete 
| 344|0x000000076b000000, 0x000000076b000000, 0x000000076b200000|  0%| F|  |TAMS 0x000000076b000000| PB 0x000000076b000000| Untracked 
| 345|0x000000076b200000, 0x000000076b200000, 0x000000076b400000|  0%| F|  |TAMS 0x000000076b200000| PB 0x000000076b200000| Untracked 
| 346|0x000000076b400000, 0x000000076b400000, 0x000000076b600000|  0%| F|  |TAMS 0x000000076b400000| PB 0x000000076b400000| Untracked 
| 347|0x000000076b600000, 0x000000076b600000, 0x000000076b800000|  0%| F|  |TAMS 0x000000076b600000| PB 0x000000076b600000| Untracked 
| 348|0x000000076b800000, 0x000000076b800000, 0x000000076ba00000|  0%| F|  |TAMS 0x000000076b800000| PB 0x000000076b800000| Untracked 
| 349|0x000000076ba00000, 0x000000076ba00000, 0x000000076bc00000|  0%| F|  |TAMS 0x000000076ba00000| PB 0x000000076ba00000| Untracked 
| 350|0x000000076bc00000, 0x000000076bc00000, 0x000000076be00000|  0%| F|  |TAMS 0x000000076bc00000| PB 0x000000076bc00000| Untracked 
| 351|0x000000076be00000, 0x000000076be00000, 0x000000076c000000|  0%| F|  |TAMS 0x000000076be00000| PB 0x000000076be00000| Untracked 
| 352|0x000000076c000000, 0x000000076c000000, 0x000000076c200000|  0%| F|  |TAMS 0x000000076c000000| PB 0x000000076c000000| Untracked 
| 353|0x000000076c200000, 0x000000076c200000, 0x000000076c400000|  0%| F|  |TAMS 0x000000076c200000| PB 0x000000076c200000| Untracked 
| 354|0x000000076c400000, 0x000000076c400000, 0x000000076c600000|  0%| F|  |TAMS 0x000000076c400000| PB 0x000000076c400000| Untracked 
| 355|0x000000076c600000, 0x000000076c600000, 0x000000076c800000|  0%| F|  |TAMS 0x000000076c600000| PB 0x000000076c600000| Untracked 
| 356|0x000000076c800000, 0x000000076c800000, 0x000000076ca00000|  0%| F|  |TAMS 0x000000076c800000| PB 0x000000076c800000| Untracked 
| 357|0x000000076ca00000, 0x000000076ca00000, 0x000000076cc00000|  0%| F|  |TAMS 0x000000076ca00000| PB 0x000000076ca00000| Untracked 
| 358|0x000000076cc00000, 0x000000076cc00000, 0x000000076ce00000|  0%| F|  |TAMS 0x000000076cc00000| PB 0x000000076cc00000| Untracked 
| 359|0x000000076ce00000, 0x000000076ce00000, 0x000000076d000000|  0%| F|  |TAMS 0x000000076ce00000| PB 0x000000076ce00000| Untracked 
| 360|0x000000076d000000, 0x000000076d000000, 0x000000076d200000|  0%| F|  |TAMS 0x000000076d000000| PB 0x000000076d000000| Untracked 
|1533|0x00000007ffa00000, 0x00000007ffc00000, 0x00000007ffc00000|100%| O|  |TAMS 0x00000007ffa00000| PB 0x00000007ffa00000| Untracked 
|1534|0x00000007ffc00000, 0x00000007ffe00000, 0x00000007ffe00000|100%| O|  |TAMS 0x00000007ffc00000| PB 0x00000007ffc00000| Untracked 
|1535|0x00000007ffe00000, 0x0000000800000000, 0x0000000800000000|100%| O|  |TAMS 0x00000007ffe00000| PB 0x00000007ffe00000| Untracked 

Card table byte_map: [0x000002009c290000,0x000002009c890000] _byte_map_base: 0x0000020098890000

Marking Bits: (CMBitMap*) 0x00000200845b2d40
 Bits: [0x000002009c890000, 0x000002009f890000)

Polling page: 0x0000020082890000

Metaspace:

Usage:
  Non-class:     75.35 MB used.
      Class:     12.15 MB used.
       Both:     87.50 MB used.

Virtual space:
  Non-class space:      128.00 MB reserved,      76.44 MB ( 60%) committed,  2 nodes.
      Class space:        1.00 GB reserved,      13.25 MB (  1%) committed,  1 nodes.
             Both:        1.12 GB reserved,      89.69 MB (  8%) committed. 

Chunk freelists:
   Non-Class:  2.72 MB
       Class:  2.75 MB
        Both:  5.47 MB

MaxMetaspaceSize: unlimited
CompressedClassSpaceSize: 1.00 GB
Initial GC threshold: 21.00 MB
Current GC threshold: 148.38 MB
CDS: on
 - commit_granule_bytes: 65536.
 - commit_granule_words: 8192.
 - virtual_space_node_default_size: 8388608.
 - enlarge_chunks_in_place: 1.
 - use_allocation_guard: 0.


Internal statistics:

num_allocs_failed_limit: 6.
num_arena_births: 4448.
num_arena_deaths: 70.
num_vsnodes_births: 3.
num_vsnodes_deaths: 0.
num_space_committed: 1434.
num_space_uncommitted: 0.
num_chunks_returned_to_freelist: 93.
num_chunks_taken_from_freelist: 9455.
num_chunk_merges: 6.
num_chunk_splits: 5687.
num_chunks_enlarged: 3149.
num_inconsistent_stats: 0.

CodeHeap 'non-profiled nmethods': size=120000Kb used=8557Kb max_used=8557Kb free=111442Kb
 bounds [0x0000020094760000, 0x0000020094fc0000, 0x000002009bc90000]
CodeHeap 'profiled nmethods': size=120000Kb used=28492Kb max_used=28492Kb free=91507Kb
 bounds [0x000002008cc90000, 0x000002008e870000, 0x00000200941c0000]
CodeHeap 'non-nmethods': size=5760Kb used=1932Kb max_used=2009Kb free=3827Kb
 bounds [0x00000200941c0000, 0x0000020094430000, 0x0000020094760000]
CodeCache: size=245760Kb, used=38981Kb, max_used=39058Kb, free=206776Kb
 total_blobs=13299, nmethods=12507, adapters=695, full_count=0
Compilation: enabled, stopped_count=0, restarted_count=0

Compilation events (20 events):
Event: 150.668 Thread 0x00000200a1d1a9f0 14988       2       java.util.stream.ReferencePipeline::wrap (11 bytes)
Event: 150.668 Thread 0x00000200a1d1a9f0 nmethod 14988 0x000002008e859010 code [0x000002008e8591c0, 0x000002008e859408]
Event: 150.668 Thread 0x00000200a1d1a9f0 14989       2       java.util.stream.StreamSpliterators$WrappingSpliterator::<init> (8 bytes)
Event: 150.668 Thread 0x00000200a1d1a9f0 nmethod 14989 0x000002008e859490 code [0x000002008e859640, 0x000002008e859848]
Event: 150.668 Thread 0x00000200a1d1a9f0 14990       2       java.util.stream.StreamSpliterators$AbstractWrappingSpliterator::<init> (25 bytes)
Event: 150.668 Thread 0x00000200a1d1a9f0 nmethod 14990 0x000002008e859910 code [0x000002008e859ac0, 0x000002008e859cc8]
Event: 150.669 Thread 0x00000200a1d1a9f0 14991       2       java.util.stream.AbstractPipeline$$Lambda/0x00000200a3063f48::get (8 bytes)
Event: 150.696 Thread 0x00000200a1d1a9f0 nmethod 14991 0x000002008e859d90 code [0x000002008e859f40, 0x000002008e85a070]
Event: 150.696 Thread 0x00000200a1d1a9f0 14997       2       com.android.tools.r8.internal.nd0::a (1173 bytes)
Event: 150.708 Thread 0x00000200a1d1a9f0 nmethod 14997 0x000002008e85a190 code [0x000002008e85a920, 0x000002008e85d448]
Event: 150.710 Thread 0x00000200a1d1a9f0 14994       3       com.android.tools.r8.internal.kd::d (98 bytes)
Event: 150.713 Thread 0x00000200a1d1a9f0 nmethod 14994 0x000002008e85f490 code [0x000002008e85f840, 0x000002008e861820]
Event: 150.713 Thread 0x00000200a1d1a9f0 15002       3       com.android.tools.r8.internal.ie::k2 (5 bytes)
Event: 150.713 Thread 0x00000200a1d1a9f0 nmethod 15002 0x000002008e862110 code [0x000002008e8622c0, 0x000002008e862480]
Event: 150.713 Thread 0x00000200a1d1a9f0 14995       3       com.android.tools.r8.internal.wh::b (11 bytes)
Event: 150.713 Thread 0x00000200a1d1a9f0 nmethod 14995 0x000002008e862510 code [0x000002008e8626c0, 0x000002008e862838]
Event: 150.714 Thread 0x00000200a1d1a9f0 14996       3       com.android.tools.r8.internal.wh::a (22 bytes)
Event: 150.714 Thread 0x00000200a1d1a9f0 nmethod 14996 0x000002008e862910 code [0x000002008e862ae0, 0x000002008e862ed8]
Event: 150.714 Thread 0x00000200a1d1a9f0 14992       2       java.util.stream.AbstractPipeline::lambda$spliterator$0 (6 bytes)
Event: 150.714 Thread 0x00000200a1d1a9f0 nmethod 14992 0x000002008e863010 code [0x000002008e8631c0, 0x000002008e8632e8]

GC Heap History (20 events):
Event: 118.259 GC heap after
{Heap after GC invocations=54 (full 0):
 garbage-first heap   total 397312K, used 119002K [0x0000000740000000, 0x0000000800000000)
  region size 2048K, 1 young (2048K), 1 survivors (2048K)
 Metaspace       used 88975K, committed 91264K, reserved 1179648K
  class space    used 12392K, committed 13568K, reserved 1048576K
}
Event: 118.657 GC heap before
{Heap before GC invocations=54 (full 0):
 garbage-first heap   total 397312K, used 135386K [0x0000000740000000, 0x0000000800000000)
  region size 2048K, 9 young (18432K), 1 survivors (2048K)
 Metaspace       used 89000K, committed 91264K, reserved 1179648K
  class space    used 12392K, committed 13568K, reserved 1048576K
}
Event: 118.665 GC heap after
{Heap after GC invocations=55 (full 0):
 garbage-first heap   total 397312K, used 119665K [0x0000000740000000, 0x0000000800000000)
  region size 2048K, 2 young (4096K), 2 survivors (4096K)
 Metaspace       used 89000K, committed 91264K, reserved 1179648K
  class space    used 12392K, committed 13568K, reserved 1048576K
}
Event: 125.299 GC heap before
{Heap before GC invocations=55 (full 0):
 garbage-first heap   total 397312K, used 326513K [0x0000000740000000, 0x0000000800000000)
  region size 2048K, 103 young (210944K), 2 survivors (4096K)
 Metaspace       used 89314K, committed 91520K, reserved 1179648K
  class space    used 12418K, committed 13568K, reserved 1048576K
}
Event: 126.357 GC heap after
{Heap after GC invocations=56 (full 0):
 garbage-first heap   total 397312K, used 119877K [0x0000000740000000, 0x0000000800000000)
  region size 2048K, 2 young (4096K), 2 survivors (4096K)
 Metaspace       used 89314K, committed 91520K, reserved 1179648K
  class space    used 12418K, committed 13568K, reserved 1048576K
}
Event: 126.531 GC heap before
{Heap before GC invocations=56 (full 0):
 garbage-first heap   total 397312K, used 134213K [0x0000000740000000, 0x0000000800000000)
  region size 2048K, 9 young (18432K), 2 survivors (4096K)
 Metaspace       used 89320K, committed 91520K, reserved 1179648K
  class space    used 12418K, committed 13568K, reserved 1048576K
}
Event: 126.538 GC heap after
{Heap after GC invocations=57 (full 0):
 garbage-first heap   total 397312K, used 119760K [0x0000000740000000, 0x0000000800000000)
  region size 2048K, 1 young (2048K), 1 survivors (2048K)
 Metaspace       used 89320K, committed 91520K, reserved 1179648K
  class space    used 12418K, committed 13568K, reserved 1048576K
}
Event: 126.739 GC heap before
{Heap before GC invocations=57 (full 0):
 garbage-first heap   total 397312K, used 136144K [0x0000000740000000, 0x0000000800000000)
  region size 2048K, 9 young (18432K), 1 survivors (2048K)
 Metaspace       used 89322K, committed 91520K, reserved 1179648K
  class space    used 12418K, committed 13568K, reserved 1048576K
}
Event: 126.777 GC heap after
{Heap after GC invocations=58 (full 0):
 garbage-first heap   total 397312K, used 120579K [0x0000000740000000, 0x0000000800000000)
  region size 2048K, 2 young (4096K), 2 survivors (4096K)
 Metaspace       used 89322K, committed 91520K, reserved 1179648K
  class space    used 12418K, committed 13568K, reserved 1048576K
}
Event: 126.927 GC heap before
{Heap before GC invocations=58 (full 0):
 garbage-first heap   total 397312K, used 134915K [0x0000000740000000, 0x0000000800000000)
  region size 2048K, 9 young (18432K), 2 survivors (4096K)
 Metaspace       used 89322K, committed 91520K, reserved 1179648K
  class space    used 12418K, committed 13568K, reserved 1048576K
}
Event: 127.340 GC heap after
{Heap after GC invocations=59 (full 0):
 garbage-first heap   total 745472K, used 122102K [0x0000000740000000, 0x0000000800000000)
  region size 2048K, 2 young (4096K), 2 survivors (4096K)
 Metaspace       used 89322K, committed 91520K, reserved 1179648K
  class space    used 12418K, committed 13568K, reserved 1048576K
}
Event: 128.465 GC heap before
{Heap before GC invocations=59 (full 0):
 garbage-first heap   total 745472K, used 154870K [0x0000000740000000, 0x0000000800000000)
  region size 2048K, 18 young (36864K), 2 survivors (4096K)
 Metaspace       used 89335K, committed 91520K, reserved 1179648K
  class space    used 12419K, committed 13568K, reserved 1048576K
}
Event: 130.053 GC heap after
{Heap after GC invocations=60 (full 0):
 garbage-first heap   total 745472K, used 120468K [0x0000000740000000, 0x0000000800000000)
  region size 2048K, 1 young (2048K), 1 survivors (2048K)
 Metaspace       used 89335K, committed 91520K, reserved 1179648K
  class space    used 12419K, committed 13568K, reserved 1048576K
}
Event: 138.153 GC heap before
{Heap before GC invocations=60 (full 0):
 garbage-first heap   total 745472K, used 155284K [0x0000000740000000, 0x0000000800000000)
  region size 2048K, 18 young (36864K), 1 survivors (2048K)
 Metaspace       used 89387K, committed 91648K, reserved 1179648K
  class space    used 12428K, committed 13568K, reserved 1048576K
}
Event: 138.199 GC heap after
{Heap after GC invocations=61 (full 0):
 garbage-first heap   total 745472K, used 120246K [0x0000000740000000, 0x0000000800000000)
  region size 2048K, 1 young (2048K), 1 survivors (2048K)
 Metaspace       used 89387K, committed 91648K, reserved 1179648K
  class space    used 12428K, committed 13568K, reserved 1048576K
}
Event: 139.500 GC heap before
{Heap before GC invocations=61 (full 0):
 garbage-first heap   total 745472K, used 155062K [0x0000000740000000, 0x0000000800000000)
  region size 2048K, 18 young (36864K), 1 survivors (2048K)
 Metaspace       used 89447K, committed 91712K, reserved 1179648K
  class space    used 12428K, committed 13568K, reserved 1048576K
}
Event: 139.658 GC heap after
{Heap after GC invocations=62 (full 0):
 garbage-first heap   total 745472K, used 121968K [0x0000000740000000, 0x0000000800000000)
  region size 2048K, 2 young (4096K), 2 survivors (4096K)
 Metaspace       used 89447K, committed 91712K, reserved 1179648K
  class space    used 12428K, committed 13568K, reserved 1048576K
}
Event: 140.502 GC heap before
{Heap before GC invocations=62 (full 0):
 garbage-first heap   total 745472K, used 154736K [0x0000000740000000, 0x0000000800000000)
  region size 2048K, 18 young (36864K), 2 survivors (4096K)
 Metaspace       used 89450K, committed 91712K, reserved 1179648K
  class space    used 12428K, committed 13568K, reserved 1048576K
}
Event: 140.630 GC heap after
{Heap after GC invocations=63 (full 0):
 garbage-first heap   total 745472K, used 121664K [0x0000000740000000, 0x0000000800000000)
  region size 2048K, 2 young (4096K), 2 survivors (4096K)
 Metaspace       used 89450K, committed 91712K, reserved 1179648K
  class space    used 12428K, committed 13568K, reserved 1048576K
}
Event: 150.742 GC heap before
{Heap before GC invocations=63 (full 0):
 garbage-first heap   total 745472K, used 152384K [0x0000000740000000, 0x0000000800000000)
  region size 2048K, 18 young (36864K), 2 survivors (4096K)
 Metaspace       used 89598K, committed 91840K, reserved 1179648K
  class space    used 12439K, committed 13568K, reserved 1048576K
}

Dll operation events (15 events):
Event: 0.038 Loaded shared library C:\Users\isaac\.gradle\jdks\amazon_com_inc_-21-amd64-windows.2\bin\java.dll
Event: 0.251 Loaded shared library C:\Users\isaac\.gradle\jdks\amazon_com_inc_-21-amd64-windows.2\bin\jsvml.dll
Event: 1.367 Loaded shared library C:\Users\isaac\.gradle\jdks\amazon_com_inc_-21-amd64-windows.2\bin\zip.dll
Event: 1.608 Loaded shared library C:\Users\isaac\.gradle\jdks\amazon_com_inc_-21-amd64-windows.2\bin\instrument.dll
Event: 1.688 Loaded shared library C:\Users\isaac\.gradle\jdks\amazon_com_inc_-21-amd64-windows.2\bin\net.dll
Event: 1.693 Loaded shared library C:\Users\isaac\.gradle\jdks\amazon_com_inc_-21-amd64-windows.2\bin\nio.dll
Event: 1.749 Loaded shared library C:\Users\isaac\.gradle\jdks\amazon_com_inc_-21-amd64-windows.2\bin\zip.dll
Event: 4.028 Loaded shared library C:\Users\isaac\.gradle\jdks\amazon_com_inc_-21-amd64-windows.2\bin\jimage.dll
Event: 6.753 Loaded shared library C:\Users\isaac\.gradle\jdks\amazon_com_inc_-21-amd64-windows.2\bin\verify.dll
Event: 6.946 Loaded shared library C:\Users\isaac\.gradle\native\660c5614fbf4a5f2a75b1949f50a0caf5cd603558e7d8a26e50b933a0cfb79d1\windows-amd64\native-platform.dll
Event: 7.017 Loaded shared library C:\Users\isaac\.gradle\native\0.2.8\x86_64-windows-gnu\gradle-fileevents.dll
Event: 15.416 Loaded shared library C:\Users\isaac\.gradle\jdks\amazon_com_inc_-21-amd64-windows.2\bin\management.dll
Event: 15.503 Loaded shared library C:\Users\isaac\.gradle\jdks\amazon_com_inc_-21-amd64-windows.2\bin\management_ext.dll
Event: 16.248 Loaded shared library C:\Users\isaac\.gradle\jdks\amazon_com_inc_-21-amd64-windows.2\bin\extnet.dll
Event: 17.140 Loaded shared library C:\Users\isaac\.gradle\jdks\amazon_com_inc_-21-amd64-windows.2\bin\sunmscapi.dll

Deoptimization events (20 events):
Event: 144.064 Thread 0x00000200ead78380 DEOPT PACKING pc=0x0000020094bfecd8 sp=0x000000960caff2c0
Event: 144.103 Thread 0x00000200ead78380 DEOPT UNPACKING pc=0x0000020094214422 sp=0x000000960caff1b0 mode 2
Event: 148.597 Thread 0x00000200ea1dcba0 Uncommon trap: trap_request=0xffffff6e fr.pc=0x0000020094f402fc relative=0x000000000000431c
Event: 148.597 Thread 0x00000200ea1dcba0 Uncommon trap: reason=loop_limit_check action=maybe_recompile pc=0x0000020094f402fc method=com.android.tools.r8.graph.t2.a(Lcom/android/tools/r8/internal/of1;Lcom/android/tools/r8/internal/of1;Lcom/android/tools/r8/internal/of1;Ljava/util/List;Lcom/androi
Event: 148.597 Thread 0x00000200ea1dcba0 DEOPT PACKING pc=0x0000020094f402fc sp=0x000000960d7f8190
Event: 148.597 Thread 0x00000200ea1dcba0 DEOPT UNPACKING pc=0x0000020094214422 sp=0x000000960d7f8188 mode 2
Event: 150.654 Thread 0x00000200ea1dcba0 DEOPT PACKING pc=0x000002008e1f8be6 sp=0x000000960d7f8b70
Event: 150.654 Thread 0x00000200ea1dcba0 DEOPT UNPACKING pc=0x0000020094214bc2 sp=0x000000960d7f8068 mode 0
Event: 150.654 Thread 0x00000200ea1dcba0 DEOPT PACKING pc=0x000002008d585ce7 sp=0x000000960d7f8970
Event: 150.654 Thread 0x00000200ea1dcba0 DEOPT UNPACKING pc=0x0000020094214bc2 sp=0x000000960d7f7ea0 mode 0
Event: 150.669 Thread 0x00000200ea1dcba0 DEOPT PACKING pc=0x000002008e180b78 sp=0x000000960d7f8840
Event: 150.669 Thread 0x00000200ea1dcba0 DEOPT UNPACKING pc=0x0000020094214bc2 sp=0x000000960d7f7d78 mode 0
Event: 150.687 Thread 0x00000200ea1dcba0 DEOPT PACKING pc=0x000002008dfe4625 sp=0x000000960d7f7e70
Event: 150.687 Thread 0x00000200ea1dcba0 DEOPT UNPACKING pc=0x0000020094214bc2 sp=0x000000960d7f7300 mode 0
Event: 150.689 Thread 0x00000200ea1dcba0 DEOPT PACKING pc=0x000002008dfe4625 sp=0x000000960d7f8010
Event: 150.689 Thread 0x00000200ea1dcba0 DEOPT UNPACKING pc=0x0000020094214bc2 sp=0x000000960d7f74a0 mode 0
Event: 150.691 Thread 0x00000200ea1dcba0 DEOPT PACKING pc=0x000002008dfe4625 sp=0x000000960d7f7d90
Event: 150.691 Thread 0x00000200ea1dcba0 DEOPT UNPACKING pc=0x0000020094214bc2 sp=0x000000960d7f7220 mode 0
Event: 150.693 Thread 0x00000200ea1dcba0 DEOPT PACKING pc=0x000002008dfe4625 sp=0x000000960d7f7d90
Event: 150.693 Thread 0x00000200ea1dcba0 DEOPT UNPACKING pc=0x0000020094214bc2 sp=0x000000960d7f7220 mode 0

Classes loaded (20 events):
Event: 91.100 Loading class java/io/CharConversionException done
Event: 91.100 Loading class com/sun/org/apache/xerces/internal/impl/io/MalformedByteSequenceException done
Event: 105.829 Loading class java/util/IdentityHashMap$EntrySet
Event: 105.830 Loading class java/util/IdentityHashMap$EntrySet done
Event: 105.830 Loading class java/util/IdentityHashMap$EntrySpliterator
Event: 105.831 Loading class java/util/IdentityHashMap$IdentityHashMapSpliterator
Event: 105.831 Loading class java/util/IdentityHashMap$IdentityHashMapSpliterator done
Event: 105.831 Loading class java/util/IdentityHashMap$EntrySpliterator done
Event: 105.835 Loading class java/util/stream/SortedOps$RefSortingSink
Event: 105.836 Loading class java/util/stream/SortedOps$RefSortingSink done
Event: 105.995 Loading class java/util/SortedSet$1
Event: 105.996 Loading class java/util/SortedSet$1 done
Event: 106.131 Loading class java/util/PriorityQueue
Event: 106.132 Loading class java/util/PriorityQueue done
Event: 106.891 Loading class java/util/IdentityHashMap$ValueIterator
Event: 106.892 Loading class java/util/IdentityHashMap$ValueIterator done
Event: 120.573 Loading class java/util/concurrent/ConcurrentHashMap$TreeNode
Event: 120.717 Loading class java/util/concurrent/ConcurrentHashMap$TreeNode done
Event: 120.717 Loading class java/util/concurrent/ConcurrentHashMap$TreeBin
Event: 120.750 Loading class java/util/concurrent/ConcurrentHashMap$TreeBin done

Classes unloaded (20 events):
Event: 59.963 Thread 0x00000200a1ce7610 Unloading class 0x00000200a389a800 'java/lang/invoke/LambdaForm$MH+0x00000200a389a800'
Event: 59.963 Thread 0x00000200a1ce7610 Unloading class 0x00000200a389a400 'java/lang/invoke/LambdaForm$MH+0x00000200a389a400'
Event: 59.963 Thread 0x00000200a1ce7610 Unloading class 0x00000200a3899800 'java/lang/invoke/LambdaForm$MH+0x00000200a3899800'
Event: 59.963 Thread 0x00000200a1ce7610 Unloading class 0x00000200a3899000 'java/lang/invoke/LambdaForm$MH+0x00000200a3899000'
Event: 59.963 Thread 0x00000200a1ce7610 Unloading class 0x00000200a3898c00 'java/lang/invoke/LambdaForm$MH+0x00000200a3898c00'
Event: 59.963 Thread 0x00000200a1ce7610 Unloading class 0x00000200a3892800 'java/lang/invoke/LambdaForm$MH+0x00000200a3892800'
Event: 59.963 Thread 0x00000200a1ce7610 Unloading class 0x00000200a3891c00 'java/lang/invoke/LambdaForm$MH+0x00000200a3891c00'
Event: 59.963 Thread 0x00000200a1ce7610 Unloading class 0x00000200a3890c00 'java/lang/invoke/LambdaForm$MH+0x00000200a3890c00'
Event: 59.963 Thread 0x00000200a1ce7610 Unloading class 0x00000200a3883800 'java/lang/invoke/LambdaForm$MH+0x00000200a3883800'
Event: 59.963 Thread 0x00000200a1ce7610 Unloading class 0x00000200a3883000 'java/lang/invoke/LambdaForm$MH+0x00000200a3883000'
Event: 59.963 Thread 0x00000200a1ce7610 Unloading class 0x00000200a3882800 'java/lang/invoke/LambdaForm$MH+0x00000200a3882800'
Event: 59.963 Thread 0x00000200a1ce7610 Unloading class 0x00000200a3882400 'java/lang/invoke/LambdaForm$MH+0x00000200a3882400'
Event: 59.963 Thread 0x00000200a1ce7610 Unloading class 0x00000200a3881800 'java/lang/invoke/LambdaForm$MH+0x00000200a3881800'
Event: 59.963 Thread 0x00000200a1ce7610 Unloading class 0x00000200a3881000 'java/lang/invoke/LambdaForm$MH+0x00000200a3881000'
Event: 59.963 Thread 0x00000200a1ce7610 Unloading class 0x00000200a3880800 'java/lang/invoke/LambdaForm$MH+0x00000200a3880800'
Event: 59.963 Thread 0x00000200a1ce7610 Unloading class 0x00000200a3880000 'java/lang/invoke/LambdaForm$MH+0x00000200a3880000'
Event: 59.963 Thread 0x00000200a1ce7610 Unloading class 0x00000200a383b800 'java/lang/invoke/LambdaForm$MH+0x00000200a383b800'
Event: 59.963 Thread 0x00000200a1ce7610 Unloading class 0x00000200a383b000 'java/lang/invoke/LambdaForm$MH+0x00000200a383b000'
Event: 59.963 Thread 0x00000200a1ce7610 Unloading class 0x00000200a383a800 'java/lang/invoke/LambdaForm$MH+0x00000200a383a800'
Event: 59.963 Thread 0x00000200a1ce7610 Unloading class 0x00000200a383a000 'java/lang/invoke/LambdaForm$MH+0x00000200a383a000'

Classes redefined (0 events):
No events

Internal exceptions (20 events):
Event: 88.728 Thread 0x00000200ea1dcba0 Exception <a 'java/lang/NoSuchMethodError'{0x0000000746bdaf20}: 'java.lang.Object java.lang.invoke.DirectMethodHandle$Holder.newInvokeSpecial(java.lang.Object, int, java.lang.Object)'> (0x0000000746bdaf20) 
thrown [s\src\hotspot\share\interpreter\linkResolver.cpp, line 773]
Event: 89.141 Thread 0x00000200ea1dcba0 Exception <a 'java/lang/NoSuchMethodError'{0x0000000745dd3718}: 'java.lang.Object java.lang.invoke.DirectMethodHandle$Holder.newInvokeSpecial(java.lang.Object, long)'> (0x0000000745dd3718) 
thrown [s\src\hotspot\share\interpreter\linkResolver.cpp, line 773]
Event: 94.386 Thread 0x00000200ea1dcba0 Exception <a 'java/lang/IncompatibleClassChangeError'{0x0000000748a914a8}: Found class java.lang.Object, but interface was expected> (0x0000000748a914a8) 
thrown [s\src\hotspot\share\interpreter\linkResolver.cpp, line 840]
Event: 94.403 Thread 0x00000200ea1dcba0 Exception <a 'java/lang/NoSuchMethodError'{0x0000000748b7a8a0}: 'void java.lang.invoke.DirectMethodHandle$Holder.invokeInterface(java.lang.Object, java.lang.Object, java.lang.Object, int)'> (0x0000000748b7a8a0) 
thrown [s\src\hotspot\share\interpreter\linkResolver.cpp, line 773]
Event: 94.424 Thread 0x00000200ea1dcba0 Exception <a 'java/lang/NoSuchMethodError'{0x0000000748b92e48}: 'void java.lang.invoke.DirectMethodHandle$Holder.invokeStatic(java.lang.Object, java.lang.Object, java.lang.Object, int, java.lang.Object)'> (0x0000000748b92e48) 
thrown [s\src\hotspot\share\interpreter\linkResolver.cpp, line 773]
Event: 94.713 Thread 0x00000200ead7f310 Exception <a 'sun/nio/fs/WindowsException'{0x00000007488c74b8}> (0x00000007488c74b8) 
thrown [s\src\hotspot\share\prims\jni.cpp, line 520]
Event: 97.051 Thread 0x00000200ea1dcba0 Implicit null exception at 0x0000020094cdfdef to 0x0000020094cdfea0
Event: 97.169 Thread 0x00000200ea1dcba0 Exception <a 'java/lang/NoSuchMethodError'{0x0000000747fb1300}: 'java.lang.Object java.lang.invoke.DirectMethodHandle$Holder.invokeStatic(java.lang.Object, int, java.lang.Object, java.lang.Object)'> (0x0000000747fb1300) 
thrown [s\src\hotspot\share\interpreter\linkResolver.cpp, line 773]
Event: 103.536 Thread 0x00000200ea1dcba0 Exception <a 'java/lang/NoSuchMethodError'{0x0000000747840c70}: 'int java.lang.invoke.DirectMethodHandle$Holder.invokeSpecial(java.lang.Object, java.lang.Object, int)'> (0x0000000747840c70) 
thrown [s\src\hotspot\share\interpreter\linkResolver.cpp, line 773]
Event: 104.101 Thread 0x00000200ea1dcba0 Exception <a 'java/lang/IncompatibleClassChangeError'{0x000000074790e840}: Found class java.lang.Object, but interface was expected> (0x000000074790e840) 
thrown [s\src\hotspot\share\interpreter\linkResolver.cpp, line 840]
Event: 104.115 Thread 0x00000200ea1dcba0 Exception <a 'java/lang/IncompatibleClassChangeError'{0x0000000747928450}: Found class java.lang.Object, but interface was expected> (0x0000000747928450) 
thrown [s\src\hotspot\share\interpreter\linkResolver.cpp, line 840]
Event: 104.116 Thread 0x00000200ea1dcba0 Exception <a 'java/lang/IncompatibleClassChangeError'{0x000000074792ca20}: Found class java.lang.Object, but interface was expected> (0x000000074792ca20) 
thrown [s\src\hotspot\share\interpreter\linkResolver.cpp, line 840]
Event: 105.383 Thread 0x00000200ea1dcba0 Exception <a 'java/lang/NoSuchMethodError'{0x00000007494f7218}: 'void java.lang.invoke.DirectMethodHandle$Holder.invokeSpecial(java.lang.Object, java.lang.Object, int, java.lang.Object)'> (0x00000007494f7218) 
thrown [s\src\hotspot\share\interpreter\linkResolver.cpp, line 773]
Event: 105.860 Thread 0x00000200ea1dcba0 Exception <a 'java/lang/NoSuchMethodError'{0x0000000748f84f28}: 'java.lang.Object java.lang.invoke.DirectMethodHandle$Holder.invokeStaticInit(java.lang.Object, java.lang.Object, java.lang.Object, java.lang.Object)'> (0x0000000748f84f28) 
thrown [s\src\hotspot\share\interpreter\linkResolver.cpp, line 773]
Event: 106.607 Thread 0x00000200ea1dcba0 Exception <a 'java/lang/NoSuchMethodError'{0x0000000748444e30}: 'int java.lang.invoke.DirectMethodHandle$Holder.invokeSpecial(java.lang.Object, java.lang.Object, java.lang.Object, int, java.lang.Object)'> (0x0000000748444e30) 
thrown [s\src\hotspot\share\interpreter\linkResolver.cpp, line 773]
Event: 107.808 Thread 0x00000200ea1dcba0 Exception <a 'java/lang/NoSuchMethodError'{0x0000000747a6b950}: 'int java.lang.invoke.DirectMethodHandle$Holder.invokeInterface(java.lang.Object, java.lang.Object, int)'> (0x0000000747a6b950) 
thrown [s\src\hotspot\share\interpreter\linkResolver.cpp, line 773]
Event: 107.884 Thread 0x00000200ea1dcba0 Exception <a 'java/lang/NoSuchMethodError'{0x0000000747bbbd90}: 'void java.lang.invoke.DirectMethodHandle$Holder.invokeStatic(java.lang.Object, int)'> (0x0000000747bbbd90) 
thrown [s\src\hotspot\share\interpreter\linkResolver.cpp, line 773]
Event: 108.983 Thread 0x00000200ea1dcba0 Exception <a 'java/lang/NoSuchMethodError'{0x000000074b7fa2b8}: 'void java.lang.invoke.DirectMethodHandle$Holder.invokeVirtual(java.lang.Object, java.lang.Object, int)'> (0x000000074b7fa2b8) 
thrown [s\src\hotspot\share\interpreter\linkResolver.cpp, line 773]
Event: 111.222 Thread 0x00000200ea1dcba0 Exception <a 'java/lang/NoSuchMethodError'{0x0000000749b734a0}: 'java.lang.Object java.lang.invoke.DirectMethodHandle$Holder.newInvokeSpecial(java.lang.Object, int, java.lang.Object, java.lang.Object, java.lang.Object, java.lang.Object)'> (0x0000000749b734a0) 
thrown [s\src\hotspot\share\interpreter\linkResolver.cpp, line 773]
Event: 134.497 Thread 0x00000200ea1dcba0 Exception <a 'java/lang/NoSuchMethodError'{0x000000076ae617b0}: 'java.lang.Object java.lang.invoke.DirectMethodHandle$Holder.invokeInterface(java.lang.Object, java.lang.Object, int)'> (0x000000076ae617b0) 
thrown [s\src\hotspot\share\interpreter\linkResolver.cpp, line 773]

ZGC Phase Switch (0 events):
No events

VM Operations (20 events):
Event: 138.200 Executing safepoint VM operation: G1CollectForAllocation (G1 Evacuation Pause) done
Event: 139.204 Executing safepoint VM operation: Cleanup
Event: 139.266 Executing safepoint VM operation: Cleanup done
Event: 139.373 Executing safepoint VM operation: G1CollectForAllocation (G1 Evacuation Pause)
Event: 139.658 Executing safepoint VM operation: G1CollectForAllocation (G1 Evacuation Pause) done
Event: 140.469 Executing safepoint VM operation: G1CollectForAllocation (G1 Evacuation Pause)
Event: 140.630 Executing safepoint VM operation: G1CollectForAllocation (G1 Evacuation Pause) done
Event: 141.644 Executing safepoint VM operation: Cleanup
Event: 143.364 Executing safepoint VM operation: Cleanup done
Event: 143.933 Executing non-safepoint VM operation: HandshakeAllThreads (Deoptimize)
Event: 143.991 Executing non-safepoint VM operation: HandshakeAllThreads (Deoptimize) done
Event: 144.944 Executing non-safepoint VM operation: HandshakeAllThreads (Deoptimize)
Event: 147.168 Executing non-safepoint VM operation: HandshakeAllThreads (Deoptimize) done
Event: 147.168 Executing safepoint VM operation: Cleanup
Event: 147.232 Executing safepoint VM operation: Cleanup done
Event: 148.245 Executing safepoint VM operation: Cleanup
Event: 148.260 Executing safepoint VM operation: Cleanup done
Event: 149.264 Executing safepoint VM operation: Cleanup
Event: 150.540 Executing safepoint VM operation: Cleanup done
Event: 150.718 Executing safepoint VM operation: G1CollectForAllocation (G1 Evacuation Pause)

Memory protections (0 events):
No events

Nmethod flushes (20 events):
Event: 116.959 Thread 0x00000200a1ce7610 flushing  nmethod 0x000002008d5bd890
Event: 116.959 Thread 0x00000200a1ce7610 flushing  nmethod 0x000002008d625110
Event: 116.959 Thread 0x00000200a1ce7610 flushing  nmethod 0x000002008d648690
Event: 116.959 Thread 0x00000200a1ce7610 flushing  nmethod 0x000002008d97fe10
Event: 116.959 Thread 0x00000200a1ce7610 flushing  nmethod 0x000002008d9f8f90
Event: 116.959 Thread 0x00000200a1ce7610 flushing  nmethod 0x000002008dbddd90
Event: 116.959 Thread 0x00000200a1ce7610 flushing  nmethod 0x000002008dc65d90
Event: 116.959 Thread 0x00000200a1ce7610 flushing  nmethod 0x000002008dd23e10
Event: 116.959 Thread 0x00000200a1ce7610 flushing  nmethod 0x000002008dd25190
Event: 116.959 Thread 0x00000200a1ce7610 flushing  nmethod 0x000002008dd90a90
Event: 116.959 Thread 0x00000200a1ce7610 flushing  nmethod 0x000002008dd90e90
Event: 116.959 Thread 0x00000200a1ce7610 flushing  nmethod 0x000002008dd92690
Event: 116.959 Thread 0x00000200a1ce7610 flushing  nmethod 0x000002008dd95b10
Event: 116.959 Thread 0x00000200a1ce7610 flushing  nmethod 0x000002008dd96110
Event: 116.959 Thread 0x00000200a1ce7610 flushing  nmethod 0x000002008dd97490
Event: 116.959 Thread 0x00000200a1ce7610 flushing  nmethod 0x000002008dd98310
Event: 116.959 Thread 0x00000200a1ce7610 flushing  nmethod 0x000002008dd98d10
Event: 116.959 Thread 0x00000200a1ce7610 flushing  nmethod 0x000002008ddfb990
Event: 116.959 Thread 0x00000200a1ce7610 flushing  nmethod 0x000002008ddfbd10
Event: 116.959 Thread 0x00000200a1ce7610 flushing  nmethod 0x000002008ddfc590

Events (20 events):
Event: 47.226 Thread 0x00000200e7d24dd0 Thread added: 0x00000200ead79dc0
Event: 47.230 Thread 0x00000200e7d24dd0 Thread added: 0x00000200ead7cbb0
Event: 47.336 Thread 0x00000200e7d24dd0 Thread added: 0x00000200ead79730
Event: 48.117 Thread 0x00000200e7d24dd0 Thread added: 0x00000200ead7df60
Event: 48.188 Thread 0x00000200e7d24dd0 Thread added: 0x00000200ead7d8d0
Event: 48.189 Thread 0x00000200e7d24dd0 Thread added: 0x00000200ead7d240
Event: 48.612 Thread 0x00000200ead790a0 Thread exited: 0x00000200ead790a0
Event: 51.245 Thread 0x00000200e7d24dd0 Thread added: 0x00000200ead7f9a0
Event: 55.397 Thread 0x00000200e7d24dd0 Thread added: 0x00000200ead7f310
Event: 55.922 Thread 0x00000200ead7f310 Thread added: 0x00000200ea1db160
Event: 55.922 Thread 0x00000200ead7f310 Thread added: 0x00000200ea1db7f0
Event: 55.923 Thread 0x00000200ead7f310 Thread added: 0x00000200ea1dcba0
Event: 56.030 Thread 0x00000200ea1dcba0 Thread added: 0x00000200ea1daad0
Event: 57.882 Thread 0x00000200ea1db7f0 Thread added: 0x00000200ea1dd230
Event: 57.885 Thread 0x00000200ead7f310 Thread added: 0x00000200ea1ddf50
Event: 59.593 Thread 0x00000200ead7df60 Thread added: 0x00000200ea1dd8c0
Event: 86.472 Thread 0x00000200ea1db160 Thread added: 0x00000200ea1de5e0
Event: 141.210 Thread 0x00000200a1d1a9f0 Thread added: 0x00000200eb89e270
Event: 147.271 Thread 0x00000200eb89e270 Thread exited: 0x00000200eb89e270
Event: 148.310 Thread 0x00000200a1d1a9f0 Thread added: 0x00000200eb89e270


Dynamic libraries:
0x00007ff66b350000 - 0x00007ff66b35e000 	C:\Users\isaac\.gradle\jdks\amazon_com_inc_-21-amd64-windows.2\bin\java.exe
0x00007ffe44840000 - 0x00007ffe44aa6000 	C:\WINDOWS\SYSTEM32\ntdll.dll
0x00007ffe43730000 - 0x00007ffe437f9000 	C:\WINDOWS\System32\KERNEL32.DLL
0x00007ffe421b0000 - 0x00007ffe425aa000 	C:\WINDOWS\System32\KERNELBASE.dll
0x00007ffe41ef0000 - 0x00007ffe4203c000 	C:\WINDOWS\System32\ucrtbase.dll
0x00007ffe0fc50000 - 0x00007ffe0fc68000 	C:\Users\isaac\.gradle\jdks\amazon_com_inc_-21-amd64-windows.2\bin\jli.dll
0x00007ffe42760000 - 0x00007ffe42927000 	C:\WINDOWS\System32\USER32.dll
0x00007ffe41b60000 - 0x00007ffe41b87000 	C:\WINDOWS\System32\win32u.dll
0x00007ffe445f0000 - 0x00007ffe4461b000 	C:\WINDOWS\System32\GDI32.dll
0x00007ffe41dc0000 - 0x00007ffe41eeb000 	C:\WINDOWS\System32\gdi32full.dll
0x00007ffe41b90000 - 0x00007ffe41c33000 	C:\WINDOWS\System32\msvcp_win.dll
0x00007ffe0fc30000 - 0x00007ffe0fc4e000 	C:\Users\isaac\.gradle\jdks\amazon_com_inc_-21-amd64-windows.2\bin\VCRUNTIME140.dll
0x00007ffe2f750000 - 0x00007ffe2f9e2000 	C:\WINDOWS\WinSxS\amd64_microsoft.windows.common-controls_6595b64144ccf1df_6.0.26100.8521_none_3e08b75ce33403b3\COMCTL32.dll
0x00007ffe43850000 - 0x00007ffe438f9000 	C:\WINDOWS\System32\msvcrt.dll
0x00007ffe443b0000 - 0x00007ffe443e2000 	C:\WINDOWS\System32\IMM32.DLL
0x00007ffdf6c30000 - 0x00007ffdf6c3c000 	C:\Users\isaac\.gradle\jdks\amazon_com_inc_-21-amd64-windows.2\bin\vcruntime140_1.dll
0x00007ffde8e00000 - 0x00007ffde8e89000 	C:\Users\isaac\.gradle\jdks\amazon_com_inc_-21-amd64-windows.2\bin\msvcp140.dll
0x00007ffcb10a0000 - 0x00007ffcb1e48000 	C:\Users\isaac\.gradle\jdks\amazon_com_inc_-21-amd64-windows.2\bin\server\jvm.dll
0x00007ffe43580000 - 0x00007ffe43636000 	C:\WINDOWS\System32\ADVAPI32.dll
0x00007ffe43cd0000 - 0x00007ffe43d7a000 	C:\WINDOWS\System32\sechost.dll
0x00007ffe425b0000 - 0x00007ffe426c8000 	C:\WINDOWS\System32\RPCRT4.dll
0x00007ffe434f0000 - 0x00007ffe43570000 	C:\WINDOWS\System32\WS2_32.dll
0x00007ffe41950000 - 0x00007ffe419ae000 	C:\WINDOWS\SYSTEM32\POWRPROF.dll
0x00007ffe3bc20000 - 0x00007ffe3bc56000 	C:\WINDOWS\SYSTEM32\WINMM.dll
0x00007ffe3bc60000 - 0x00007ffe3bc6b000 	C:\WINDOWS\SYSTEM32\VERSION.dll
0x00007ffe41910000 - 0x00007ffe41924000 	C:\WINDOWS\SYSTEM32\UMPDC.dll
0x00007ffe40860000 - 0x00007ffe4087b000 	C:\WINDOWS\SYSTEM32\kernel.appcore.dll
0x00007ffdf6be0000 - 0x00007ffdf6bea000 	C:\Users\isaac\.gradle\jdks\amazon_com_inc_-21-amd64-windows.2\bin\jimage.dll
0x00007ffe362b0000 - 0x00007ffe364f2000 	C:\WINDOWS\SYSTEM32\DBGHELP.DLL
0x00007ffe43940000 - 0x00007ffe43cc3000 	C:\WINDOWS\System32\combase.dll
0x00007ffe43370000 - 0x00007ffe43449000 	C:\WINDOWS\System32\OLEAUT32.dll
0x00007ffe24b30000 - 0x00007ffe24b6b000 	C:\WINDOWS\SYSTEM32\dbgcore.DLL
0x00007ffe42100000 - 0x00007ffe421a8000 	C:\WINDOWS\System32\bcryptPrimitives.dll
0x00007ffe0fa50000 - 0x00007ffe0fa60000 	C:\Users\isaac\.gradle\jdks\amazon_com_inc_-21-amd64-windows.2\bin\instrument.dll
0x00007ffdf57e0000 - 0x00007ffdf5801000 	C:\Users\isaac\.gradle\jdks\amazon_com_inc_-21-amd64-windows.2\bin\java.dll
0x00007ffe42a00000 - 0x00007ffe43184000 	C:\WINDOWS\System32\SHELL32.dll
0x00007ffe3f680000 - 0x00007ffe3ff00000 	C:\WINDOWS\SYSTEM32\windows.storage.dll
0x00007ffe443f0000 - 0x00007ffe444e6000 	C:\WINDOWS\System32\SHCORE.dll
0x00007ffe43640000 - 0x00007ffe436a7000 	C:\WINDOWS\System32\shlwapi.dll
0x00007ffe419f0000 - 0x00007ffe41a19000 	C:\WINDOWS\SYSTEM32\profapi.dll
0x00007ffcc0660000 - 0x00007ffcc0737000 	C:\Users\isaac\.gradle\jdks\amazon_com_inc_-21-amd64-windows.2\bin\jsvml.dll
0x00007ffdf3dc0000 - 0x00007ffdf3dd8000 	C:\Users\isaac\.gradle\jdks\amazon_com_inc_-21-amd64-windows.2\bin\zip.dll
0x00007ffdf3d80000 - 0x00007ffdf3d91000 	C:\Users\isaac\.gradle\jdks\amazon_com_inc_-21-amd64-windows.2\bin\net.dll
0x00007ffe37140000 - 0x00007ffe37269000 	C:\WINDOWS\SYSTEM32\WINHTTP.dll
0x00007ffe40dd0000 - 0x00007ffe40e3c000 	C:\WINDOWS\system32\mswsock.dll
0x00007ffde8de0000 - 0x00007ffde8df6000 	C:\Users\isaac\.gradle\jdks\amazon_com_inc_-21-amd64-windows.2\bin\nio.dll
0x00007ffdf3ff0000 - 0x00007ffdf4000000 	C:\Users\isaac\.gradle\jdks\amazon_com_inc_-21-amd64-windows.2\bin\verify.dll
0x00007ffe15930000 - 0x00007ffe15957000 	C:\Users\isaac\.gradle\native\660c5614fbf4a5f2a75b1949f50a0caf5cd603558e7d8a26e50b933a0cfb79d1\windows-amd64\native-platform.dll
0x00007ffdf3c80000 - 0x00007ffdf3cf7000 	C:\Users\isaac\.gradle\native\0.2.8\x86_64-windows-gnu\gradle-fileevents.dll
0x00007ffdf3e90000 - 0x00007ffdf3e9a000 	C:\Users\isaac\.gradle\jdks\amazon_com_inc_-21-amd64-windows.2\bin\management.dll
0x00007ffdf3d70000 - 0x00007ffdf3d7c000 	C:\Users\isaac\.gradle\jdks\amazon_com_inc_-21-amd64-windows.2\bin\management_ext.dll
0x00007ffe42930000 - 0x00007ffe42938000 	C:\WINDOWS\System32\PSAPI.DLL
0x00007ffe402c0000 - 0x00007ffe402f3000 	C:\WINDOWS\SYSTEM32\IPHLPAPI.DLL
0x00007ffe434e0000 - 0x00007ffe434ea000 	C:\WINDOWS\System32\NSI.dll
0x00007ffdf3ad0000 - 0x00007ffdf3ad9000 	C:\Users\isaac\.gradle\jdks\amazon_com_inc_-21-amd64-windows.2\bin\extnet.dll
0x00007ffe410b0000 - 0x00007ffe410cb000 	C:\WINDOWS\SYSTEM32\CRYPTSP.dll
0x00007ffe407c0000 - 0x00007ffe407f9000 	C:\WINDOWS\system32\rsaenh.dll
0x00007ffe40e80000 - 0x00007ffe40eb3000 	C:\WINDOWS\SYSTEM32\USERENV.dll
0x00007ffe419c0000 - 0x00007ffe419ea000 	C:\WINDOWS\SYSTEM32\bcrypt.dll
0x00007ffe410d0000 - 0x00007ffe410dc000 	C:\WINDOWS\SYSTEM32\CRYPTBASE.dll
0x00007ffe0f1b0000 - 0x00007ffe0f1be000 	C:\Users\isaac\.gradle\jdks\amazon_com_inc_-21-amd64-windows.2\bin\sunmscapi.dll
0x00007ffe41c40000 - 0x00007ffe41db8000 	C:\WINDOWS\System32\CRYPT32.dll
0x00007ffe412d0000 - 0x00007ffe41300000 	C:\WINDOWS\SYSTEM32\ncrypt.dll
0x00007ffe41280000 - 0x00007ffe412bf000 	C:\WINDOWS\SYSTEM32\NTASN1.dll
0x00007ffe3c920000 - 0x00007ffe3c928000 	C:\WINDOWS\system32\wshunix.dll

JVMTI agents:
C:\Users\isaac\.gradle\wrapper\dists\gradle-9.4.1-bin\arn2x92ynaizyzdaamcbpbhtj\gradle-9.4.1\lib\agents\gradle-instrumentation-agent-9.4.1.jar path:C:\Users\isaac\.gradle\jdks\amazon_com_inc_-21-amd64-windows.2\bin\instrument.dll, loaded, initialized, instrumentlib options:none

dbghelp: loaded successfully - version: 4.0.5 - missing functions: none
symbol engine: initialized successfully - sym options: 0x614 - pdb path: .;C:\Users\isaac\.gradle\jdks\amazon_com_inc_-21-amd64-windows.2\bin;C:\WINDOWS\SYSTEM32;C:\WINDOWS\WinSxS\amd64_microsoft.windows.common-controls_6595b64144ccf1df_6.0.26100.8521_none_3e08b75ce33403b3;C:\Users\isaac\.gradle\jdks\amazon_com_inc_-21-amd64-windows.2\bin\server;C:\Users\isaac\.gradle\native\660c5614fbf4a5f2a75b1949f50a0caf5cd603558e7d8a26e50b933a0cfb79d1\windows-amd64;C:\Users\isaac\.gradle\native\0.2.8\x86_64-windows-gnu

VM Arguments:
jvm_args: --add-opens=java.base/java.lang=ALL-UNNAMED --add-opens=java.base/java.lang.invoke=ALL-UNNAMED --add-opens=java.base/java.util=ALL-UNNAMED --add-opens=java.prefs/java.util.prefs=ALL-UNNAMED --add-exports=jdk.compiler/com.sun.tools.javac.api=ALL-UNNAMED --add-exports=jdk.compiler/com.sun.tools.javac.util=ALL-UNNAMED --add-opens=java.base/java.util=ALL-UNNAMED --add-opens=java.prefs/java.util.prefs=ALL-UNNAMED --add-opens=java.base/java.nio.charset=ALL-UNNAMED --add-opens=java.base/java.net=ALL-UNNAMED --add-opens=java.base/java.util.concurrent=ALL-UNNAMED --add-opens=java.base/java.util.concurrent.atomic=ALL-UNNAMED --add-opens=java.xml/javax.xml.namespace=ALL-UNNAMED --add-opens=java.base/java.time=ALL-UNNAMED -Xmx3072M -Dfile.encoding=UTF-8 -Duser.country=MX -Duser.language=es -Duser.variant -javaagent:C:\Users\isaac\.gradle\wrapper\dists\gradle-9.4.1-bin\arn2x92ynaizyzdaamcbpbhtj\gradle-9.4.1\lib\agents\gradle-instrumentation-agent-9.4.1.jar 
java_command: org.gradle.launcher.daemon.bootstrap.GradleDaemon 9.4.1
java_class_path (initial): C:\Users\isaac\.gradle\wrapper\dists\gradle-9.4.1-bin\arn2x92ynaizyzdaamcbpbhtj\gradle-9.4.1\lib\gradle-daemon-main-9.4.1.jar
Launcher Type: SUN_STANDARD

[Global flags]
     intx CICompilerCount                          = 3                                         {product} {ergonomic}
     uint ConcGCThreads                            = 1                                         {product} {ergonomic}
     uint G1ConcRefinementThreads                  = 4                                         {product} {ergonomic}
   size_t G1HeapRegionSize                         = 2097152                                   {product} {ergonomic}
    uintx GCDrainStackTargetSize                   = 64                                        {product} {ergonomic}
   size_t InitialHeapSize                          = 100663296                                 {product} {ergonomic}
   size_t MarkStackSize                            = 4194304                                   {product} {ergonomic}
   size_t MaxHeapSize                              = 3221225472                                {product} {command line}
   size_t MaxNewSize                               = 1931476992                                {product} {ergonomic}
   size_t MinHeapDeltaBytes                        = 2097152                                   {product} {ergonomic}
   size_t MinHeapSize                              = 8388608                                   {product} {ergonomic}
    uintx NonNMethodCodeHeapSize                   = 5832780                                {pd product} {ergonomic}
    uintx NonProfiledCodeHeapSize                  = 122912730                              {pd product} {ergonomic}
    uintx ProfiledCodeHeapSize                     = 122912730                              {pd product} {ergonomic}
    uintx ReservedCodeCacheSize                    = 251658240                              {pd product} {ergonomic}
     bool SegmentedCodeCache                       = true                                      {product} {ergonomic}
   size_t SoftMaxHeapSize                          = 3221225472                             {manageable} {ergonomic}
     bool UseCompressedOops                        = true                           {product lp64_product} {ergonomic}
     bool UseG1GC                                  = true                                      {product} {ergonomic}
     bool UseLargePagesIndividualAllocation        = false                                  {pd product} {ergonomic}

Logging:
Log output configuration:
 #0: stdout all=warning uptime,level,tags foldmultilines=false
 #1: stderr all=off uptime,level,tags foldmultilines=false

Release file:
IMPLEMENTOR="Amazon.com Inc." 
IMPLEMENTOR_VERSION="Corretto-21.0.11.10.1" 
JAVA_RUNTIME_VERSION="21.0.11+10-LTS" 
JAVA_VERSION="21.0.11" 
JAVA_VERSION_DATE="2026-04-21" 
LIBC="default" 
MODULES="java.base java.compiler java.datatransfer java.xml java.prefs java.desktop java.instrument java.logging java.management java.security.sasl java.naming java.rmi java.management.rmi java.net.http java.scripting java.security.jgss java.transaction.xa java.sql java.sql.rowset java.xml.crypto java.se java.smartcardio jdk.accessibility jdk.internal.jvmstat jdk.attach jdk.charsets jdk.internal.opt jdk.zipfs jdk.compiler jdk.crypto.ec jdk.crypto.cryptoki jdk.crypto.mscapi jdk.dynalink jdk.internal.ed jdk.editpad jdk.hotspot.agent jdk.httpserver jdk.incubator.vector jdk.internal.le jdk.internal.vm.ci jdk.internal.vm.compiler jdk.internal.vm.compiler.management jdk.jartool jdk.javadoc jdk.jcmd jdk.management jdk.management.agent jdk.jconsole jdk.jdeps jdk.jdwp.agent jdk.jdi jdk.jfr jdk.jlink jdk.jpackage jdk.jshell jdk.jsobject jdk.jstatd jdk.localedata jdk.management.jfr jdk.naming.dns jdk.naming.rmi jdk.net jdk.nio.mapmode jdk.random jdk.sctp jdk.security.auth jdk.security.jgss jdk.unsupported jdk.unsupported.desktop jdk.xml.dom" 
OS_ARCH="x86_64" 
OS_NAME="Windows" 
SOURCE="" 

Environment Variables:
PATH=C:\Program Files\Microsoft\jdk-11.0.12.7-hotspot\bin;C:\Program Files\Common Files\Oracle\Java\javapath;C:\windows\system32;C:\windows;C:\windows\System32\Wbem;C:\windows\System32\WindowsPowerShell\v1.0\;C:\windows\System32\OpenSSH\;C:\Program Files\dotnet\;C:\WINDOWS\system32;C:\WINDOWS;C:\WINDOWS\System32\Wbem;C:\WINDOWS\System32\WindowsPowerShell\v1.0\;C:\WINDOWS\System32\OpenSSH\;C:\Program Files (x86)\Microsoft SQL Server\160\Tools\Binn\;C:\Program Files\Microsoft SQL Server\160\Tools\Binn\;C:\Program Files\Microsoft SQL Server\Client SDK\ODBC\170\Tools\Binn\;C:\Program Files\Microsoft SQL Server\160\DTS\Binn\;C:\Program Files (x86)\Microsoft SQL Server\160\DTS\Binn\;C:\Program Files\Microsoft SQL Server\150\Tools\Binn\;C:\Program Files\nodejs\;C:\Program Files\Git\cmd;C:\Program Files (x86)\Windows Kits\10\Windows Performance Toolkit\;C:\Users\isaac\AppData\Local\Microsoft\WindowsApps;C:\Users\isaac\AppData\Local\Programs\Microsoft VS Code\bin;C:\Users\isaac\.dotnet\tools;C:\Users\isaac\AppData\Local\Programs\MiKTeX\miktex\bin\x64\;C:\Users\isaac\AppData\Roaming\npm
USERNAME=isaac
OS=Windows_NT
PROCESSOR_IDENTIFIER=AMD64 Family 23 Model 24 Stepping 1, AuthenticAMD
TMP=C:\Users\isaac\AppData\Local\Temp
TEMP=C:\Users\isaac\AppData\Local\Temp




Periodic native trim disabled

---------------  S Y S T E M  ---------------

OS:
 Windows 11 , 64 bit Build 26100 (10.0.26100.8521)
OS uptime: 2 days 17:35 hours
Hyper-V role detected

CPU: total 4 (initial active 4) (4 cores per cpu, 2 threads per core) family 23 model 24 stepping 1 microcode 0x8108109, cx8, cmov, fxsr, ht, mmx, 3dnowpref, sse, sse2, sse3, ssse3, sse4a, sse4.1, sse4.2, popcnt, lzcnt, tsc, tscinvbit, avx, avx2, aes, clmul, bmi1, bmi2, adx, sha, fma, vzeroupper, clflush, clflushopt, hv, rdtscp, f16c
Processor Information for the first 4 processors :
  Max Mhz: 2600, Current Mhz: 2600, Mhz Limit: 2600

Memory: 4k page, system-wide physical 6059M (750M free)
TotalPageFile size 24491M (AvailPageFile size 764M)
current process WorkingSet (physical memory assigned to process): 478M, peak: 494M
current process commit charge ("private bytes"): 1042M, peak: 1980M

vm_info: OpenJDK 64-Bit Server VM (21.0.11+10-LTS) for windows-amd64 JRE (21.0.11+10-LTS), built on 2026-04-18T07:30:30Z by "Administrator" with MS VC++ 17.14 (VS2022)

END.
