#
# There is insufficient memory for the Java Runtime Environment to continue.
# Native memory allocation (mmap) failed to map 1017118720 bytes. Error detail: G1 virtual space
# Possible reasons:
#   The system is out of physical RAM or swap space
#   This process is running with CompressedOops enabled, and the Java Heap may be blocking the growth of the native heap
# Possible solutions:
#   Reduce memory load on the system
#   Increase physical memory or swap space
#   Check if swap backing store is full
#   Decrease Java heap size (-Xmx/-Xms)
#   Decrease number of Java threads
#   Decrease Java thread stack sizes (-Xss)
#   Set larger code cache with -XX:ReservedCodeCacheSize=
#   JVM is running with Zero Based Compressed Oops mode in which the Java heap is
#     placed in the first 32GB address space. The Java Heap base address is the
#     maximum limit for the native heap growth. Please use -XX:HeapBaseMinAddress
#     to set the Java Heap base and to place the Java Heap above 32GB virtual address.
# This output file may be truncated or incomplete.
#
#  Out of Memory Error (os_windows.cpp:3714), pid=7344, tid=17788
#
# JRE version: OpenJDK Runtime Environment Corretto-21.0.11.10.1 (21.0.11+10) (build 21.0.11+10-LTS)
# Java VM: OpenJDK 64-Bit Server VM Corretto-21.0.11.10.1 (21.0.11+10-LTS, mixed mode, sharing, tiered, compressed oops, compressed class ptrs, g1 gc, windows-amd64)
# No core dump will be written. Minidumps are not enabled by default on client versions of Windows
#

---------------  S U M M A R Y ------------

Command Line: --add-opens=java.base/java.lang=ALL-UNNAMED --add-opens=java.base/java.lang.invoke=ALL-UNNAMED --add-opens=java.base/java.util=ALL-UNNAMED --add-opens=java.prefs/java.util.prefs=ALL-UNNAMED --add-exports=jdk.compiler/com.sun.tools.javac.api=ALL-UNNAMED --add-exports=jdk.compiler/com.sun.tools.javac.util=ALL-UNNAMED --add-opens=java.base/java.util=ALL-UNNAMED --add-opens=java.prefs/java.util.prefs=ALL-UNNAMED --add-opens=java.base/java.nio.charset=ALL-UNNAMED --add-opens=java.base/java.net=ALL-UNNAMED --add-opens=java.base/java.util.concurrent=ALL-UNNAMED --add-opens=java.base/java.util.concurrent.atomic=ALL-UNNAMED --add-opens=java.xml/javax.xml.namespace=ALL-UNNAMED --add-opens=java.base/java.time=ALL-UNNAMED -Xmx4096M -Dfile.encoding=UTF-8 -Duser.country=MX -Duser.language=es -Duser.variant -javaagent:C:\Users\isaac\.gradle\wrapper\dists\gradle-9.4.1-bin\arn2x92ynaizyzdaamcbpbhtj\gradle-9.4.1\lib\agents\gradle-instrumentation-agent-9.4.1.jar org.gradle.launcher.daemon.bootstrap.GradleDaemon 9.4.1

Host: AMD Ryzen 3 3250U with Radeon Graphics         , 4 cores, 5G,  Windows 11 , 64 bit Build 26100 (10.0.26100.8875)
Time: Thu Aug  6 00:10:11 2026 Hora estándar central (México) elapsed time: 778.891128 seconds (0d 0h 12m 58s)

---------------  T H R E A D  ---------------

Current thread (0x000002364e76f1b0):  VMThread "VM Thread"          [id=17788, stack(0x0000008792700000,0x0000008792800000) (1024K)]

Stack: [0x0000008792700000,0x0000008792800000]
Native frames: (J=compiled Java code, j=interpreted, Vv=VM code, C=native code)
V  [jvm.dll+0x6df899]
V  [jvm.dll+0x8bc52b]
V  [jvm.dll+0x8beaba]
V  [jvm.dll+0x8bf193]
V  [jvm.dll+0x28aa16]
V  [jvm.dll+0x6dc1f5]
V  [jvm.dll+0x6d003a]
V  [jvm.dll+0x3650fe]
V  [jvm.dll+0x36cfcb]
V  [jvm.dll+0x3bea89]
V  [jvm.dll+0x3bed2b]
V  [jvm.dll+0x3392c7]
V  [jvm.dll+0x339357]
V  [jvm.dll+0x37d83c]
V  [jvm.dll+0x37c01e]
V  [jvm.dll+0x338a21]
V  [jvm.dll+0x37b68a]
V  [jvm.dll+0x8c4eef]
V  [jvm.dll+0x8c63d3]
V  [jvm.dll+0x8c6944]
V  [jvm.dll+0x8c6a43]
V  [jvm.dll+0x8672bd]
V  [jvm.dll+0x6de09d]
C  [ucrtbase.dll+0x2cd30]
C  [KERNEL32.DLL+0x2e957]
C  [ntdll.dll+0xaad6c]

VM_Operation (0x00000087960fd290): G1CollectForAllocation, mode: safepoint, requested by thread 0x000002369831c0a0


---------------  P R O C E S S  ---------------

Threads class SMR info:
_java_thread_list=0x000002369f5c8560, length=70, elements={
0x000002362d788ee0, 0x000002364e78ab30, 0x000002364e7903d0, 0x000002364e791b50,
0x000002364e7925b0, 0x000002364e793010, 0x000002364e793a70, 0x000002364e795810,
0x000002364e7febc0, 0x000002364e92f060, 0x000002364e9956f0, 0x000002369580cd40,
0x0000023694c94380, 0x000002369491f070, 0x0000023694edd210, 0x0000023694c54400,
0x0000023694f7a040, 0x0000023694f7bbc0, 0x0000023694de7170, 0x0000023694de6450,
0x0000023694de4a10, 0x0000023694de6ae0, 0x0000023694de50a0, 0x0000023694de7800,
0x0000023694de5dc0, 0x0000023695d3eb60, 0x0000023695d3e4d0, 0x0000023695d3f1f0,
0x0000023695d3f880, 0x0000023695d3ff10, 0x0000023695d40c30, 0x0000023695d3de40,
0x0000023695d43390, 0x0000023695d43a20, 0x0000023695d42d00, 0x0000023695d440b0,
0x0000023695d44740, 0x0000023695d42670, 0x0000023695d44dd0, 0x0000023695d45460,
0x00000236993a28b0, 0x00000236993a2220, 0x00000236993a5010, 0x00000236993a4980,
0x00000236993a56a0, 0x000002369a38ee60, 0x000002369a391c50, 0x00000236995bbe80,
0x00000236995baad0, 0x00000236995b9db0, 0x00000236995bc510, 0x00000236995bb160,
0x000002369831e170, 0x000002369831c0a0, 0x000002369831e800, 0x00000236a72e6ee0,
0x000002369a725c80, 0x000002369a727030, 0x00000236a01be510, 0x00000236a01bd160,
0x00000236a01bcad0, 0x00000236a01bb090, 0x00000236a72e4e10, 0x00000236a72e5b30,
0x00000236a72e61c0, 0x00000236a72e6850, 0x00000236a72e7570, 0x00000236a72e4780,
0x00000236a72e8920, 0x00000236a6db2fe0
}

Java Threads: ( => current thread )
  0x000002362d788ee0 JavaThread "main"                              [_thread_blocked, id=13872, stack(0x0000008792000000,0x0000008792100000) (1024K)]
  0x000002364e78ab30 JavaThread "Reference Handler"          daemon [_thread_blocked, id=8364, stack(0x0000008792800000,0x0000008792900000) (1024K)]
  0x000002364e7903d0 JavaThread "Finalizer"                  daemon [_thread_blocked, id=16956, stack(0x0000008792900000,0x0000008792a00000) (1024K)]
  0x000002364e791b50 JavaThread "Signal Dispatcher"          daemon [_thread_blocked, id=15036, stack(0x0000008792a00000,0x0000008792b00000) (1024K)]
  0x000002364e7925b0 JavaThread "Attach Listener"            daemon [_thread_blocked, id=7140, stack(0x0000008792b00000,0x0000008792c00000) (1024K)]
  0x000002364e793010 JavaThread "Service Thread"             daemon [_thread_blocked, id=15136, stack(0x0000008792c00000,0x0000008792d00000) (1024K)]
  0x000002364e793a70 JavaThread "Monitor Deflation Thread"   daemon [_thread_blocked, id=10788, stack(0x0000008792d00000,0x0000008792e00000) (1024K)]
  0x000002364e795810 JavaThread "C2 CompilerThread0"         daemon [_thread_blocked, id=15692, stack(0x0000008792e00000,0x0000008792f00000) (1024K)]
  0x000002364e7febc0 JavaThread "C1 CompilerThread0"         daemon [_thread_blocked, id=9788, stack(0x0000008792f00000,0x0000008793000000) (1024K)]
  0x000002364e92f060 JavaThread "Common-Cleaner"             daemon [_thread_blocked, id=3152, stack(0x0000008793000000,0x0000008793100000) (1024K)]
  0x000002364e9956f0 JavaThread "Notification Thread"        daemon [_thread_blocked, id=18264, stack(0x0000008793100000,0x0000008793200000) (1024K)]
  0x000002369580cd40 JavaThread "Daemon health stats"               [_thread_blocked, id=14604, stack(0x0000008793300000,0x0000008793400000) (1024K)]
  0x0000023694c94380 JavaThread "Incoming local TCP Connector on port 59930"        [_thread_in_native, id=4656, stack(0x0000008793400000,0x0000008793500000) (1024K)]
  0x000002369491f070 JavaThread "Daemon periodic checks"            [_thread_blocked, id=4296, stack(0x0000008793500000,0x0000008793600000) (1024K)]
  0x0000023694edd210 JavaThread "Daemon"                            [_thread_blocked, id=14756, stack(0x0000008793700000,0x0000008793800000) (1024K)]
  0x0000023694c54400 JavaThread "Handler for socket connection from /127.0.0.1:59930 to /127.0.0.1:59934"        [_thread_in_native, id=6284, stack(0x0000008793800000,0x0000008793900000) (1024K)]
  0x0000023694f7a040 JavaThread "Cancel handler"                    [_thread_blocked, id=7900, stack(0x0000008793900000,0x0000008793a00000) (1024K)]
  0x0000023694f7bbc0 JavaThread "Daemon worker"                     [_thread_blocked, id=11164, stack(0x0000008793a00000,0x0000008793b00000) (1024K)]
  0x0000023694de7170 JavaThread "Asynchronous log dispatcher for DefaultDaemonConnection: socket connection from /127.0.0.1:59930 to /127.0.0.1:59934"        [_thread_blocked, id=17420, stack(0x0000008793b00000,0x0000008793c00000) (1024K)]
  0x0000023694de6450 JavaThread "Stdin handler"                     [_thread_blocked, id=13196, stack(0x0000008793c00000,0x0000008793d00000) (1024K)]
  0x0000023694de4a10 JavaThread "Daemon client event forwarder"        [_thread_blocked, id=276, stack(0x0000008793d00000,0x0000008793e00000) (1024K)]
  0x0000023694de6ae0 JavaThread "Cache worker for journal cache (C:\Users\isaac\.gradle\caches\journal-1)"        [_thread_blocked, id=2208, stack(0x0000008793e00000,0x0000008793f00000) (1024K)]
  0x0000023694de50a0 JavaThread "File lock request listener"        [_thread_in_native, id=17632, stack(0x0000008793f00000,0x0000008794000000) (1024K)]
  0x0000023694de7800 JavaThread "Cache worker for file hash cache (C:\Users\isaac\.gradle\caches\9.4.1\fileHashes)"        [_thread_blocked, id=17940, stack(0x0000008794000000,0x0000008794100000) (1024K)]
  0x0000023694de5dc0 JavaThread "Cache worker for file hash cache (C:\Users\isaac\AndroidStudioProjects\EjemploMoviles\.gradle\9.4.1\fileHashes)"        [_thread_blocked, id=5912, stack(0x0000008794100000,0x0000008794200000) (1024K)]
  0x0000023695d3eb60 JavaThread "Cache worker for checksums cache (C:\Users\isaac\AndroidStudioProjects\EjemploMoviles\.gradle\9.4.1\checksums)"        [_thread_blocked, id=7784, stack(0x0000008794200000,0x0000008794300000) (1024K)]
  0x0000023695d3e4d0 JavaThread "Cache worker for Build Output Cleanup Cache (C:\Users\isaac\AndroidStudioProjects\EjemploMoviles\.gradle\buildOutputCleanup)"        [_thread_blocked, id=6560, stack(0x0000008794300000,0x0000008794400000) (1024K)]
  0x0000023695d3f1f0 JavaThread "Cache worker for file content cache (C:\Users\isaac\.gradle\caches\9.4.1\fileContent)"        [_thread_blocked, id=17264, stack(0x0000008794400000,0x0000008794500000) (1024K)]
  0x0000023695d3f880 JavaThread "File watcher server"        daemon [_thread_blocked, id=16960, stack(0x0000008793200000,0x0000008793300000) (1024K)]
  0x0000023695d3ff10 JavaThread "File watcher consumer"      daemon [_thread_blocked, id=12872, stack(0x0000008793600000,0x0000008793700000) (1024K)]
  0x0000023695d40c30 JavaThread "Cache worker for cache directory md-supplier (C:\Users\isaac\.gradle\caches\9.4.1\md-supplier)"        [_thread_blocked, id=17680, stack(0x0000008794500000,0x0000008794600000) (1024K)]
  0x0000023695d3de40 JavaThread "Cache worker for cache directory md-rule (C:\Users\isaac\.gradle\caches\9.4.1\md-rule)"        [_thread_blocked, id=13772, stack(0x0000008794600000,0x0000008794700000) (1024K)]
  0x0000023695d43390 JavaThread "jar transforms"                    [_thread_blocked, id=14744, stack(0x0000008794700000,0x0000008794800000) (1024K)]
  0x0000023695d43a20 JavaThread "jar transforms Thread 2"           [_thread_blocked, id=17760, stack(0x0000008794900000,0x0000008794a00000) (1024K)]
  0x0000023695d42d00 JavaThread "jar transforms Thread 3"           [_thread_blocked, id=18024, stack(0x0000008794800000,0x0000008794900000) (1024K)]
  0x0000023695d440b0 JavaThread "Build operations"                  [_thread_blocked, id=16676, stack(0x0000008794a00000,0x0000008794b00000) (1024K)]
  0x0000023695d44740 JavaThread "Build operations Thread 2"         [_thread_blocked, id=17900, stack(0x0000008794b00000,0x0000008794c00000) (1024K)]
  0x0000023695d42670 JavaThread "Build operations Thread 3"         [_thread_blocked, id=6544, stack(0x0000008794e00000,0x0000008794f00000) (1024K)]
  0x0000023695d44dd0 JavaThread "Build operations Thread 4"         [_thread_blocked, id=16424, stack(0x0000008794f00000,0x0000008795000000) (1024K)]
  0x0000023695d45460 JavaThread "jar transforms Thread 4"           [_thread_blocked, id=2612, stack(0x0000008795000000,0x0000008795100000) (1024K)]
  0x00000236993a28b0 JavaThread "Configuration cache report writer"        [_thread_blocked, id=14232, stack(0x0000008795100000,0x0000008795200000) (1024K)]
  0x00000236993a2220 JavaThread "build event listener"              [_thread_blocked, id=15400, stack(0x0000008795500000,0x0000008795600000) (1024K)]
  0x00000236993a5010 JavaThread "Memory manager"                    [_thread_blocked, id=14160, stack(0x0000008795600000,0x0000008795700000) (1024K)]
  0x00000236993a4980 JavaThread "build event listener"              [_thread_blocked, id=11748, stack(0x0000008795700000,0x0000008795800000) (1024K)]
  0x00000236993a56a0 JavaThread "build event listener"              [_thread_blocked, id=9160, stack(0x0000008795800000,0x0000008795900000) (1024K)]
  0x000002369a38ee60 JavaThread "pool-3-thread-1"                   [_thread_blocked, id=8124, stack(0x0000008794c00000,0x0000008794d00000) (1024K)]
  0x000002369a391c50 JavaThread "build event listener"              [_thread_blocked, id=13084, stack(0x0000008795200000,0x0000008795300000) (1024K)]
  0x00000236995bbe80 JavaThread "included builds"                   [_thread_blocked, id=3568, stack(0x0000008794d00000,0x0000008794e00000) (1024K)]
  0x00000236995baad0 JavaThread "Execution worker"                  [_thread_blocked, id=4960, stack(0x0000008795300000,0x0000008795400000) (1024K)]
  0x00000236995b9db0 JavaThread "Execution worker Thread 2"         [_thread_blocked, id=11228, stack(0x0000008795900000,0x0000008795a00000) (1024K)]
  0x00000236995bc510 JavaThread "Execution worker Thread 3"         [_thread_blocked, id=13912, stack(0x0000008795a00000,0x0000008795b00000) (1024K)]
  0x00000236995bb160 JavaThread "Cache worker for execution history cache (C:\Users\isaac\AndroidStudioProjects\EjemploMoviles\.gradle\9.4.1\executionHistory)"        [_thread_blocked, id=232, stack(0x0000008795b00000,0x0000008795c00000) (1024K)]
  0x000002369831e170 JavaThread "WorkerExecutor Queue"              [_thread_in_native, id=2956, stack(0x0000008795f00000,0x0000008796000000) (1024K)]
  0x000002369831c0a0 JavaThread "WorkerExecutor Queue Thread 2"        [_thread_blocked, id=7880, stack(0x0000008796000000,0x0000008796100000) (1024K)]
  0x000002369831e800 JavaThread "WorkerExecutor Queue Thread 3"        [_thread_blocked, id=14076, stack(0x0000008796100000,0x0000008796200000) (1024K)]
  0x00000236a72e6ee0 JavaThread "WorkerExecutor Queue Thread 4"        [_thread_blocked, id=13052, stack(0x0000008795d00000,0x0000008795e00000) (1024K)]
  0x000002369a725c80 JavaThread "RMI Scheduler(0)"           daemon [_thread_blocked, id=14388, stack(0x0000008795400000,0x0000008795500000) (1024K)]
  0x000002369a727030 JavaThread "RMI RenewClean-[127.0.0.1:17247,org.jetbrains.kotlin.daemon.common.LoopbackNetworkInterface$ClientLoopbackSocketFactory@69e8b048]" daemon [_thread_blocked, id=13720, stack(0x0000008795c00000,0x0000008795d00000) (1024K)]
  0x00000236a01be510 JavaThread "RMI GC Daemon"              daemon [_thread_blocked, id=2404, stack(0x0000008795e00000,0x0000008795f00000) (1024K)]
  0x00000236a01bd160 JavaThread "RMI TCP Accept-0"           daemon [_thread_in_native, id=14492, stack(0x0000008796200000,0x0000008796300000) (1024K)]
  0x00000236a01bcad0 JavaThread "RMI Reaper"                        [_thread_blocked, id=4524, stack(0x0000008796300000,0x0000008796400000) (1024K)]
  0x00000236a01bb090 JavaThread "RMI TCP Connection(idle)"   daemon [_thread_blocked, id=13844, stack(0x0000008796400000,0x0000008796500000) (1024K)]
  0x00000236a72e4e10 JavaThread "pool-5-thread-1"                   [_thread_blocked, id=16204, stack(0x0000008796500000,0x0000008796600000) (1024K)]
  0x00000236a72e5b30 JavaThread "stderr"                            [_thread_in_native, id=9124, stack(0x0000008796600000,0x0000008796700000) (1024K)]
  0x00000236a72e61c0 JavaThread "stdout"                            [_thread_in_native, id=15024, stack(0x0000008796700000,0x0000008796800000) (1024K)]
  0x00000236a72e6850 JavaThread "ForkJoinPool-1-worker-1"    daemon [_thread_blocked, id=12476, stack(0x0000008796800000,0x0000008796900000) (1024K)]
  0x00000236a72e7570 JavaThread "ForkJoinPool-1-worker-2"    daemon [_thread_blocked, id=1940, stack(0x0000008796900000,0x0000008796a00000) (1024K)]
  0x00000236a72e4780 JavaThread "ForkJoinPool-1-worker-3"    daemon [_thread_blocked, id=13564, stack(0x0000008796a00000,0x0000008796b00000) (1024K)]
  0x00000236a72e8920 JavaThread "ForkJoinPool-1-worker-4"    daemon [_thread_blocked, id=2068, stack(0x0000008796b00000,0x0000008796c00000) (1024K)]
  0x00000236a6db2fe0 JavaThread "C2 CompilerThread1"         daemon [_thread_blocked, id=14368, stack(0x0000008796c00000,0x0000008796d00000) (1024K)]
Total: 70

Other Threads:
=>0x000002364e76f1b0 VMThread "VM Thread"                           [id=17788, stack(0x0000008792700000,0x0000008792800000) (1024K)]
  0x000002364e75e0c0 WatcherThread "VM Periodic Task Thread"        [id=15716, stack(0x0000008792600000,0x0000008792700000) (1024K)]
  0x000002362fc37a00 WorkerThread "GC Thread#0"                     [id=6480, stack(0x0000008792100000,0x0000008792200000) (1024K)]
  0x000002364ebf81c0 WorkerThread "GC Thread#1"                     [id=9016, stack(0x0000008791d00000,0x0000008791e00000) (1024K)]
  0x000002364ebe9a00 WorkerThread "GC Thread#2"                     [id=18036, stack(0x0000008791e00000,0x0000008791f00000) (1024K)]
  0x000002364e7e74f0 WorkerThread "GC Thread#3"                     [id=15876, stack(0x0000008791f00000,0x0000008792000000) (1024K)]
  0x000002362fc48900 ConcurrentGCThread "G1 Main Marker"            [id=868, stack(0x0000008792200000,0x0000008792300000) (1024K)]
  0x000002362fc49320 WorkerThread "G1 Conc#0"                       [id=18072, stack(0x0000008792300000,0x0000008792400000) (1024K)]
  0x000002362fc8ce90 ConcurrentGCThread "G1 Refine#0"               [id=12592, stack(0x0000008792400000,0x0000008792500000) (1024K)]
  0x000002362fc8e7d0 ConcurrentGCThread "G1 Service"                [id=6184, stack(0x0000008792500000,0x0000008792600000) (1024K)]
Total: 10

Threads with active compile tasks:
C2 CompilerThread0  784773 31787       4       com.android.tools.r8.dex.j::a (1855 bytes)
C2 CompilerThread1  784773 31792       4       com.android.tools.r8.dex.j::a (134 bytes)
Total: 2

VM state: at safepoint (normal execution)

VM Mutex/Monitor currently owned by a thread:  ([mutex/lock_event])
[0x00007ffe788e65c0] Threads_lock - owner thread: 0x000002364e76f1b0
[0x00007ffe788e66c0] Heap_lock - owner thread: 0x000002369831c0a0

Heap address: 0x0000000700000000, size: 4096 MB, Compressed Oops mode: Zero based, Oop shift amount: 3

CDS archive(s) mapped at: [0x000002364f000000-0x000002364fc80000-0x000002364fc80000), size 13107200, SharedBaseAddress: 0x000002364f000000, ArchiveRelocationMode: 1.
Compressed class space mapped at: 0x0000023650000000-0x0000023690000000, reserved size: 1073741824
Narrow klass base: 0x000002364f000000, Narrow klass shift: 0, Narrow klass range: 0x100000000

GC Precious Log:
 CardTable entry size: 512
 Card Set container configuration: InlinePtr #cards 4 size 8 Array Of Cards #cards 16 size 48 Howl #buckets 8 coarsen threshold 3686 Howl Bitmap #cards 512 size 80 coarsen threshold 460 Card regions per heap region 1 cards per card region 4096
 CPUs: 4 total, 4 available
 Memory: 6059M
 Large Page Support: Disabled
 NUMA Support: Disabled
 Compressed Oops: Enabled (Zero based)
 Heap Region Size: 2M
 Heap Min Capacity: 8M
 Heap Initial Capacity: 96M
 Heap Max Capacity: 4G
 Pre-touch: Disabled
 Parallel Workers: 4
 Concurrent Workers: 1
 Concurrent Refinement Workers: 4
 Periodic GC: Disabled

Heap:
 garbage-first heap   total 1062912K, used 800234K [0x0000000700000000, 0x0000000800000000)
  region size 2048K, 4 young (8192K), 4 survivors (8192K)
 Metaspace       used 178425K, committed 181760K, reserved 1245184K
  class space    used 23913K, committed 25600K, reserved 1048576K

Heap Regions: E=young(eden), S=young(survivor), O=old, HS=humongous(starts), HC=humongous(continues), CS=collection set, F=free, TAMS=top-at-mark-start, PB=parsable bottom
|   0|0x0000000700000000, 0x0000000700200000, 0x0000000700200000|100%| O|  |TAMS 0x0000000700000000| PB 0x0000000700000000| Untracked 
|   1|0x0000000700200000, 0x0000000700400000, 0x0000000700400000|100%| O|  |TAMS 0x0000000700200000| PB 0x0000000700200000| Untracked 
|   2|0x0000000700400000, 0x0000000700600000, 0x0000000700600000|100%|HS|  |TAMS 0x0000000700400000| PB 0x0000000700400000| Complete 
|   3|0x0000000700600000, 0x0000000700800000, 0x0000000700800000|100%|HC|  |TAMS 0x0000000700600000| PB 0x0000000700600000| Complete 
|   4|0x0000000700800000, 0x0000000700a00000, 0x0000000700a00000|100%| O|  |TAMS 0x0000000700800000| PB 0x0000000700800000| Untracked 
|   5|0x0000000700a00000, 0x0000000700c00000, 0x0000000700c00000|100%| O|  |TAMS 0x0000000700a00000| PB 0x0000000700a00000| Untracked 
|   6|0x0000000700c00000, 0x0000000700e00000, 0x0000000700e00000|100%| O|  |TAMS 0x0000000700c00000| PB 0x0000000700c00000| Untracked 
|   7|0x0000000700e00000, 0x0000000701000000, 0x0000000701000000|100%| O|  |TAMS 0x0000000700e00000| PB 0x0000000700e00000| Untracked 
|   8|0x0000000701000000, 0x0000000701200000, 0x0000000701200000|100%| O|  |TAMS 0x0000000701000000| PB 0x0000000701000000| Untracked 
|   9|0x0000000701200000, 0x0000000701400000, 0x0000000701400000|100%| O|  |TAMS 0x0000000701200000| PB 0x0000000701200000| Untracked 
|  10|0x0000000701400000, 0x0000000701600000, 0x0000000701600000|100%| O|  |TAMS 0x0000000701400000| PB 0x0000000701400000| Untracked 
|  11|0x0000000701600000, 0x0000000701800000, 0x0000000701800000|100%| O|  |TAMS 0x0000000701600000| PB 0x0000000701600000| Untracked 
|  12|0x0000000701800000, 0x0000000701a00000, 0x0000000701a00000|100%| O|  |TAMS 0x0000000701800000| PB 0x0000000701800000| Untracked 
|  13|0x0000000701a00000, 0x0000000701c00000, 0x0000000701c00000|100%|HS|  |TAMS 0x0000000701a00000| PB 0x0000000701a00000| Complete 
|  14|0x0000000701c00000, 0x0000000701e00000, 0x0000000701e00000|100%|HS|  |TAMS 0x0000000701c00000| PB 0x0000000701c00000| Complete 
|  15|0x0000000701e00000, 0x0000000702000000, 0x0000000702000000|100%| O|  |TAMS 0x0000000701e00000| PB 0x0000000701e00000| Untracked 
|  16|0x0000000702000000, 0x0000000702200000, 0x0000000702200000|100%| O|  |TAMS 0x0000000702000000| PB 0x0000000702000000| Untracked 
|  17|0x0000000702200000, 0x0000000702400000, 0x0000000702400000|100%| O|  |TAMS 0x0000000702200000| PB 0x0000000702200000| Untracked 
|  18|0x0000000702400000, 0x0000000702600000, 0x0000000702600000|100%| O|  |TAMS 0x0000000702400000| PB 0x0000000702400000| Untracked 
|  19|0x0000000702600000, 0x0000000702800000, 0x0000000702800000|100%| O|  |TAMS 0x0000000702600000| PB 0x0000000702600000| Untracked 
|  20|0x0000000702800000, 0x0000000702a00000, 0x0000000702a00000|100%| O|  |TAMS 0x0000000702800000| PB 0x0000000702800000| Untracked 
|  21|0x0000000702a00000, 0x0000000702c00000, 0x0000000702c00000|100%| O|  |TAMS 0x0000000702a00000| PB 0x0000000702a00000| Untracked 
|  22|0x0000000702c00000, 0x0000000702e00000, 0x0000000702e00000|100%| O|  |TAMS 0x0000000702c00000| PB 0x0000000702c00000| Untracked 
|  23|0x0000000702e00000, 0x0000000703000000, 0x0000000703000000|100%| O|  |TAMS 0x0000000702e00000| PB 0x0000000702e00000| Untracked 
|  24|0x0000000703000000, 0x0000000703200000, 0x0000000703200000|100%| O|  |TAMS 0x0000000703000000| PB 0x0000000703000000| Untracked 
|  25|0x0000000703200000, 0x0000000703400000, 0x0000000703400000|100%|HS|  |TAMS 0x0000000703200000| PB 0x0000000703200000| Complete 
|  26|0x0000000703400000, 0x0000000703600000, 0x0000000703600000|100%| O|  |TAMS 0x0000000703400000| PB 0x0000000703400000| Untracked 
|  27|0x0000000703600000, 0x0000000703800000, 0x0000000703800000|100%| O|  |TAMS 0x0000000703600000| PB 0x0000000703600000| Untracked 
|  28|0x0000000703800000, 0x0000000703a00000, 0x0000000703a00000|100%| O|  |TAMS 0x0000000703800000| PB 0x0000000703800000| Untracked 
|  29|0x0000000703a00000, 0x0000000703c00000, 0x0000000703c00000|100%| O|  |TAMS 0x0000000703a00000| PB 0x0000000703a00000| Untracked 
|  30|0x0000000703c00000, 0x0000000703e00000, 0x0000000703e00000|100%| O|  |TAMS 0x0000000703c00000| PB 0x0000000703c00000| Untracked 
|  31|0x0000000703e00000, 0x0000000704000000, 0x0000000704000000|100%| O|  |TAMS 0x0000000703e00000| PB 0x0000000703e00000| Untracked 
|  32|0x0000000704000000, 0x0000000704200000, 0x0000000704200000|100%| O|  |TAMS 0x0000000704000000| PB 0x0000000704000000| Untracked 
|  33|0x0000000704200000, 0x0000000704400000, 0x0000000704400000|100%| O|  |TAMS 0x0000000704200000| PB 0x0000000704200000| Untracked 
|  34|0x0000000704400000, 0x0000000704600000, 0x0000000704600000|100%| O|  |TAMS 0x0000000704400000| PB 0x0000000704400000| Untracked 
|  35|0x0000000704600000, 0x0000000704800000, 0x0000000704800000|100%| O|  |TAMS 0x0000000704600000| PB 0x0000000704600000| Untracked 
|  36|0x0000000704800000, 0x0000000704a00000, 0x0000000704a00000|100%| O|  |TAMS 0x0000000704800000| PB 0x0000000704800000| Untracked 
|  37|0x0000000704a00000, 0x0000000704c00000, 0x0000000704c00000|100%| O|  |TAMS 0x0000000704a00000| PB 0x0000000704a00000| Untracked 
|  38|0x0000000704c00000, 0x0000000704e00000, 0x0000000704e00000|100%| O|  |TAMS 0x0000000704c00000| PB 0x0000000704c00000| Untracked 
|  39|0x0000000704e00000, 0x0000000705000000, 0x0000000705000000|100%| O|  |TAMS 0x0000000704e00000| PB 0x0000000704e00000| Untracked 
|  40|0x0000000705000000, 0x0000000705200000, 0x0000000705200000|100%| O|  |TAMS 0x0000000705000000| PB 0x0000000705000000| Untracked 
|  41|0x0000000705200000, 0x0000000705400000, 0x0000000705400000|100%| O|  |TAMS 0x0000000705200000| PB 0x0000000705200000| Untracked 
|  42|0x0000000705400000, 0x0000000705600000, 0x0000000705600000|100%| O|  |TAMS 0x0000000705400000| PB 0x0000000705400000| Untracked 
|  43|0x0000000705600000, 0x0000000705800000, 0x0000000705800000|100%| O|  |TAMS 0x0000000705600000| PB 0x0000000705600000| Untracked 
|  44|0x0000000705800000, 0x0000000705a00000, 0x0000000705a00000|100%| O|  |TAMS 0x0000000705800000| PB 0x0000000705800000| Untracked 
|  45|0x0000000705a00000, 0x0000000705c00000, 0x0000000705c00000|100%| O|  |TAMS 0x0000000705a00000| PB 0x0000000705a00000| Untracked 
|  46|0x0000000705c00000, 0x0000000705e00000, 0x0000000705e00000|100%| O|  |TAMS 0x0000000705c00000| PB 0x0000000705c00000| Untracked 
|  47|0x0000000705e00000, 0x0000000706000000, 0x0000000706000000|100%| O|  |TAMS 0x0000000705e00000| PB 0x0000000705e00000| Untracked 
|  48|0x0000000706000000, 0x0000000706200000, 0x0000000706200000|100%| O|  |TAMS 0x0000000706000000| PB 0x0000000706000000| Untracked 
|  49|0x0000000706200000, 0x0000000706400000, 0x0000000706400000|100%| O|  |TAMS 0x0000000706200000| PB 0x0000000706200000| Untracked 
|  50|0x0000000706400000, 0x0000000706600000, 0x0000000706600000|100%| O|  |TAMS 0x0000000706400000| PB 0x0000000706400000| Untracked 
|  51|0x0000000706600000, 0x0000000706800000, 0x0000000706800000|100%| O|  |TAMS 0x0000000706600000| PB 0x0000000706600000| Untracked 
|  52|0x0000000706800000, 0x0000000706a00000, 0x0000000706a00000|100%| O|  |TAMS 0x0000000706800000| PB 0x0000000706800000| Untracked 
|  53|0x0000000706a00000, 0x0000000706c00000, 0x0000000706c00000|100%| O|  |TAMS 0x0000000706a00000| PB 0x0000000706a00000| Untracked 
|  54|0x0000000706c00000, 0x0000000706e00000, 0x0000000706e00000|100%| O|  |TAMS 0x0000000706c00000| PB 0x0000000706c00000| Untracked 
|  55|0x0000000706e00000, 0x0000000707000000, 0x0000000707000000|100%| O|  |TAMS 0x0000000706e00000| PB 0x0000000706e00000| Untracked 
|  56|0x0000000707000000, 0x0000000707200000, 0x0000000707200000|100%| O|  |TAMS 0x0000000707000000| PB 0x0000000707000000| Untracked 
|  57|0x0000000707200000, 0x0000000707400000, 0x0000000707400000|100%| O|  |TAMS 0x0000000707200000| PB 0x0000000707200000| Untracked 
|  58|0x0000000707400000, 0x0000000707600000, 0x0000000707600000|100%| O|  |TAMS 0x0000000707400000| PB 0x0000000707400000| Untracked 
|  59|0x0000000707600000, 0x0000000707800000, 0x0000000707800000|100%| O|  |TAMS 0x0000000707600000| PB 0x0000000707600000| Untracked 
|  60|0x0000000707800000, 0x0000000707a00000, 0x0000000707a00000|100%| O|  |TAMS 0x0000000707800000| PB 0x0000000707800000| Untracked 
|  61|0x0000000707a00000, 0x0000000707c00000, 0x0000000707c00000|100%| O|  |TAMS 0x0000000707a00000| PB 0x0000000707a00000| Untracked 
|  62|0x0000000707c00000, 0x0000000707e00000, 0x0000000707e00000|100%| O|  |TAMS 0x0000000707c00000| PB 0x0000000707c00000| Untracked 
|  63|0x0000000707e00000, 0x0000000708000000, 0x0000000708000000|100%| O|  |TAMS 0x0000000707e00000| PB 0x0000000707e00000| Untracked 
|  64|0x0000000708000000, 0x0000000708200000, 0x0000000708200000|100%| O|  |TAMS 0x0000000708000000| PB 0x0000000708000000| Untracked 
|  65|0x0000000708200000, 0x0000000708400000, 0x0000000708400000|100%| O|  |TAMS 0x0000000708200000| PB 0x0000000708200000| Untracked 
|  66|0x0000000708400000, 0x0000000708600000, 0x0000000708600000|100%| O|  |TAMS 0x0000000708400000| PB 0x0000000708400000| Untracked 
|  67|0x0000000708600000, 0x0000000708800000, 0x0000000708800000|100%| O|  |TAMS 0x0000000708600000| PB 0x0000000708600000| Untracked 
|  68|0x0000000708800000, 0x0000000708a00000, 0x0000000708a00000|100%| O|  |TAMS 0x0000000708800000| PB 0x0000000708800000| Untracked 
|  69|0x0000000708a00000, 0x0000000708c00000, 0x0000000708c00000|100%|HS|  |TAMS 0x0000000708a00000| PB 0x0000000708a00000| Complete 
|  70|0x0000000708c00000, 0x0000000708e00000, 0x0000000708e00000|100%| O|  |TAMS 0x0000000708c00000| PB 0x0000000708c00000| Untracked 
|  71|0x0000000708e00000, 0x0000000709000000, 0x0000000709000000|100%| O|  |TAMS 0x0000000708e00000| PB 0x0000000708e00000| Untracked 
|  72|0x0000000709000000, 0x0000000709200000, 0x0000000709200000|100%|HS|  |TAMS 0x0000000709000000| PB 0x0000000709000000| Complete 
|  73|0x0000000709200000, 0x0000000709400000, 0x0000000709400000|100%|HC|  |TAMS 0x0000000709200000| PB 0x0000000709200000| Complete 
|  74|0x0000000709400000, 0x0000000709600000, 0x0000000709600000|100%| O|  |TAMS 0x0000000709400000| PB 0x0000000709400000| Untracked 
|  75|0x0000000709600000, 0x0000000709800000, 0x0000000709800000|100%| O|  |TAMS 0x0000000709600000| PB 0x0000000709600000| Untracked 
|  76|0x0000000709800000, 0x0000000709a00000, 0x0000000709a00000|100%| O|  |TAMS 0x0000000709800000| PB 0x0000000709800000| Untracked 
|  77|0x0000000709a00000, 0x0000000709c00000, 0x0000000709c00000|100%| O|  |TAMS 0x0000000709a00000| PB 0x0000000709a00000| Untracked 
|  78|0x0000000709c00000, 0x0000000709e00000, 0x0000000709e00000|100%| O|  |TAMS 0x0000000709c00000| PB 0x0000000709c00000| Untracked 
|  79|0x0000000709e00000, 0x000000070a000000, 0x000000070a000000|100%| O|  |TAMS 0x0000000709e00000| PB 0x0000000709e00000| Untracked 
|  80|0x000000070a000000, 0x000000070a200000, 0x000000070a200000|100%|HS|  |TAMS 0x000000070a000000| PB 0x000000070a000000| Complete 
|  81|0x000000070a200000, 0x000000070a400000, 0x000000070a400000|100%| O|  |TAMS 0x000000070a200000| PB 0x000000070a200000| Untracked 
|  82|0x000000070a400000, 0x000000070a600000, 0x000000070a600000|100%| O|  |TAMS 0x000000070a400000| PB 0x000000070a400000| Untracked 
|  83|0x000000070a600000, 0x000000070a800000, 0x000000070a800000|100%| O|  |TAMS 0x000000070a600000| PB 0x000000070a600000| Untracked 
|  84|0x000000070a800000, 0x000000070aa00000, 0x000000070aa00000|100%| O|  |TAMS 0x000000070a800000| PB 0x000000070a800000| Untracked 
|  85|0x000000070aa00000, 0x000000070ac00000, 0x000000070ac00000|100%|HS|  |TAMS 0x000000070aa00000| PB 0x000000070aa00000| Complete 
|  86|0x000000070ac00000, 0x000000070ae00000, 0x000000070ae00000|100%| O|  |TAMS 0x000000070ac00000| PB 0x000000070ac00000| Untracked 
|  87|0x000000070ae00000, 0x000000070b000000, 0x000000070b000000|100%| O|  |TAMS 0x000000070ae00000| PB 0x000000070ae00000| Untracked 
|  88|0x000000070b000000, 0x000000070b200000, 0x000000070b200000|100%| O|  |TAMS 0x000000070b000000| PB 0x000000070b000000| Untracked 
|  89|0x000000070b200000, 0x000000070b400000, 0x000000070b400000|100%|HS|  |TAMS 0x000000070b200000| PB 0x000000070b200000| Complete 
|  90|0x000000070b400000, 0x000000070b600000, 0x000000070b600000|100%|HC|  |TAMS 0x000000070b400000| PB 0x000000070b400000| Complete 
|  91|0x000000070b600000, 0x000000070b800000, 0x000000070b800000|100%|HC|  |TAMS 0x000000070b600000| PB 0x000000070b600000| Complete 
|  92|0x000000070b800000, 0x000000070ba00000, 0x000000070ba00000|100%|HC|  |TAMS 0x000000070b800000| PB 0x000000070b800000| Complete 
|  93|0x000000070ba00000, 0x000000070bc00000, 0x000000070bc00000|100%| O|  |TAMS 0x000000070ba00000| PB 0x000000070ba00000| Untracked 
|  94|0x000000070bc00000, 0x000000070be00000, 0x000000070be00000|100%| O|  |TAMS 0x000000070bc00000| PB 0x000000070bc00000| Untracked 
|  95|0x000000070be00000, 0x000000070c000000, 0x000000070c000000|100%| O|  |TAMS 0x000000070be00000| PB 0x000000070be00000| Untracked 
|  96|0x000000070c000000, 0x000000070c200000, 0x000000070c200000|100%| O|  |TAMS 0x000000070c000000| PB 0x000000070c000000| Untracked 
|  97|0x000000070c200000, 0x000000070c400000, 0x000000070c400000|100%| O|  |TAMS 0x000000070c200000| PB 0x000000070c200000| Untracked 
|  98|0x000000070c400000, 0x000000070c600000, 0x000000070c600000|100%| O|  |TAMS 0x000000070c400000| PB 0x000000070c400000| Untracked 
|  99|0x000000070c600000, 0x000000070c800000, 0x000000070c800000|100%| O|  |TAMS 0x000000070c600000| PB 0x000000070c600000| Untracked 
| 100|0x000000070c800000, 0x000000070ca00000, 0x000000070ca00000|100%| O|  |TAMS 0x000000070c800000| PB 0x000000070c800000| Untracked 
| 101|0x000000070ca00000, 0x000000070cc00000, 0x000000070cc00000|100%| O|  |TAMS 0x000000070ca00000| PB 0x000000070ca00000| Untracked 
| 102|0x000000070cc00000, 0x000000070ce00000, 0x000000070ce00000|100%| O|  |TAMS 0x000000070cc00000| PB 0x000000070cc00000| Untracked 
| 103|0x000000070ce00000, 0x000000070d000000, 0x000000070d000000|100%| O|  |TAMS 0x000000070ce00000| PB 0x000000070ce00000| Untracked 
| 104|0x000000070d000000, 0x000000070d200000, 0x000000070d200000|100%|HS|  |TAMS 0x000000070d000000| PB 0x000000070d000000| Complete 
| 105|0x000000070d200000, 0x000000070d400000, 0x000000070d400000|100%| O|  |TAMS 0x000000070d200000| PB 0x000000070d200000| Untracked 
| 106|0x000000070d400000, 0x000000070d600000, 0x000000070d600000|100%| O|  |TAMS 0x000000070d400000| PB 0x000000070d400000| Untracked 
| 107|0x000000070d600000, 0x000000070d800000, 0x000000070d800000|100%| O|  |TAMS 0x000000070d600000| PB 0x000000070d600000| Untracked 
| 108|0x000000070d800000, 0x000000070da00000, 0x000000070da00000|100%| O|  |TAMS 0x000000070d800000| PB 0x000000070d800000| Untracked 
| 109|0x000000070da00000, 0x000000070dc00000, 0x000000070dc00000|100%|HS|  |TAMS 0x000000070da00000| PB 0x000000070da00000| Complete 
| 110|0x000000070dc00000, 0x000000070de00000, 0x000000070de00000|100%|HS|  |TAMS 0x000000070dc00000| PB 0x000000070dc00000| Complete 
| 111|0x000000070de00000, 0x000000070e000000, 0x000000070e000000|100%|HC|  |TAMS 0x000000070de00000| PB 0x000000070de00000| Complete 
| 112|0x000000070e000000, 0x000000070e200000, 0x000000070e200000|100%|HC|  |TAMS 0x000000070e000000| PB 0x000000070e000000| Complete 
| 113|0x000000070e200000, 0x000000070e400000, 0x000000070e400000|100%|HS|  |TAMS 0x000000070e200000| PB 0x000000070e200000| Complete 
| 114|0x000000070e400000, 0x000000070e600000, 0x000000070e600000|100%|HC|  |TAMS 0x000000070e400000| PB 0x000000070e400000| Complete 
| 115|0x000000070e600000, 0x000000070e800000, 0x000000070e800000|100%|HS|  |TAMS 0x000000070e600000| PB 0x000000070e600000| Complete 
| 116|0x000000070e800000, 0x000000070ea00000, 0x000000070ea00000|100%|HC|  |TAMS 0x000000070e800000| PB 0x000000070e800000| Complete 
| 117|0x000000070ea00000, 0x000000070ec00000, 0x000000070ec00000|100%| O|  |TAMS 0x000000070ea00000| PB 0x000000070ea00000| Untracked 
| 118|0x000000070ec00000, 0x000000070ee00000, 0x000000070ee00000|100%| O|  |TAMS 0x000000070ec00000| PB 0x000000070ec00000| Untracked 
| 119|0x000000070ee00000, 0x000000070f000000, 0x000000070f000000|100%| O|  |TAMS 0x000000070ee00000| PB 0x000000070ee00000| Untracked 
| 120|0x000000070f000000, 0x000000070f200000, 0x000000070f200000|100%| O|  |TAMS 0x000000070f000000| PB 0x000000070f000000| Untracked 
| 121|0x000000070f200000, 0x000000070f400000, 0x000000070f400000|100%| O|  |TAMS 0x000000070f200000| PB 0x000000070f200000| Untracked 
| 122|0x000000070f400000, 0x000000070f400000, 0x000000070f600000|  0%| F|  |TAMS 0x000000070f400000| PB 0x000000070f400000| Untracked 
| 123|0x000000070f600000, 0x000000070f800000, 0x000000070f800000|100%|HS|  |TAMS 0x000000070f600000| PB 0x000000070f600000| Complete 
| 124|0x000000070f800000, 0x000000070fa00000, 0x000000070fa00000|100%|HC|  |TAMS 0x000000070f800000| PB 0x000000070f800000| Complete 
| 125|0x000000070fa00000, 0x000000070fc00000, 0x000000070fc00000|100%| O|  |TAMS 0x000000070fa00000| PB 0x000000070fa00000| Untracked 
| 126|0x000000070fc00000, 0x000000070fe00000, 0x000000070fe00000|100%| O|  |TAMS 0x000000070fc00000| PB 0x000000070fc00000| Untracked 
| 127|0x000000070fe00000, 0x0000000710000000, 0x0000000710000000|100%| O|  |TAMS 0x000000070fe00000| PB 0x000000070fe00000| Untracked 
| 128|0x0000000710000000, 0x0000000710200000, 0x0000000710200000|100%|HS|  |TAMS 0x0000000710000000| PB 0x0000000710000000| Complete 
| 129|0x0000000710200000, 0x0000000710400000, 0x0000000710400000|100%|HC|  |TAMS 0x0000000710200000| PB 0x0000000710200000| Complete 
| 130|0x0000000710400000, 0x0000000710600000, 0x0000000710600000|100%|HC|  |TAMS 0x0000000710400000| PB 0x0000000710400000| Complete 
| 131|0x0000000710600000, 0x0000000710800000, 0x0000000710800000|100%|HC|  |TAMS 0x0000000710600000| PB 0x0000000710600000| Complete 
| 132|0x0000000710800000, 0x0000000710a00000, 0x0000000710a00000|100%| O|  |TAMS 0x0000000710800000| PB 0x0000000710800000| Untracked 
| 133|0x0000000710a00000, 0x0000000710c00000, 0x0000000710c00000|100%| O|  |TAMS 0x0000000710a00000| PB 0x0000000710a00000| Untracked 
| 134|0x0000000710c00000, 0x0000000710e00000, 0x0000000710e00000|100%| O|  |TAMS 0x0000000710c00000| PB 0x0000000710c00000| Untracked 
| 135|0x0000000710e00000, 0x0000000711000000, 0x0000000711000000|100%|HS|  |TAMS 0x0000000710e00000| PB 0x0000000710e00000| Complete 
| 136|0x0000000711000000, 0x0000000711200000, 0x0000000711200000|100%|HC|  |TAMS 0x0000000711000000| PB 0x0000000711000000| Complete 
| 137|0x0000000711200000, 0x0000000711400000, 0x0000000711400000|100%|HC|  |TAMS 0x0000000711200000| PB 0x0000000711200000| Complete 
| 138|0x0000000711400000, 0x0000000711600000, 0x0000000711600000|100%|HS|  |TAMS 0x0000000711400000| PB 0x0000000711400000| Complete 
| 139|0x0000000711600000, 0x0000000711800000, 0x0000000711800000|100%| O|  |TAMS 0x0000000711600000| PB 0x0000000711600000| Untracked 
| 140|0x0000000711800000, 0x0000000711a00000, 0x0000000711a00000|100%|HS|  |TAMS 0x0000000711800000| PB 0x0000000711800000| Complete 
| 141|0x0000000711a00000, 0x0000000711c00000, 0x0000000711c00000|100%|HC|  |TAMS 0x0000000711a00000| PB 0x0000000711a00000| Complete 
| 142|0x0000000711c00000, 0x0000000711e00000, 0x0000000711e00000|100%|HS|  |TAMS 0x0000000711c00000| PB 0x0000000711c00000| Complete 
| 143|0x0000000711e00000, 0x0000000712000000, 0x0000000712000000|100%|HC|  |TAMS 0x0000000711e00000| PB 0x0000000711e00000| Complete 
| 144|0x0000000712000000, 0x0000000712200000, 0x0000000712200000|100%| O|  |TAMS 0x0000000712000000| PB 0x0000000712000000| Untracked 
| 145|0x0000000712200000, 0x0000000712400000, 0x0000000712400000|100%| O|  |TAMS 0x0000000712200000| PB 0x0000000712200000| Untracked 
| 146|0x0000000712400000, 0x0000000712600000, 0x0000000712600000|100%| O|  |TAMS 0x0000000712400000| PB 0x0000000712400000| Untracked 
| 147|0x0000000712600000, 0x0000000712800000, 0x0000000712800000|100%| O|  |TAMS 0x0000000712600000| PB 0x0000000712600000| Untracked 
| 148|0x0000000712800000, 0x0000000712a00000, 0x0000000712a00000|100%| O|  |TAMS 0x0000000712800000| PB 0x0000000712800000| Untracked 
| 149|0x0000000712a00000, 0x0000000712c00000, 0x0000000712c00000|100%| O|  |TAMS 0x0000000712a00000| PB 0x0000000712a00000| Untracked 
| 150|0x0000000712c00000, 0x0000000712e00000, 0x0000000712e00000|100%| O|  |TAMS 0x0000000712c00000| PB 0x0000000712c00000| Untracked 
| 151|0x0000000712e00000, 0x0000000713000000, 0x0000000713000000|100%| O|  |TAMS 0x0000000712e00000| PB 0x0000000712e00000| Untracked 
| 152|0x0000000713000000, 0x0000000713200000, 0x0000000713200000|100%| O|  |TAMS 0x0000000713000000| PB 0x0000000713000000| Untracked 
| 153|0x0000000713200000, 0x0000000713400000, 0x0000000713400000|100%| O|  |TAMS 0x0000000713200000| PB 0x0000000713200000| Untracked 
| 154|0x0000000713400000, 0x0000000713600000, 0x0000000713600000|100%| O|  |TAMS 0x0000000713400000| PB 0x0000000713400000| Untracked 
| 155|0x0000000713600000, 0x0000000713800000, 0x0000000713800000|100%| O|  |TAMS 0x0000000713600000| PB 0x0000000713600000| Untracked 
| 156|0x0000000713800000, 0x0000000713a00000, 0x0000000713a00000|100%| O|  |TAMS 0x0000000713800000| PB 0x0000000713800000| Untracked 
| 157|0x0000000713a00000, 0x0000000713c00000, 0x0000000713c00000|100%| O|  |TAMS 0x0000000713a00000| PB 0x0000000713a00000| Untracked 
| 158|0x0000000713c00000, 0x0000000713e00000, 0x0000000713e00000|100%| O|  |TAMS 0x0000000713c00000| PB 0x0000000713c00000| Untracked 
| 159|0x0000000713e00000, 0x0000000714000000, 0x0000000714000000|100%| O|  |TAMS 0x0000000713e00000| PB 0x0000000713e00000| Untracked 
| 160|0x0000000714000000, 0x0000000714200000, 0x0000000714200000|100%| O|  |TAMS 0x0000000714000000| PB 0x0000000714000000| Untracked 
| 161|0x0000000714200000, 0x0000000714400000, 0x0000000714400000|100%| O|  |TAMS 0x0000000714200000| PB 0x0000000714200000| Untracked 
| 162|0x0000000714400000, 0x0000000714600000, 0x0000000714600000|100%|HS|  |TAMS 0x0000000714400000| PB 0x0000000714400000| Complete 
| 163|0x0000000714600000, 0x0000000714800000, 0x0000000714800000|100%|HC|  |TAMS 0x0000000714600000| PB 0x0000000714600000| Complete 
| 164|0x0000000714800000, 0x0000000714a00000, 0x0000000714a00000|100%|HC|  |TAMS 0x0000000714800000| PB 0x0000000714800000| Complete 
| 165|0x0000000714a00000, 0x0000000714c00000, 0x0000000714c00000|100%|HC|  |TAMS 0x0000000714a00000| PB 0x0000000714a00000| Complete 
| 166|0x0000000714c00000, 0x0000000714e00000, 0x0000000714e00000|100%|HC|  |TAMS 0x0000000714c00000| PB 0x0000000714c00000| Complete 
| 167|0x0000000714e00000, 0x0000000715000000, 0x0000000715000000|100%|HC|  |TAMS 0x0000000714e00000| PB 0x0000000714e00000| Complete 
| 168|0x0000000715000000, 0x0000000715200000, 0x0000000715200000|100%|HC|  |TAMS 0x0000000715000000| PB 0x0000000715000000| Complete 
| 169|0x0000000715200000, 0x0000000715400000, 0x0000000715400000|100%|HC|  |TAMS 0x0000000715200000| PB 0x0000000715200000| Complete 
| 170|0x0000000715400000, 0x0000000715600000, 0x0000000715600000|100%|HC|  |TAMS 0x0000000715400000| PB 0x0000000715400000| Complete 
| 171|0x0000000715600000, 0x0000000715800000, 0x0000000715800000|100%|HC|  |TAMS 0x0000000715600000| PB 0x0000000715600000| Complete 
| 172|0x0000000715800000, 0x0000000715a00000, 0x0000000715a00000|100%|HC|  |TAMS 0x0000000715800000| PB 0x0000000715800000| Complete 
| 173|0x0000000715a00000, 0x0000000715c00000, 0x0000000715c00000|100%|HC|  |TAMS 0x0000000715a00000| PB 0x0000000715a00000| Complete 
| 174|0x0000000715c00000, 0x0000000715e00000, 0x0000000715e00000|100%|HC|  |TAMS 0x0000000715c00000| PB 0x0000000715c00000| Complete 
| 175|0x0000000715e00000, 0x0000000716000000, 0x0000000716000000|100%|HC|  |TAMS 0x0000000715e00000| PB 0x0000000715e00000| Complete 
| 176|0x0000000716000000, 0x0000000716200000, 0x0000000716200000|100%|HC|  |TAMS 0x0000000716000000| PB 0x0000000716000000| Complete 
| 177|0x0000000716200000, 0x0000000716400000, 0x0000000716400000|100%| O|  |TAMS 0x0000000716200000| PB 0x0000000716200000| Untracked 
| 178|0x0000000716400000, 0x0000000716600000, 0x0000000716600000|100%| O|  |TAMS 0x0000000716400000| PB 0x0000000716400000| Untracked 
| 179|0x0000000716600000, 0x0000000716600000, 0x0000000716800000|  0%| F|  |TAMS 0x0000000716600000| PB 0x0000000716600000| Untracked 
| 180|0x0000000716800000, 0x0000000716a00000, 0x0000000716a00000|100%|HS|  |TAMS 0x0000000716800000| PB 0x0000000716800000| Complete 
| 181|0x0000000716a00000, 0x0000000716c00000, 0x0000000716c00000|100%|HC|  |TAMS 0x0000000716a00000| PB 0x0000000716a00000| Complete 
| 182|0x0000000716c00000, 0x0000000716e00000, 0x0000000716e00000|100%| O|  |TAMS 0x0000000716c00000| PB 0x0000000716c00000| Untracked 
| 183|0x0000000716e00000, 0x0000000717000000, 0x0000000717000000|100%|HS|  |TAMS 0x0000000716e00000| PB 0x0000000716e00000| Complete 
| 184|0x0000000717000000, 0x0000000717200000, 0x0000000717200000|100%| O|  |TAMS 0x0000000717000000| PB 0x0000000717000000| Untracked 
| 185|0x0000000717200000, 0x0000000717400000, 0x0000000717400000|100%|HS|  |TAMS 0x0000000717200000| PB 0x0000000717200000| Complete 
| 186|0x0000000717400000, 0x0000000717600000, 0x0000000717600000|100%| O|  |TAMS 0x0000000717400000| PB 0x0000000717400000| Untracked 
| 187|0x0000000717600000, 0x0000000717800000, 0x0000000717800000|100%| O|  |TAMS 0x0000000717600000| PB 0x0000000717600000| Untracked 
| 188|0x0000000717800000, 0x0000000717a00000, 0x0000000717a00000|100%| O|  |TAMS 0x0000000717800000| PB 0x0000000717800000| Untracked 
| 189|0x0000000717a00000, 0x0000000717c00000, 0x0000000717c00000|100%|HS|  |TAMS 0x0000000717a00000| PB 0x0000000717a00000| Complete 
| 190|0x0000000717c00000, 0x0000000717e00000, 0x0000000717e00000|100%|HC|  |TAMS 0x0000000717c00000| PB 0x0000000717c00000| Complete 
| 191|0x0000000717e00000, 0x0000000718000000, 0x0000000718000000|100%| O|  |TAMS 0x0000000717e00000| PB 0x0000000717e00000| Untracked 
| 192|0x0000000718000000, 0x0000000718200000, 0x0000000718200000|100%| O|  |TAMS 0x0000000718000000| PB 0x0000000718000000| Untracked 
| 193|0x0000000718200000, 0x0000000718400000, 0x0000000718400000|100%| O|  |TAMS 0x0000000718200000| PB 0x0000000718200000| Untracked 
| 194|0x0000000718400000, 0x0000000718600000, 0x0000000718600000|100%| O|  |TAMS 0x0000000718400000| PB 0x0000000718400000| Untracked 
| 195|0x0000000718600000, 0x0000000718800000, 0x0000000718800000|100%| O|  |TAMS 0x0000000718600000| PB 0x0000000718600000| Untracked 
| 196|0x0000000718800000, 0x0000000718a00000, 0x0000000718a00000|100%| O|  |TAMS 0x0000000718800000| PB 0x0000000718800000| Untracked 
| 197|0x0000000718a00000, 0x0000000718c00000, 0x0000000718c00000|100%| O|  |TAMS 0x0000000718a00000| PB 0x0000000718a00000| Untracked 
| 198|0x0000000718c00000, 0x0000000718e00000, 0x0000000718e00000|100%| O|  |TAMS 0x0000000718c00000| PB 0x0000000718c00000| Untracked 
| 199|0x0000000718e00000, 0x0000000719000000, 0x0000000719000000|100%| O|  |TAMS 0x0000000718e00000| PB 0x0000000718e00000| Untracked 
| 200|0x0000000719000000, 0x0000000719200000, 0x0000000719200000|100%| O|  |TAMS 0x0000000719000000| PB 0x0000000719000000| Untracked 
| 201|0x0000000719200000, 0x0000000719400000, 0x0000000719400000|100%| O|  |TAMS 0x0000000719200000| PB 0x0000000719200000| Untracked 
| 202|0x0000000719400000, 0x0000000719600000, 0x0000000719600000|100%| O|  |TAMS 0x0000000719400000| PB 0x0000000719400000| Untracked 
| 203|0x0000000719600000, 0x0000000719800000, 0x0000000719800000|100%| O|  |TAMS 0x0000000719600000| PB 0x0000000719600000| Untracked 
| 204|0x0000000719800000, 0x0000000719a00000, 0x0000000719a00000|100%| O|  |TAMS 0x0000000719800000| PB 0x0000000719800000| Untracked 
| 205|0x0000000719a00000, 0x0000000719c00000, 0x0000000719c00000|100%| O|  |TAMS 0x0000000719a00000| PB 0x0000000719a00000| Untracked 
| 206|0x0000000719c00000, 0x0000000719e00000, 0x0000000719e00000|100%| O|  |TAMS 0x0000000719c00000| PB 0x0000000719c00000| Untracked 
| 207|0x0000000719e00000, 0x000000071a000000, 0x000000071a000000|100%| O|  |TAMS 0x0000000719e00000| PB 0x0000000719e00000| Untracked 
| 208|0x000000071a000000, 0x000000071a200000, 0x000000071a200000|100%| O|  |TAMS 0x000000071a000000| PB 0x000000071a000000| Untracked 
| 209|0x000000071a200000, 0x000000071a400000, 0x000000071a400000|100%| O|  |TAMS 0x000000071a200000| PB 0x000000071a200000| Untracked 
| 210|0x000000071a400000, 0x000000071a600000, 0x000000071a600000|100%| O|  |TAMS 0x000000071a400000| PB 0x000000071a400000| Untracked 
| 211|0x000000071a600000, 0x000000071a800000, 0x000000071a800000|100%| O|  |TAMS 0x000000071a600000| PB 0x000000071a600000| Untracked 
| 212|0x000000071a800000, 0x000000071aa00000, 0x000000071aa00000|100%| O|  |TAMS 0x000000071a800000| PB 0x000000071a800000| Untracked 
| 213|0x000000071aa00000, 0x000000071ac00000, 0x000000071ac00000|100%| O|  |TAMS 0x000000071aa00000| PB 0x000000071aa00000| Untracked 
| 214|0x000000071ac00000, 0x000000071ae00000, 0x000000071ae00000|100%| O|  |TAMS 0x000000071ac00000| PB 0x000000071ac00000| Untracked 
| 215|0x000000071ae00000, 0x000000071b000000, 0x000000071b000000|100%| O|  |TAMS 0x000000071ae00000| PB 0x000000071ae00000| Untracked 
| 216|0x000000071b000000, 0x000000071b200000, 0x000000071b200000|100%| O|  |TAMS 0x000000071b000000| PB 0x000000071b000000| Untracked 
| 217|0x000000071b200000, 0x000000071b400000, 0x000000071b400000|100%| O|  |TAMS 0x000000071b200000| PB 0x000000071b200000| Untracked 
| 218|0x000000071b400000, 0x000000071b600000, 0x000000071b600000|100%| O|  |TAMS 0x000000071b400000| PB 0x000000071b400000| Untracked 
| 219|0x000000071b600000, 0x000000071b800000, 0x000000071b800000|100%| O|  |TAMS 0x000000071b600000| PB 0x000000071b600000| Untracked 
| 220|0x000000071b800000, 0x000000071ba00000, 0x000000071ba00000|100%| O|  |TAMS 0x000000071b800000| PB 0x000000071b800000| Untracked 
| 221|0x000000071ba00000, 0x000000071bc00000, 0x000000071bc00000|100%| O|  |TAMS 0x000000071ba00000| PB 0x000000071ba00000| Untracked 
| 222|0x000000071bc00000, 0x000000071be00000, 0x000000071be00000|100%| O|  |TAMS 0x000000071bc00000| PB 0x000000071bc00000| Untracked 
| 223|0x000000071be00000, 0x000000071c000000, 0x000000071c000000|100%| O|  |TAMS 0x000000071be00000| PB 0x000000071be00000| Untracked 
| 224|0x000000071c000000, 0x000000071c200000, 0x000000071c200000|100%| O|  |TAMS 0x000000071c000000| PB 0x000000071c000000| Untracked 
| 225|0x000000071c200000, 0x000000071c400000, 0x000000071c400000|100%| O|  |TAMS 0x000000071c200000| PB 0x000000071c200000| Untracked 
| 226|0x000000071c400000, 0x000000071c600000, 0x000000071c600000|100%| O|  |TAMS 0x000000071c400000| PB 0x000000071c400000| Untracked 
| 227|0x000000071c600000, 0x000000071c800000, 0x000000071c800000|100%| O|  |TAMS 0x000000071c600000| PB 0x000000071c600000| Untracked 
| 228|0x000000071c800000, 0x000000071ca00000, 0x000000071ca00000|100%| O|  |TAMS 0x000000071c800000| PB 0x000000071c800000| Untracked 
| 229|0x000000071ca00000, 0x000000071cc00000, 0x000000071cc00000|100%| O|  |TAMS 0x000000071ca00000| PB 0x000000071ca00000| Untracked 
| 230|0x000000071cc00000, 0x000000071ce00000, 0x000000071ce00000|100%| O|  |TAMS 0x000000071cc00000| PB 0x000000071cc00000| Untracked 
| 231|0x000000071ce00000, 0x000000071d000000, 0x000000071d000000|100%| O|  |TAMS 0x000000071ce00000| PB 0x000000071ce00000| Untracked 
| 232|0x000000071d000000, 0x000000071d200000, 0x000000071d200000|100%| O|  |TAMS 0x000000071d000000| PB 0x000000071d000000| Untracked 
| 233|0x000000071d200000, 0x000000071d400000, 0x000000071d400000|100%| O|  |TAMS 0x000000071d200000| PB 0x000000071d200000| Untracked 
| 234|0x000000071d400000, 0x000000071d600000, 0x000000071d600000|100%| O|  |TAMS 0x000000071d400000| PB 0x000000071d400000| Untracked 
| 235|0x000000071d600000, 0x000000071d800000, 0x000000071d800000|100%| O|  |TAMS 0x000000071d600000| PB 0x000000071d600000| Untracked 
| 236|0x000000071d800000, 0x000000071da00000, 0x000000071da00000|100%| O|  |TAMS 0x000000071d800000| PB 0x000000071d800000| Untracked 
| 237|0x000000071da00000, 0x000000071dc00000, 0x000000071dc00000|100%| O|  |TAMS 0x000000071da00000| PB 0x000000071da00000| Untracked 
| 238|0x000000071dc00000, 0x000000071de00000, 0x000000071de00000|100%| O|  |TAMS 0x000000071dc00000| PB 0x000000071dc00000| Untracked 
| 239|0x000000071de00000, 0x000000071e000000, 0x000000071e000000|100%| O|  |TAMS 0x000000071de00000| PB 0x000000071de00000| Untracked 
| 240|0x000000071e000000, 0x000000071e200000, 0x000000071e200000|100%| O|  |TAMS 0x000000071e000000| PB 0x000000071e000000| Untracked 
| 241|0x000000071e200000, 0x000000071e400000, 0x000000071e400000|100%| O|  |TAMS 0x000000071e200000| PB 0x000000071e200000| Untracked 
| 242|0x000000071e400000, 0x000000071e600000, 0x000000071e600000|100%| O|  |TAMS 0x000000071e400000| PB 0x000000071e400000| Untracked 
| 243|0x000000071e600000, 0x000000071e800000, 0x000000071e800000|100%| O|  |TAMS 0x000000071e600000| PB 0x000000071e600000| Untracked 
| 244|0x000000071e800000, 0x000000071ea00000, 0x000000071ea00000|100%| O|  |TAMS 0x000000071e800000| PB 0x000000071e800000| Untracked 
| 245|0x000000071ea00000, 0x000000071ec00000, 0x000000071ec00000|100%| O|  |TAMS 0x000000071ea00000| PB 0x000000071ea00000| Untracked 
| 246|0x000000071ec00000, 0x000000071ee00000, 0x000000071ee00000|100%| O|  |TAMS 0x000000071ec00000| PB 0x000000071ec00000| Untracked 
| 247|0x000000071ee00000, 0x000000071f000000, 0x000000071f000000|100%|HS|  |TAMS 0x000000071ee00000| PB 0x000000071ee00000| Complete 
| 248|0x000000071f000000, 0x000000071f200000, 0x000000071f200000|100%|HC|  |TAMS 0x000000071f000000| PB 0x000000071f000000| Complete 
| 249|0x000000071f200000, 0x000000071f400000, 0x000000071f400000|100%|HC|  |TAMS 0x000000071f200000| PB 0x000000071f200000| Complete 
| 250|0x000000071f400000, 0x000000071f600000, 0x000000071f600000|100%|HC|  |TAMS 0x000000071f400000| PB 0x000000071f400000| Complete 
| 251|0x000000071f600000, 0x000000071f800000, 0x000000071f800000|100%|HC|  |TAMS 0x000000071f600000| PB 0x000000071f600000| Complete 
| 252|0x000000071f800000, 0x000000071fa00000, 0x000000071fa00000|100%|HC|  |TAMS 0x000000071f800000| PB 0x000000071f800000| Complete 
| 253|0x000000071fa00000, 0x000000071fc00000, 0x000000071fc00000|100%|HC|  |TAMS 0x000000071fa00000| PB 0x000000071fa00000| Complete 
| 254|0x000000071fc00000, 0x000000071fe00000, 0x000000071fe00000|100%|HC|  |TAMS 0x000000071fc00000| PB 0x000000071fc00000| Complete 
| 255|0x000000071fe00000, 0x0000000720000000, 0x0000000720000000|100%|HC|  |TAMS 0x000000071fe00000| PB 0x000000071fe00000| Complete 
| 256|0x0000000720000000, 0x0000000720200000, 0x0000000720200000|100%|HC|  |TAMS 0x0000000720000000| PB 0x0000000720000000| Complete 
| 257|0x0000000720200000, 0x0000000720400000, 0x0000000720400000|100%|HC|  |TAMS 0x0000000720200000| PB 0x0000000720200000| Complete 
| 258|0x0000000720400000, 0x0000000720600000, 0x0000000720600000|100%|HC|  |TAMS 0x0000000720400000| PB 0x0000000720400000| Complete 
| 259|0x0000000720600000, 0x0000000720800000, 0x0000000720800000|100%|HC|  |TAMS 0x0000000720600000| PB 0x0000000720600000| Complete 
| 260|0x0000000720800000, 0x0000000720a00000, 0x0000000720a00000|100%|HC|  |TAMS 0x0000000720800000| PB 0x0000000720800000| Complete 
| 261|0x0000000720a00000, 0x0000000720c00000, 0x0000000720c00000|100%|HC|  |TAMS 0x0000000720a00000| PB 0x0000000720a00000| Complete 
| 262|0x0000000720c00000, 0x0000000720e00000, 0x0000000720e00000|100%| O|  |TAMS 0x0000000720c00000| PB 0x0000000720c00000| Untracked 
| 263|0x0000000720e00000, 0x0000000721000000, 0x0000000721000000|100%| O|  |TAMS 0x0000000720e00000| PB 0x0000000720e00000| Untracked 
| 264|0x0000000721000000, 0x0000000721200000, 0x0000000721200000|100%| O|  |TAMS 0x0000000721000000| PB 0x0000000721000000| Untracked 
| 265|0x0000000721200000, 0x0000000721400000, 0x0000000721400000|100%| O|  |TAMS 0x0000000721200000| PB 0x0000000721200000| Untracked 
| 266|0x0000000721400000, 0x0000000721600000, 0x0000000721600000|100%| O|  |TAMS 0x0000000721400000| PB 0x0000000721400000| Untracked 
| 267|0x0000000721600000, 0x0000000721800000, 0x0000000721800000|100%| O|  |TAMS 0x0000000721600000| PB 0x0000000721600000| Untracked 
| 268|0x0000000721800000, 0x0000000721a00000, 0x0000000721a00000|100%| O|  |TAMS 0x0000000721800000| PB 0x0000000721800000| Untracked 
| 269|0x0000000721a00000, 0x0000000721c00000, 0x0000000721c00000|100%| O|  |TAMS 0x0000000721a00000| PB 0x0000000721a00000| Untracked 
| 270|0x0000000721c00000, 0x0000000721e00000, 0x0000000721e00000|100%| O|  |TAMS 0x0000000721c00000| PB 0x0000000721c00000| Untracked 
| 271|0x0000000721e00000, 0x0000000722000000, 0x0000000722000000|100%| O|  |TAMS 0x0000000721e00000| PB 0x0000000721e00000| Untracked 
| 272|0x0000000722000000, 0x0000000722200000, 0x0000000722200000|100%| O|  |TAMS 0x0000000722000000| PB 0x0000000722000000| Untracked 
| 273|0x0000000722200000, 0x0000000722400000, 0x0000000722400000|100%| O|  |TAMS 0x0000000722200000| PB 0x0000000722200000| Untracked 
| 274|0x0000000722400000, 0x0000000722600000, 0x0000000722600000|100%| O|  |TAMS 0x0000000722400000| PB 0x0000000722400000| Untracked 
| 275|0x0000000722600000, 0x0000000722800000, 0x0000000722800000|100%| O|  |TAMS 0x0000000722600000| PB 0x0000000722600000| Untracked 
| 276|0x0000000722800000, 0x0000000722a00000, 0x0000000722a00000|100%| O|  |TAMS 0x0000000722800000| PB 0x0000000722800000| Untracked 
| 277|0x0000000722a00000, 0x0000000722c00000, 0x0000000722c00000|100%| O|  |TAMS 0x0000000722a00000| PB 0x0000000722a00000| Untracked 
| 278|0x0000000722c00000, 0x0000000722e00000, 0x0000000722e00000|100%| O|  |TAMS 0x0000000722c00000| PB 0x0000000722c00000| Untracked 
| 279|0x0000000722e00000, 0x0000000723000000, 0x0000000723000000|100%| O|  |TAMS 0x0000000722e00000| PB 0x0000000722e00000| Untracked 
| 280|0x0000000723000000, 0x0000000723200000, 0x0000000723200000|100%| O|  |TAMS 0x0000000723000000| PB 0x0000000723000000| Untracked 
| 281|0x0000000723200000, 0x0000000723400000, 0x0000000723400000|100%| O|  |TAMS 0x0000000723200000| PB 0x0000000723200000| Untracked 
| 282|0x0000000723400000, 0x0000000723600000, 0x0000000723600000|100%| O|  |TAMS 0x0000000723400000| PB 0x0000000723400000| Untracked 
| 283|0x0000000723600000, 0x0000000723800000, 0x0000000723800000|100%| O|  |TAMS 0x0000000723600000| PB 0x0000000723600000| Untracked 
| 284|0x0000000723800000, 0x0000000723a00000, 0x0000000723a00000|100%| O|  |TAMS 0x0000000723800000| PB 0x0000000723800000| Untracked 
| 285|0x0000000723a00000, 0x0000000723c00000, 0x0000000723c00000|100%| O|  |TAMS 0x0000000723a00000| PB 0x0000000723a00000| Untracked 
| 286|0x0000000723c00000, 0x0000000723e00000, 0x0000000723e00000|100%| O|  |TAMS 0x0000000723c00000| PB 0x0000000723c00000| Untracked 
| 287|0x0000000723e00000, 0x0000000724000000, 0x0000000724000000|100%| O|  |TAMS 0x0000000723e00000| PB 0x0000000723e00000| Untracked 
| 288|0x0000000724000000, 0x0000000724200000, 0x0000000724200000|100%| O|  |TAMS 0x0000000724000000| PB 0x0000000724000000| Untracked 
| 289|0x0000000724200000, 0x0000000724400000, 0x0000000724400000|100%| O|  |TAMS 0x0000000724200000| PB 0x0000000724200000| Untracked 
| 290|0x0000000724400000, 0x0000000724600000, 0x0000000724600000|100%| O|  |TAMS 0x0000000724400000| PB 0x0000000724400000| Untracked 
| 291|0x0000000724600000, 0x0000000724800000, 0x0000000724800000|100%| O|  |TAMS 0x0000000724600000| PB 0x0000000724600000| Untracked 
| 292|0x0000000724800000, 0x0000000724a00000, 0x0000000724a00000|100%| O|  |TAMS 0x0000000724800000| PB 0x0000000724800000| Untracked 
| 293|0x0000000724a00000, 0x0000000724c00000, 0x0000000724c00000|100%| O|  |TAMS 0x0000000724a00000| PB 0x0000000724a00000| Untracked 
| 294|0x0000000724c00000, 0x0000000724e00000, 0x0000000724e00000|100%| O|  |TAMS 0x0000000724c00000| PB 0x0000000724c00000| Untracked 
| 295|0x0000000724e00000, 0x0000000725000000, 0x0000000725000000|100%| O|  |TAMS 0x0000000724e00000| PB 0x0000000724e00000| Untracked 
| 296|0x0000000725000000, 0x0000000725200000, 0x0000000725200000|100%| O|  |TAMS 0x0000000725000000| PB 0x0000000725000000| Untracked 
| 297|0x0000000725200000, 0x0000000725400000, 0x0000000725400000|100%| O|  |TAMS 0x0000000725200000| PB 0x0000000725200000| Untracked 
| 298|0x0000000725400000, 0x0000000725600000, 0x0000000725600000|100%| O|  |TAMS 0x0000000725400000| PB 0x0000000725400000| Untracked 
| 299|0x0000000725600000, 0x0000000725800000, 0x0000000725800000|100%| O|  |TAMS 0x0000000725600000| PB 0x0000000725600000| Untracked 
| 300|0x0000000725800000, 0x0000000725a00000, 0x0000000725a00000|100%| O|  |TAMS 0x0000000725800000| PB 0x0000000725800000| Untracked 
| 301|0x0000000725a00000, 0x0000000725c00000, 0x0000000725c00000|100%| O|  |TAMS 0x0000000725a00000| PB 0x0000000725a00000| Untracked 
| 302|0x0000000725c00000, 0x0000000725e00000, 0x0000000725e00000|100%| O|  |TAMS 0x0000000725c00000| PB 0x0000000725c00000| Untracked 
| 303|0x0000000725e00000, 0x0000000726000000, 0x0000000726000000|100%| O|  |TAMS 0x0000000725e00000| PB 0x0000000725e00000| Untracked 
| 304|0x0000000726000000, 0x0000000726200000, 0x0000000726200000|100%| O|  |TAMS 0x0000000726000000| PB 0x0000000726000000| Untracked 
| 305|0x0000000726200000, 0x0000000726400000, 0x0000000726400000|100%| O|  |TAMS 0x0000000726200000| PB 0x0000000726200000| Untracked 
| 306|0x0000000726400000, 0x0000000726600000, 0x0000000726600000|100%| O|  |TAMS 0x0000000726400000| PB 0x0000000726400000| Untracked 
| 307|0x0000000726600000, 0x0000000726800000, 0x0000000726800000|100%| O|  |TAMS 0x0000000726600000| PB 0x0000000726600000| Untracked 
| 308|0x0000000726800000, 0x0000000726a00000, 0x0000000726a00000|100%| O|  |TAMS 0x0000000726800000| PB 0x0000000726800000| Untracked 
| 309|0x0000000726a00000, 0x0000000726c00000, 0x0000000726c00000|100%| O|  |TAMS 0x0000000726a00000| PB 0x0000000726a00000| Untracked 
| 310|0x0000000726c00000, 0x0000000726e00000, 0x0000000726e00000|100%| O|  |TAMS 0x0000000726c00000| PB 0x0000000726c00000| Untracked 
| 311|0x0000000726e00000, 0x0000000727000000, 0x0000000727000000|100%| O|  |TAMS 0x0000000726e00000| PB 0x0000000726e00000| Untracked 
| 312|0x0000000727000000, 0x0000000727200000, 0x0000000727200000|100%| O|  |TAMS 0x0000000727000000| PB 0x0000000727000000| Untracked 
| 313|0x0000000727200000, 0x0000000727400000, 0x0000000727400000|100%| O|  |TAMS 0x0000000727200000| PB 0x0000000727200000| Untracked 
| 314|0x0000000727400000, 0x0000000727600000, 0x0000000727600000|100%| O|  |TAMS 0x0000000727400000| PB 0x0000000727400000| Untracked 
| 315|0x0000000727600000, 0x0000000727800000, 0x0000000727800000|100%| O|  |TAMS 0x0000000727600000| PB 0x0000000727600000| Untracked 
| 316|0x0000000727800000, 0x0000000727a00000, 0x0000000727a00000|100%| O|  |TAMS 0x0000000727800000| PB 0x0000000727800000| Untracked 
| 317|0x0000000727a00000, 0x0000000727c00000, 0x0000000727c00000|100%| O|  |TAMS 0x0000000727a00000| PB 0x0000000727a00000| Untracked 
| 318|0x0000000727c00000, 0x0000000727e00000, 0x0000000727e00000|100%| O|  |TAMS 0x0000000727c00000| PB 0x0000000727c00000| Untracked 
| 319|0x0000000727e00000, 0x0000000728000000, 0x0000000728000000|100%| O|  |TAMS 0x0000000727e00000| PB 0x0000000727e00000| Untracked 
| 320|0x0000000728000000, 0x0000000728200000, 0x0000000728200000|100%| O|  |TAMS 0x0000000728000000| PB 0x0000000728000000| Untracked 
| 321|0x0000000728200000, 0x0000000728400000, 0x0000000728400000|100%| O|  |TAMS 0x0000000728200000| PB 0x0000000728200000| Untracked 
| 322|0x0000000728400000, 0x0000000728600000, 0x0000000728600000|100%| O|  |TAMS 0x0000000728400000| PB 0x0000000728400000| Untracked 
| 323|0x0000000728600000, 0x0000000728800000, 0x0000000728800000|100%| O|  |TAMS 0x0000000728600000| PB 0x0000000728600000| Untracked 
| 324|0x0000000728800000, 0x0000000728a00000, 0x0000000728a00000|100%| O|  |TAMS 0x0000000728800000| PB 0x0000000728800000| Untracked 
| 325|0x0000000728a00000, 0x0000000728c00000, 0x0000000728c00000|100%| O|  |TAMS 0x0000000728a00000| PB 0x0000000728a00000| Untracked 
| 326|0x0000000728c00000, 0x0000000728e00000, 0x0000000728e00000|100%| O|  |TAMS 0x0000000728c00000| PB 0x0000000728c00000| Untracked 
| 327|0x0000000728e00000, 0x0000000729000000, 0x0000000729000000|100%| O|  |TAMS 0x0000000728e00000| PB 0x0000000728e00000| Untracked 
| 328|0x0000000729000000, 0x0000000729200000, 0x0000000729200000|100%| O|  |TAMS 0x0000000729000000| PB 0x0000000729000000| Untracked 
| 329|0x0000000729200000, 0x0000000729400000, 0x0000000729400000|100%| O|  |TAMS 0x0000000729200000| PB 0x0000000729200000| Untracked 
| 330|0x0000000729400000, 0x0000000729600000, 0x0000000729600000|100%| O|  |TAMS 0x0000000729400000| PB 0x0000000729400000| Untracked 
| 331|0x0000000729600000, 0x0000000729800000, 0x0000000729800000|100%| O|  |TAMS 0x0000000729600000| PB 0x0000000729600000| Untracked 
| 332|0x0000000729800000, 0x0000000729a00000, 0x0000000729a00000|100%| O|  |TAMS 0x0000000729800000| PB 0x0000000729800000| Untracked 
| 333|0x0000000729a00000, 0x0000000729c00000, 0x0000000729c00000|100%| O|  |TAMS 0x0000000729a00000| PB 0x0000000729a00000| Untracked 
| 334|0x0000000729c00000, 0x0000000729e00000, 0x0000000729e00000|100%| O|  |TAMS 0x0000000729c00000| PB 0x0000000729c00000| Untracked 
| 335|0x0000000729e00000, 0x000000072a000000, 0x000000072a000000|100%| O|  |TAMS 0x0000000729e00000| PB 0x0000000729e00000| Untracked 
| 336|0x000000072a000000, 0x000000072a200000, 0x000000072a200000|100%| O|  |TAMS 0x000000072a000000| PB 0x000000072a000000| Untracked 
| 337|0x000000072a200000, 0x000000072a400000, 0x000000072a400000|100%|HS|  |TAMS 0x000000072a200000| PB 0x000000072a200000| Complete 
| 338|0x000000072a400000, 0x000000072a600000, 0x000000072a600000|100%|HC|  |TAMS 0x000000072a400000| PB 0x000000072a400000| Complete 
| 339|0x000000072a600000, 0x000000072a800000, 0x000000072a800000|100%|HS|  |TAMS 0x000000072a600000| PB 0x000000072a600000| Complete 
| 340|0x000000072a800000, 0x000000072aa00000, 0x000000072aa00000|100%| O|  |TAMS 0x000000072a800000| PB 0x000000072a800000| Untracked 
| 341|0x000000072aa00000, 0x000000072ac00000, 0x000000072ac00000|100%| O|  |TAMS 0x000000072aa00000| PB 0x000000072aa00000| Untracked 
| 342|0x000000072ac00000, 0x000000072ae00000, 0x000000072ae00000|100%| O|  |TAMS 0x000000072ac00000| PB 0x000000072ac00000| Untracked 
| 343|0x000000072ae00000, 0x000000072b000000, 0x000000072b000000|100%| O|  |TAMS 0x000000072ae00000| PB 0x000000072ae00000| Untracked 
| 344|0x000000072b000000, 0x000000072b200000, 0x000000072b200000|100%| O|  |TAMS 0x000000072b000000| PB 0x000000072b000000| Untracked 
| 345|0x000000072b200000, 0x000000072b400000, 0x000000072b400000|100%| O|  |TAMS 0x000000072b200000| PB 0x000000072b200000| Untracked 
| 346|0x000000072b400000, 0x000000072b600000, 0x000000072b600000|100%| O|  |TAMS 0x000000072b400000| PB 0x000000072b400000| Untracked 
| 347|0x000000072b600000, 0x000000072b800000, 0x000000072b800000|100%| O|  |TAMS 0x000000072b600000| PB 0x000000072b600000| Untracked 
| 348|0x000000072b800000, 0x000000072ba00000, 0x000000072ba00000|100%| O|  |TAMS 0x000000072b800000| PB 0x000000072b800000| Untracked 
| 349|0x000000072ba00000, 0x000000072bc00000, 0x000000072bc00000|100%| O|  |TAMS 0x000000072ba00000| PB 0x000000072ba00000| Untracked 
| 350|0x000000072bc00000, 0x000000072be00000, 0x000000072be00000|100%| O|  |TAMS 0x000000072bc00000| PB 0x000000072bc00000| Untracked 
| 351|0x000000072be00000, 0x000000072c000000, 0x000000072c000000|100%| O|  |TAMS 0x000000072be00000| PB 0x000000072be00000| Untracked 
| 352|0x000000072c000000, 0x000000072c200000, 0x000000072c200000|100%| O|  |TAMS 0x000000072c000000| PB 0x000000072c000000| Untracked 
| 353|0x000000072c200000, 0x000000072c400000, 0x000000072c400000|100%| O|  |TAMS 0x000000072c200000| PB 0x000000072c200000| Untracked 
| 354|0x000000072c400000, 0x000000072c600000, 0x000000072c600000|100%| O|  |TAMS 0x000000072c400000| PB 0x000000072c400000| Untracked 
| 355|0x000000072c600000, 0x000000072c800000, 0x000000072c800000|100%| O|  |TAMS 0x000000072c600000| PB 0x000000072c600000| Untracked 
| 356|0x000000072c800000, 0x000000072ca00000, 0x000000072ca00000|100%| O|  |TAMS 0x000000072c800000| PB 0x000000072c800000| Untracked 
| 357|0x000000072ca00000, 0x000000072cc00000, 0x000000072cc00000|100%| O|  |TAMS 0x000000072ca00000| PB 0x000000072ca00000| Untracked 
| 358|0x000000072cc00000, 0x000000072ce00000, 0x000000072ce00000|100%| O|  |TAMS 0x000000072cc00000| PB 0x000000072cc00000| Untracked 
| 359|0x000000072ce00000, 0x000000072d000000, 0x000000072d000000|100%| O|  |TAMS 0x000000072ce00000| PB 0x000000072ce00000| Untracked 
| 360|0x000000072d000000, 0x000000072d200000, 0x000000072d200000|100%| O|  |TAMS 0x000000072d000000| PB 0x000000072d000000| Untracked 
| 361|0x000000072d200000, 0x000000072d400000, 0x000000072d400000|100%| O|  |TAMS 0x000000072d200000| PB 0x000000072d200000| Untracked 
| 362|0x000000072d400000, 0x000000072d600000, 0x000000072d600000|100%| O|  |TAMS 0x000000072d400000| PB 0x000000072d400000| Untracked 
| 363|0x000000072d600000, 0x000000072d800000, 0x000000072d800000|100%| O|  |TAMS 0x000000072d600000| PB 0x000000072d600000| Untracked 
| 364|0x000000072d800000, 0x000000072da00000, 0x000000072da00000|100%| O|  |TAMS 0x000000072d800000| PB 0x000000072d800000| Untracked 
| 365|0x000000072da00000, 0x000000072dc00000, 0x000000072dc00000|100%| O|  |TAMS 0x000000072da00000| PB 0x000000072da00000| Untracked 
| 366|0x000000072dc00000, 0x000000072de00000, 0x000000072de00000|100%| O|  |TAMS 0x000000072dc00000| PB 0x000000072dc00000| Untracked 
| 367|0x000000072de00000, 0x000000072e000000, 0x000000072e000000|100%| O|  |TAMS 0x000000072de00000| PB 0x000000072de00000| Untracked 
| 368|0x000000072e000000, 0x000000072e200000, 0x000000072e200000|100%| O|  |TAMS 0x000000072e000000| PB 0x000000072e000000| Untracked 
| 369|0x000000072e200000, 0x000000072e400000, 0x000000072e400000|100%| O|  |TAMS 0x000000072e200000| PB 0x000000072e200000| Untracked 
| 370|0x000000072e400000, 0x000000072e480010, 0x000000072e600000| 25%| O|  |TAMS 0x000000072e400000| PB 0x000000072e400000| Untracked 
| 371|0x000000072e600000, 0x000000072e600000, 0x000000072e800000|  0%| F|  |TAMS 0x000000072e600000| PB 0x000000072e600000| Untracked 
| 372|0x000000072e800000, 0x000000072e800000, 0x000000072ea00000|  0%| F|  |TAMS 0x000000072e800000| PB 0x000000072e800000| Untracked 
| 373|0x000000072ea00000, 0x000000072ea00000, 0x000000072ec00000|  0%| F|  |TAMS 0x000000072ea00000| PB 0x000000072ea00000| Untracked 
| 374|0x000000072ec00000, 0x000000072ec00000, 0x000000072ee00000|  0%| F|  |TAMS 0x000000072ec00000| PB 0x000000072ec00000| Untracked 
| 375|0x000000072ee00000, 0x000000072ee00000, 0x000000072f000000|  0%| F|  |TAMS 0x000000072ee00000| PB 0x000000072ee00000| Untracked 
| 376|0x000000072f000000, 0x000000072f000000, 0x000000072f200000|  0%| F|  |TAMS 0x000000072f000000| PB 0x000000072f000000| Untracked 
| 377|0x000000072f200000, 0x000000072f200000, 0x000000072f400000|  0%| F|  |TAMS 0x000000072f200000| PB 0x000000072f200000| Untracked 
| 378|0x000000072f400000, 0x000000072f400000, 0x000000072f600000|  0%| F|  |TAMS 0x000000072f400000| PB 0x000000072f400000| Untracked 
| 379|0x000000072f600000, 0x000000072f600000, 0x000000072f800000|  0%| F|  |TAMS 0x000000072f600000| PB 0x000000072f600000| Untracked 
| 380|0x000000072f800000, 0x000000072f800000, 0x000000072fa00000|  0%| F|  |TAMS 0x000000072f800000| PB 0x000000072f800000| Untracked 
| 381|0x000000072fa00000, 0x000000072fa00000, 0x000000072fc00000|  0%| F|  |TAMS 0x000000072fa00000| PB 0x000000072fa00000| Untracked 
| 382|0x000000072fc00000, 0x000000072fc00000, 0x000000072fe00000|  0%| F|  |TAMS 0x000000072fc00000| PB 0x000000072fc00000| Untracked 
| 383|0x000000072fe00000, 0x000000072fe00000, 0x0000000730000000|  0%| F|  |TAMS 0x000000072fe00000| PB 0x000000072fe00000| Untracked 
| 384|0x0000000730000000, 0x0000000730000000, 0x0000000730200000|  0%| F|  |TAMS 0x0000000730000000| PB 0x0000000730000000| Untracked 
| 385|0x0000000730200000, 0x0000000730200000, 0x0000000730400000|  0%| F|  |TAMS 0x0000000730200000| PB 0x0000000730200000| Untracked 
| 386|0x0000000730400000, 0x0000000730400000, 0x0000000730600000|  0%| F|  |TAMS 0x0000000730400000| PB 0x0000000730400000| Untracked 
| 387|0x0000000730600000, 0x0000000730600000, 0x0000000730800000|  0%| F|  |TAMS 0x0000000730600000| PB 0x0000000730600000| Untracked 
| 388|0x0000000730800000, 0x0000000730800000, 0x0000000730a00000|  0%| F|  |TAMS 0x0000000730800000| PB 0x0000000730800000| Untracked 
| 389|0x0000000730a00000, 0x0000000730a00000, 0x0000000730c00000|  0%| F|  |TAMS 0x0000000730a00000| PB 0x0000000730a00000| Untracked 
| 390|0x0000000730c00000, 0x0000000730c00000, 0x0000000730e00000|  0%| F|  |TAMS 0x0000000730c00000| PB 0x0000000730c00000| Untracked 
| 391|0x0000000730e00000, 0x0000000730e00000, 0x0000000731000000|  0%| F|  |TAMS 0x0000000730e00000| PB 0x0000000730e00000| Untracked 
| 392|0x0000000731000000, 0x0000000731000000, 0x0000000731200000|  0%| F|  |TAMS 0x0000000731000000| PB 0x0000000731000000| Untracked 
| 393|0x0000000731200000, 0x0000000731200000, 0x0000000731400000|  0%| F|  |TAMS 0x0000000731200000| PB 0x0000000731200000| Untracked 
| 394|0x0000000731400000, 0x0000000731400000, 0x0000000731600000|  0%| F|  |TAMS 0x0000000731400000| PB 0x0000000731400000| Untracked 
| 395|0x0000000731600000, 0x0000000731600000, 0x0000000731800000|  0%| F|  |TAMS 0x0000000731600000| PB 0x0000000731600000| Untracked 
| 396|0x0000000731800000, 0x0000000731800000, 0x0000000731a00000|  0%| F|  |TAMS 0x0000000731800000| PB 0x0000000731800000| Untracked 
| 397|0x0000000731a00000, 0x0000000731a00000, 0x0000000731c00000|  0%| F|  |TAMS 0x0000000731a00000| PB 0x0000000731a00000| Untracked 
| 398|0x0000000731c00000, 0x0000000731c00000, 0x0000000731e00000|  0%| F|  |TAMS 0x0000000731c00000| PB 0x0000000731c00000| Untracked 
| 399|0x0000000731e00000, 0x0000000731e00000, 0x0000000732000000|  0%| F|  |TAMS 0x0000000731e00000| PB 0x0000000731e00000| Untracked 
| 400|0x0000000732000000, 0x0000000732000000, 0x0000000732200000|  0%| F|  |TAMS 0x0000000732000000| PB 0x0000000732000000| Untracked 
| 401|0x0000000732200000, 0x0000000732200000, 0x0000000732400000|  0%| F|  |TAMS 0x0000000732200000| PB 0x0000000732200000| Untracked 
| 402|0x0000000732400000, 0x0000000732400000, 0x0000000732600000|  0%| F|  |TAMS 0x0000000732400000| PB 0x0000000732400000| Untracked 
| 403|0x0000000732600000, 0x0000000732600000, 0x0000000732800000|  0%| F|  |TAMS 0x0000000732600000| PB 0x0000000732600000| Untracked 
| 404|0x0000000732800000, 0x0000000732800000, 0x0000000732a00000|  0%| F|  |TAMS 0x0000000732800000| PB 0x0000000732800000| Untracked 
| 405|0x0000000732a00000, 0x0000000732a00000, 0x0000000732c00000|  0%| F|  |TAMS 0x0000000732a00000| PB 0x0000000732a00000| Untracked 
| 406|0x0000000732c00000, 0x0000000732c00000, 0x0000000732e00000|  0%| F|  |TAMS 0x0000000732c00000| PB 0x0000000732c00000| Untracked 
| 407|0x0000000732e00000, 0x0000000732e00000, 0x0000000733000000|  0%| F|  |TAMS 0x0000000732e00000| PB 0x0000000732e00000| Untracked 
| 408|0x0000000733000000, 0x0000000733000000, 0x0000000733200000|  0%| F|  |TAMS 0x0000000733000000| PB 0x0000000733000000| Untracked 
| 409|0x0000000733200000, 0x0000000733200000, 0x0000000733400000|  0%| F|  |TAMS 0x0000000733200000| PB 0x0000000733200000| Untracked 
| 410|0x0000000733400000, 0x0000000733400000, 0x0000000733600000|  0%| F|  |TAMS 0x0000000733400000| PB 0x0000000733400000| Untracked 
| 411|0x0000000733600000, 0x0000000733600000, 0x0000000733800000|  0%| F|  |TAMS 0x0000000733600000| PB 0x0000000733600000| Untracked 
| 412|0x0000000733800000, 0x0000000733800000, 0x0000000733a00000|  0%| F|  |TAMS 0x0000000733800000| PB 0x0000000733800000| Untracked 
| 413|0x0000000733a00000, 0x0000000733a00000, 0x0000000733c00000|  0%| F|  |TAMS 0x0000000733a00000| PB 0x0000000733a00000| Untracked 
| 414|0x0000000733c00000, 0x0000000733c00000, 0x0000000733e00000|  0%| F|  |TAMS 0x0000000733c00000| PB 0x0000000733c00000| Untracked 
| 415|0x0000000733e00000, 0x0000000733e00000, 0x0000000734000000|  0%| F|  |TAMS 0x0000000733e00000| PB 0x0000000733e00000| Untracked 
| 416|0x0000000734000000, 0x0000000734000000, 0x0000000734200000|  0%| F|  |TAMS 0x0000000734000000| PB 0x0000000734000000| Untracked 
| 417|0x0000000734200000, 0x0000000734200000, 0x0000000734400000|  0%| F|  |TAMS 0x0000000734200000| PB 0x0000000734200000| Untracked 
| 418|0x0000000734400000, 0x0000000734400000, 0x0000000734600000|  0%| F|  |TAMS 0x0000000734400000| PB 0x0000000734400000| Untracked 
| 419|0x0000000734600000, 0x0000000734600000, 0x0000000734800000|  0%| F|  |TAMS 0x0000000734600000| PB 0x0000000734600000| Untracked 
| 420|0x0000000734800000, 0x0000000734800000, 0x0000000734a00000|  0%| F|  |TAMS 0x0000000734800000| PB 0x0000000734800000| Untracked 
| 421|0x0000000734a00000, 0x0000000734a00000, 0x0000000734c00000|  0%| F|  |TAMS 0x0000000734a00000| PB 0x0000000734a00000| Untracked 
| 422|0x0000000734c00000, 0x0000000734c00000, 0x0000000734e00000|  0%| F|  |TAMS 0x0000000734c00000| PB 0x0000000734c00000| Untracked 
| 423|0x0000000734e00000, 0x0000000734e00000, 0x0000000735000000|  0%| F|  |TAMS 0x0000000734e00000| PB 0x0000000734e00000| Untracked 
| 424|0x0000000735000000, 0x0000000735000000, 0x0000000735200000|  0%| F|  |TAMS 0x0000000735000000| PB 0x0000000735000000| Untracked 
| 425|0x0000000735200000, 0x0000000735200000, 0x0000000735400000|  0%| F|  |TAMS 0x0000000735200000| PB 0x0000000735200000| Untracked 
| 426|0x0000000735400000, 0x0000000735400000, 0x0000000735600000|  0%| F|  |TAMS 0x0000000735400000| PB 0x0000000735400000| Untracked 
| 427|0x0000000735600000, 0x0000000735600000, 0x0000000735800000|  0%| F|  |TAMS 0x0000000735600000| PB 0x0000000735600000| Untracked 
| 428|0x0000000735800000, 0x0000000735800000, 0x0000000735a00000|  0%| F|  |TAMS 0x0000000735800000| PB 0x0000000735800000| Untracked 
| 429|0x0000000735a00000, 0x0000000735a00000, 0x0000000735c00000|  0%| F|  |TAMS 0x0000000735a00000| PB 0x0000000735a00000| Untracked 
| 430|0x0000000735c00000, 0x0000000735c00000, 0x0000000735e00000|  0%| F|  |TAMS 0x0000000735c00000| PB 0x0000000735c00000| Untracked 
| 431|0x0000000735e00000, 0x0000000735e00000, 0x0000000736000000|  0%| F|  |TAMS 0x0000000735e00000| PB 0x0000000735e00000| Untracked 
| 432|0x0000000736000000, 0x0000000736000000, 0x0000000736200000|  0%| F|  |TAMS 0x0000000736000000| PB 0x0000000736000000| Untracked 
| 433|0x0000000736200000, 0x0000000736200000, 0x0000000736400000|  0%| F|  |TAMS 0x0000000736200000| PB 0x0000000736200000| Untracked 
| 434|0x0000000736400000, 0x0000000736400000, 0x0000000736600000|  0%| F|  |TAMS 0x0000000736400000| PB 0x0000000736400000| Untracked 
| 435|0x0000000736600000, 0x0000000736600000, 0x0000000736800000|  0%| F|  |TAMS 0x0000000736600000| PB 0x0000000736600000| Untracked 
| 436|0x0000000736800000, 0x0000000736800000, 0x0000000736a00000|  0%| F|  |TAMS 0x0000000736800000| PB 0x0000000736800000| Untracked 
| 437|0x0000000736a00000, 0x0000000736a00000, 0x0000000736c00000|  0%| F|  |TAMS 0x0000000736a00000| PB 0x0000000736a00000| Untracked 
| 438|0x0000000736c00000, 0x0000000736c00000, 0x0000000736e00000|  0%| F|  |TAMS 0x0000000736c00000| PB 0x0000000736c00000| Untracked 
| 439|0x0000000736e00000, 0x0000000736e00000, 0x0000000737000000|  0%| F|  |TAMS 0x0000000736e00000| PB 0x0000000736e00000| Untracked 
| 440|0x0000000737000000, 0x0000000737000000, 0x0000000737200000|  0%| F|  |TAMS 0x0000000737000000| PB 0x0000000737000000| Untracked 
| 441|0x0000000737200000, 0x0000000737200000, 0x0000000737400000|  0%| F|  |TAMS 0x0000000737200000| PB 0x0000000737200000| Untracked 
| 442|0x0000000737400000, 0x0000000737400000, 0x0000000737600000|  0%| F|  |TAMS 0x0000000737400000| PB 0x0000000737400000| Untracked 
| 443|0x0000000737600000, 0x0000000737600000, 0x0000000737800000|  0%| F|  |TAMS 0x0000000737600000| PB 0x0000000737600000| Untracked 
| 444|0x0000000737800000, 0x0000000737800000, 0x0000000737a00000|  0%| F|  |TAMS 0x0000000737800000| PB 0x0000000737800000| Untracked 
| 445|0x0000000737a00000, 0x0000000737a00000, 0x0000000737c00000|  0%| F|  |TAMS 0x0000000737a00000| PB 0x0000000737a00000| Untracked 
| 446|0x0000000737c00000, 0x0000000737c00000, 0x0000000737e00000|  0%| F|  |TAMS 0x0000000737c00000| PB 0x0000000737c00000| Untracked 
| 447|0x0000000737e00000, 0x0000000737e00000, 0x0000000738000000|  0%| F|  |TAMS 0x0000000737e00000| PB 0x0000000737e00000| Untracked 
| 448|0x0000000738000000, 0x0000000738000000, 0x0000000738200000|  0%| F|  |TAMS 0x0000000738000000| PB 0x0000000738000000| Untracked 
| 449|0x0000000738200000, 0x0000000738200000, 0x0000000738400000|  0%| F|  |TAMS 0x0000000738200000| PB 0x0000000738200000| Untracked 
| 450|0x0000000738400000, 0x0000000738400000, 0x0000000738600000|  0%| F|  |TAMS 0x0000000738400000| PB 0x0000000738400000| Untracked 
| 451|0x0000000738600000, 0x0000000738600000, 0x0000000738800000|  0%| F|  |TAMS 0x0000000738600000| PB 0x0000000738600000| Untracked 
| 452|0x0000000738800000, 0x0000000738800000, 0x0000000738a00000|  0%| F|  |TAMS 0x0000000738800000| PB 0x0000000738800000| Untracked 
| 453|0x0000000738a00000, 0x0000000738a00000, 0x0000000738c00000|  0%| F|  |TAMS 0x0000000738a00000| PB 0x0000000738a00000| Untracked 
| 454|0x0000000738c00000, 0x0000000738c00000, 0x0000000738e00000|  0%| F|  |TAMS 0x0000000738c00000| PB 0x0000000738c00000| Untracked 
| 455|0x0000000738e00000, 0x0000000738e00000, 0x0000000739000000|  0%| F|  |TAMS 0x0000000738e00000| PB 0x0000000738e00000| Untracked 
| 456|0x0000000739000000, 0x0000000739000000, 0x0000000739200000|  0%| F|  |TAMS 0x0000000739000000| PB 0x0000000739000000| Untracked 
| 457|0x0000000739200000, 0x0000000739200000, 0x0000000739400000|  0%| F|  |TAMS 0x0000000739200000| PB 0x0000000739200000| Untracked 
| 458|0x0000000739400000, 0x0000000739400000, 0x0000000739600000|  0%| F|  |TAMS 0x0000000739400000| PB 0x0000000739400000| Untracked 
| 459|0x0000000739600000, 0x0000000739600000, 0x0000000739800000|  0%| F|  |TAMS 0x0000000739600000| PB 0x0000000739600000| Untracked 
| 460|0x0000000739800000, 0x0000000739800000, 0x0000000739a00000|  0%| F|  |TAMS 0x0000000739800000| PB 0x0000000739800000| Untracked 
| 461|0x0000000739a00000, 0x0000000739a00000, 0x0000000739c00000|  0%| F|  |TAMS 0x0000000739a00000| PB 0x0000000739a00000| Untracked 
| 462|0x0000000739c00000, 0x0000000739c00000, 0x0000000739e00000|  0%| F|  |TAMS 0x0000000739c00000| PB 0x0000000739c00000| Untracked 
| 463|0x0000000739e00000, 0x0000000739e00000, 0x000000073a000000|  0%| F|  |TAMS 0x0000000739e00000| PB 0x0000000739e00000| Untracked 
| 464|0x000000073a000000, 0x000000073a000000, 0x000000073a200000|  0%| F|  |TAMS 0x000000073a000000| PB 0x000000073a000000| Untracked 
| 465|0x000000073a200000, 0x000000073a200000, 0x000000073a400000|  0%| F|  |TAMS 0x000000073a200000| PB 0x000000073a200000| Untracked 
| 466|0x000000073a400000, 0x000000073a400000, 0x000000073a600000|  0%| F|  |TAMS 0x000000073a400000| PB 0x000000073a400000| Untracked 
| 467|0x000000073a600000, 0x000000073a600000, 0x000000073a800000|  0%| F|  |TAMS 0x000000073a600000| PB 0x000000073a600000| Untracked 
| 468|0x000000073a800000, 0x000000073a800000, 0x000000073aa00000|  0%| F|  |TAMS 0x000000073a800000| PB 0x000000073a800000| Untracked 
| 469|0x000000073aa00000, 0x000000073aa00000, 0x000000073ac00000|  0%| F|  |TAMS 0x000000073aa00000| PB 0x000000073aa00000| Untracked 
| 470|0x000000073ac00000, 0x000000073ac00000, 0x000000073ae00000|  0%| F|  |TAMS 0x000000073ac00000| PB 0x000000073ac00000| Untracked 
| 471|0x000000073ae00000, 0x000000073aefab18, 0x000000073b000000| 48%| S|CS|TAMS 0x000000073ae00000| PB 0x000000073ae00000| Complete 
| 472|0x000000073b000000, 0x000000073b200000, 0x000000073b200000|100%| S|CS|TAMS 0x000000073b000000| PB 0x000000073b000000| Complete 
| 473|0x000000073b200000, 0x000000073b400000, 0x000000073b400000|100%| S|CS|TAMS 0x000000073b200000| PB 0x000000073b200000| Complete 
| 474|0x000000073b400000, 0x000000073b400000, 0x000000073b600000|  0%| F|  |TAMS 0x000000073b400000| PB 0x000000073b400000| Untracked 
| 475|0x000000073b600000, 0x000000073b600000, 0x000000073b800000|  0%| F|  |TAMS 0x000000073b600000| PB 0x000000073b600000| Untracked 
| 476|0x000000073b800000, 0x000000073b800000, 0x000000073ba00000|  0%| F|  |TAMS 0x000000073b800000| PB 0x000000073b800000| Untracked 
| 477|0x000000073ba00000, 0x000000073ba00000, 0x000000073bc00000|  0%| F|  |TAMS 0x000000073ba00000| PB 0x000000073ba00000| Untracked 
| 478|0x000000073bc00000, 0x000000073be00000, 0x000000073be00000|100%| S|CS|TAMS 0x000000073bc00000| PB 0x000000073bc00000| Complete 
| 479|0x000000073be00000, 0x000000073be00000, 0x000000073c000000|  0%| F|  |TAMS 0x000000073be00000| PB 0x000000073be00000| Untracked 
| 480|0x000000073c000000, 0x000000073c000000, 0x000000073c200000|  0%| F|  |TAMS 0x000000073c000000| PB 0x000000073c000000| Untracked 
| 481|0x000000073c200000, 0x000000073c200000, 0x000000073c400000|  0%| F|  |TAMS 0x000000073c200000| PB 0x000000073c200000| Untracked 
| 482|0x000000073c400000, 0x000000073c400000, 0x000000073c600000|  0%| F|  |TAMS 0x000000073c400000| PB 0x000000073c400000| Untracked 
| 483|0x000000073c600000, 0x000000073c600000, 0x000000073c800000|  0%| F|  |TAMS 0x000000073c600000| PB 0x000000073c600000| Untracked 
| 484|0x000000073c800000, 0x000000073c800000, 0x000000073ca00000|  0%| F|  |TAMS 0x000000073c800000| PB 0x000000073c800000| Untracked 
| 485|0x000000073ca00000, 0x000000073ca00000, 0x000000073cc00000|  0%| F|  |TAMS 0x000000073ca00000| PB 0x000000073ca00000| Untracked 
| 486|0x000000073cc00000, 0x000000073cc00000, 0x000000073ce00000|  0%| F|  |TAMS 0x000000073cc00000| PB 0x000000073cc00000| Untracked 
| 487|0x000000073ce00000, 0x000000073ce00000, 0x000000073d000000|  0%| F|  |TAMS 0x000000073ce00000| PB 0x000000073ce00000| Untracked 
| 488|0x000000073d000000, 0x000000073d000000, 0x000000073d200000|  0%| F|  |TAMS 0x000000073d000000| PB 0x000000073d000000| Untracked 
| 489|0x000000073d200000, 0x000000073d200000, 0x000000073d400000|  0%| F|  |TAMS 0x000000073d200000| PB 0x000000073d200000| Untracked 
| 490|0x000000073d400000, 0x000000073d400000, 0x000000073d600000|  0%| F|  |TAMS 0x000000073d400000| PB 0x000000073d400000| Untracked 
| 491|0x000000073d600000, 0x000000073d600000, 0x000000073d800000|  0%| F|  |TAMS 0x000000073d600000| PB 0x000000073d600000| Untracked 
| 492|0x000000073d800000, 0x000000073d800000, 0x000000073da00000|  0%| F|  |TAMS 0x000000073d800000| PB 0x000000073d800000| Untracked 
| 493|0x000000073da00000, 0x000000073da00000, 0x000000073dc00000|  0%| F|  |TAMS 0x000000073da00000| PB 0x000000073da00000| Untracked 
|2023|0x00000007fce00000, 0x00000007fd000000, 0x00000007fd000000|100%| O|  |TAMS 0x00000007fce00000| PB 0x00000007fce00000| Untracked 
|2024|0x00000007fd000000, 0x00000007fd200000, 0x00000007fd200000|100%| O|  |TAMS 0x00000007fd000000| PB 0x00000007fd000000| Untracked 
|2025|0x00000007fd200000, 0x00000007fd400000, 0x00000007fd400000|100%| O|  |TAMS 0x00000007fd200000| PB 0x00000007fd200000| Untracked 
|2026|0x00000007fd400000, 0x00000007fd600000, 0x00000007fd600000|100%| O|  |TAMS 0x00000007fd400000| PB 0x00000007fd400000| Untracked 
|2027|0x00000007fd600000, 0x00000007fd800000, 0x00000007fd800000|100%| O|  |TAMS 0x00000007fd600000| PB 0x00000007fd600000| Untracked 
|2028|0x00000007fd800000, 0x00000007fda00000, 0x00000007fda00000|100%| O|  |TAMS 0x00000007fd800000| PB 0x00000007fd800000| Untracked 
|2029|0x00000007fda00000, 0x00000007fdc00000, 0x00000007fdc00000|100%| O|  |TAMS 0x00000007fda00000| PB 0x00000007fda00000| Untracked 
|2030|0x00000007fdc00000, 0x00000007fde00000, 0x00000007fde00000|100%| O|  |TAMS 0x00000007fdc00000| PB 0x00000007fdc00000| Untracked 
|2031|0x00000007fde00000, 0x00000007fe000000, 0x00000007fe000000|100%| O|  |TAMS 0x00000007fde00000| PB 0x00000007fde00000| Untracked 
|2032|0x00000007fe000000, 0x00000007fe200000, 0x00000007fe200000|100%| O|  |TAMS 0x00000007fe000000| PB 0x00000007fe000000| Untracked 
|2033|0x00000007fe200000, 0x00000007fe400000, 0x00000007fe400000|100%| O|  |TAMS 0x00000007fe200000| PB 0x00000007fe200000| Untracked 
|2034|0x00000007fe400000, 0x00000007fe600000, 0x00000007fe600000|100%| O|  |TAMS 0x00000007fe400000| PB 0x00000007fe400000| Untracked 
|2035|0x00000007fe600000, 0x00000007fe800000, 0x00000007fe800000|100%| O|  |TAMS 0x00000007fe600000| PB 0x00000007fe600000| Untracked 
|2036|0x00000007fe800000, 0x00000007fea00000, 0x00000007fea00000|100%| O|  |TAMS 0x00000007fe800000| PB 0x00000007fe800000| Untracked 
|2037|0x00000007fea00000, 0x00000007fec00000, 0x00000007fec00000|100%| O|  |TAMS 0x00000007fea00000| PB 0x00000007fea00000| Untracked 
|2038|0x00000007fec00000, 0x00000007fee00000, 0x00000007fee00000|100%| O|  |TAMS 0x00000007fec00000| PB 0x00000007fec00000| Untracked 
|2039|0x00000007fee00000, 0x00000007ff000000, 0x00000007ff000000|100%| O|  |TAMS 0x00000007fee00000| PB 0x00000007fee00000| Untracked 
|2040|0x00000007ff000000, 0x00000007ff000000, 0x00000007ff200000|  0%| F|  |TAMS 0x00000007ff000000| PB 0x00000007ff000000| Untracked 
|2041|0x00000007ff200000, 0x00000007ff200000, 0x00000007ff400000|  0%| F|  |TAMS 0x00000007ff200000| PB 0x00000007ff200000| Untracked 
|2042|0x00000007ff400000, 0x00000007ff400000, 0x00000007ff600000|  0%| F|  |TAMS 0x00000007ff400000| PB 0x00000007ff400000| Untracked 
|2043|0x00000007ff600000, 0x00000007ff600000, 0x00000007ff800000|  0%| F|  |TAMS 0x00000007ff600000| PB 0x00000007ff600000| Untracked 
|2044|0x00000007ff800000, 0x00000007ffa00000, 0x00000007ffa00000|100%| O|  |TAMS 0x00000007ff800000| PB 0x00000007ff800000| Untracked 
|2045|0x00000007ffa00000, 0x00000007ffa00000, 0x00000007ffc00000|  0%| F|  |TAMS 0x00000007ffa00000| PB 0x00000007ffa00000| Untracked 
|2046|0x00000007ffc00000, 0x00000007ffc00000, 0x00000007ffe00000|  0%| F|  |TAMS 0x00000007ffc00000| PB 0x00000007ffc00000| Untracked 
|2047|0x00000007ffe00000, 0x0000000800000000, 0x0000000800000000|100%| O|  |TAMS 0x00000007ffe00000| PB 0x00000007ffe00000| Untracked 

Card table byte_map: [0x0000023647b00000,0x0000023648300000] _byte_map_base: 0x0000023644300000

Marking Bits: (CMBitMap*) 0x000002362fc38020
 Bits: [0x0000023648300000, 0x000002364c300000)

Polling page: 0x000002362d9b0000

Metaspace:

Usage:
  Non-class:    150.89 MB used.
      Class:     23.35 MB used.
       Both:    174.24 MB used.

Virtual space:
  Non-class space:      192.00 MB reserved,     152.50 MB ( 79%) committed,  3 nodes.
      Class space:        1.00 GB reserved,      25.00 MB (  2%) committed,  1 nodes.
             Both:        1.19 GB reserved,     177.50 MB ( 15%) committed. 

Chunk freelists:
   Non-Class:  6.72 MB
       Class:  6.92 MB
        Both:  13.64 MB

MaxMetaspaceSize: unlimited
CompressedClassSpaceSize: 1.00 GB
Initial GC threshold: 21.00 MB
Current GC threshold: 295.44 MB
CDS: on
 - commit_granule_bytes: 65536.
 - commit_granule_words: 8192.
 - virtual_space_node_default_size: 8388608.
 - enlarge_chunks_in_place: 1.
 - use_allocation_guard: 0.


Internal statistics:

num_allocs_failed_limit: 6.
num_arena_births: 6366.
num_arena_deaths: 26.
num_vsnodes_births: 4.
num_vsnodes_deaths: 0.
num_space_committed: 2837.
num_space_uncommitted: 0.
num_chunks_returned_to_freelist: 40.
num_chunks_taken_from_freelist: 14809.
num_chunk_merges: 6.
num_chunk_splits: 9560.
num_chunks_enlarged: 5893.
num_inconsistent_stats: 0.

CodeHeap 'non-profiled nmethods': size=120000Kb used=20025Kb max_used=22497Kb free=99974Kb
 bounds [0x000002363fdd0000, 0x00000236413d0000, 0x0000023647300000]
CodeHeap 'profiled nmethods': size=120000Kb used=40516Kb max_used=50039Kb free=79483Kb
 bounds [0x0000023638300000, 0x000002363b3e0000, 0x000002363f830000]
CodeHeap 'non-nmethods': size=5760Kb used=2241Kb max_used=2293Kb free=3518Kb
 bounds [0x000002363f830000, 0x000002363faa0000, 0x000002363fdd0000]
CodeCache: size=245760Kb, used=62782Kb, max_used=74829Kb, free=182975Kb
 total_blobs=22109, nmethods=21038, adapters=974, full_count=0
Compilation: enabled, stopped_count=0, restarted_count=0

Compilation events (20 events):
Event: 774.891 Thread 0x000002364e795810 nmethod 31782 0x0000023641104b10 code [0x0000023641104cc0, 0x0000023641104f88]
Event: 774.891 Thread 0x000002364e795810 31783       4       com.android.tools.r8.graph.d2::I0 (16 bytes)
Event: 774.897 Thread 0x00000236a6db2fe0 nmethod 31780 0x0000023640363990 code [0x0000023640363b80, 0x00000236403641d0]
Event: 774.898 Thread 0x00000236a6db2fe0 31784       4       com.android.tools.r8.graph.oa::e (32 bytes)
Event: 774.911 Thread 0x00000236a6db2fe0 nmethod 31784 0x0000023641123e90 code [0x0000023641124040, 0x0000023641124408]
Event: 774.911 Thread 0x000002364e7febc0 31786       3       com.android.tools.r8.graph.ra::e (10 bytes)
Event: 774.912 Thread 0x000002364e7febc0 nmethod 31786 0x0000023638d11890 code [0x0000023638d11a40, 0x0000023638d11c20]
Event: 774.912 Thread 0x00000236a6db2fe0 31785       4       com.android.tools.r8.graph.n7$$Lambda/0x00000236516c7658::apply (14 bytes)
Event: 774.914 Thread 0x00000236a6db2fe0 nmethod 31785 0x0000023640a0fd90 code [0x0000023640a0ff20, 0x0000023640a10030]
Event: 774.915 Thread 0x000002364e795810 nmethod 31783 0x0000023640362c10 code [0x0000023640362e20, 0x0000023640363508]
Event: 774.917 Thread 0x000002364e795810 31787       4       com.android.tools.r8.dex.j::a (1855 bytes)
Event: 774.918 Thread 0x00000236a6db2fe0 31788       4       com.android.tools.r8.dex.j$$Lambda/0x00000236516c6230::<init> (32 bytes)
Event: 774.931 Thread 0x00000236a6db2fe0 nmethod 31788 0x00000236402d2e10 code [0x00000236402d2fa0, 0x00000236402d3500]
Event: 774.932 Thread 0x00000236a6db2fe0 31789       4       com.android.tools.r8.dex.j$$Lambda/0x00000236516c78e0::<init> (10 bytes)
Event: 774.935 Thread 0x00000236a6db2fe0 nmethod 31789 0x0000023640a0f890 code [0x0000023640a0fa20, 0x0000023640a0fb80]
Event: 774.935 Thread 0x00000236a6db2fe0 31790       4       com.android.tools.r8.dex.j$$Lambda/0x00000236516c7b18::<init> (10 bytes)
Event: 774.939 Thread 0x00000236a6db2fe0 nmethod 31790 0x0000023641107e10 code [0x0000023641107fa0, 0x0000023641108100]
Event: 774.958 Thread 0x00000236a6db2fe0 31791       4       com.android.tools.r8.graph.q1::a (45 bytes)
Event: 774.978 Thread 0x00000236a6db2fe0 nmethod 31791 0x0000023640362010 code [0x00000236403621e0, 0x00000236403629d0]
Event: 775.024 Thread 0x00000236a6db2fe0 31792       4       com.android.tools.r8.dex.j::a (134 bytes)

GC Heap History (20 events):
Event: 756.992 GC heap after
{Heap after GC invocations=101 (full 0):
 garbage-first heap   total 684032K, used 527360K [0x0000000700000000, 0x0000000800000000)
  region size 2048K, 9 young (18432K), 9 survivors (18432K)
 Metaspace       used 178270K, committed 181504K, reserved 1245184K
  class space    used 23899K, committed 25536K, reserved 1048576K
}
Event: 759.207 GC heap before
{Heap before GC invocations=101 (full 0):
 garbage-first heap   total 684032K, used 603136K [0x0000000700000000, 0x0000000800000000)
  region size 2048K, 47 young (96256K), 9 survivors (18432K)
 Metaspace       used 178276K, committed 181504K, reserved 1245184K
  class space    used 23899K, committed 25536K, reserved 1048576K
}
Event: 759.347 GC heap after
{Heap after GC invocations=102 (full 0):
 garbage-first heap   total 684032K, used 568320K [0x0000000700000000, 0x0000000800000000)
  region size 2048K, 6 young (12288K), 6 survivors (12288K)
 Metaspace       used 178276K, committed 181504K, reserved 1245184K
  class space    used 23899K, committed 25536K, reserved 1048576K
}
Event: 761.591 GC heap before
{Heap before GC invocations=102 (full 0):
 garbage-first heap   total 684032K, used 621568K [0x0000000700000000, 0x0000000800000000)
  region size 2048K, 32 young (65536K), 6 survivors (12288K)
 Metaspace       used 178277K, committed 181504K, reserved 1245184K
  class space    used 23899K, committed 25536K, reserved 1048576K
}
Event: 761.662 GC heap after
{Heap after GC invocations=103 (full 0):
 garbage-first heap   total 684032K, used 599040K [0x0000000700000000, 0x0000000800000000)
  region size 2048K, 4 young (8192K), 4 survivors (8192K)
 Metaspace       used 178277K, committed 181504K, reserved 1245184K
  class space    used 23899K, committed 25536K, reserved 1048576K
}
Event: 762.211 GC heap before
{Heap before GC invocations=103 (full 0):
 garbage-first heap   total 684032K, used 635904K [0x0000000700000000, 0x0000000800000000)
  region size 2048K, 22 young (45056K), 4 survivors (8192K)
 Metaspace       used 178282K, committed 181504K, reserved 1245184K
  class space    used 23899K, committed 25536K, reserved 1048576K
}
Event: 762.275 GC heap after
{Heap after GC invocations=104 (full 0):
 garbage-first heap   total 1062912K, used 620544K [0x0000000700000000, 0x0000000800000000)
  region size 2048K, 3 young (6144K), 3 survivors (6144K)
 Metaspace       used 178282K, committed 181504K, reserved 1245184K
  class space    used 23899K, committed 25536K, reserved 1048576K
}
Event: 765.125 GC heap before
{Heap before GC invocations=105 (full 0):
 garbage-first heap   total 1062912K, used 800768K [0x0000000700000000, 0x0000000800000000)
  region size 2048K, 93 young (190464K), 3 survivors (6144K)
 Metaspace       used 178283K, committed 181504K, reserved 1245184K
  class space    used 23899K, committed 25536K, reserved 1048576K
}
Event: 766.248 GC heap after
{Heap after GC invocations=106 (full 0):
 garbage-first heap   total 1062912K, used 721920K [0x0000000700000000, 0x0000000800000000)
  region size 2048K, 12 young (24576K), 12 survivors (24576K)
 Metaspace       used 178283K, committed 181504K, reserved 1245184K
  class space    used 23899K, committed 25536K, reserved 1048576K
}
Event: 766.451 GC heap before
{Heap before GC invocations=106 (full 0):
 garbage-first heap   total 1062912K, used 748544K [0x0000000700000000, 0x0000000800000000)
  region size 2048K, 25 young (51200K), 12 survivors (24576K)
 Metaspace       used 178283K, committed 181504K, reserved 1245184K
  class space    used 23899K, committed 25536K, reserved 1048576K
}
Event: 766.589 GC heap after
{Heap after GC invocations=107 (full 0):
 garbage-first heap   total 1062912K, used 737280K [0x0000000700000000, 0x0000000800000000)
  region size 2048K, 4 young (8192K), 4 survivors (8192K)
 Metaspace       used 178283K, committed 181504K, reserved 1245184K
  class space    used 23899K, committed 25536K, reserved 1048576K
}
Event: 767.262 GC heap before
{Heap before GC invocations=107 (full 0):
 garbage-first heap   total 1062912K, used 786432K [0x0000000700000000, 0x0000000800000000)
  region size 2048K, 25 young (51200K), 4 survivors (8192K)
 Metaspace       used 178283K, committed 181504K, reserved 1245184K
  class space    used 23899K, committed 25536K, reserved 1048576K
}
Event: 767.338 GC heap after
{Heap after GC invocations=108 (full 0):
 garbage-first heap   total 1062912K, used 769024K [0x0000000700000000, 0x0000000800000000)
  region size 2048K, 4 young (8192K), 4 survivors (8192K)
 Metaspace       used 178283K, committed 181504K, reserved 1245184K
  class space    used 23899K, committed 25536K, reserved 1048576K
}
Event: 770.999 GC heap before
{Heap before GC invocations=108 (full 0):
 garbage-first heap   total 1062912K, used 809984K [0x0000000700000000, 0x0000000800000000)
  region size 2048K, 25 young (51200K), 4 survivors (8192K)
 Metaspace       used 178335K, committed 181632K, reserved 1245184K
  class space    used 23901K, committed 25536K, reserved 1048576K
}
Event: 771.077 GC heap after
{Heap after GC invocations=109 (full 0):
 garbage-first heap   total 1062912K, used 780288K [0x0000000700000000, 0x0000000800000000)
  region size 2048K, 4 young (8192K), 4 survivors (8192K)
 Metaspace       used 178335K, committed 181632K, reserved 1245184K
  class space    used 23901K, committed 25536K, reserved 1048576K
}
Event: 773.436 GC heap before
{Heap before GC invocations=109 (full 0):
 garbage-first heap   total 1062912K, used 821248K [0x0000000700000000, 0x0000000800000000)
  region size 2048K, 25 young (51200K), 4 survivors (8192K)
 Metaspace       used 178420K, committed 181760K, reserved 1245184K
  class space    used 23913K, committed 25600K, reserved 1048576K
}
Event: 773.467 GC heap after
{Heap after GC invocations=110 (full 0):
 garbage-first heap   total 1062912K, used 785787K [0x0000000700000000, 0x0000000800000000)
  region size 2048K, 3 young (6144K), 3 survivors (6144K)
 Metaspace       used 178420K, committed 181760K, reserved 1245184K
  class space    used 23913K, committed 25600K, reserved 1048576K
}
Event: 774.185 GC heap before
{Heap before GC invocations=110 (full 0):
 garbage-first heap   total 1062912K, used 830843K [0x0000000700000000, 0x0000000800000000)
  region size 2048K, 25 young (51200K), 3 survivors (6144K)
 Metaspace       used 178422K, committed 181760K, reserved 1245184K
  class space    used 23913K, committed 25600K, reserved 1048576K
}
Event: 774.221 GC heap after
{Heap after GC invocations=111 (full 0):
 garbage-first heap   total 1062912K, used 793551K [0x0000000700000000, 0x0000000800000000)
  region size 2048K, 4 young (8192K), 4 survivors (8192K)
 Metaspace       used 178422K, committed 181760K, reserved 1245184K
  class space    used 23913K, committed 25600K, reserved 1048576K
}
Event: 775.039 GC heap before
{Heap before GC invocations=111 (full 0):
 garbage-first heap   total 1062912K, used 836559K [0x0000000700000000, 0x0000000800000000)
  region size 2048K, 25 young (51200K), 4 survivors (8192K)
 Metaspace       used 178425K, committed 181760K, reserved 1245184K
  class space    used 23913K, committed 25600K, reserved 1048576K
}

Dll operation events (16 events):
Event: 1.481 Loaded shared library C:\Users\isaac\.gradle\jdks\amazon_com_inc_-21-amd64-windows.2\bin\java.dll
Event: 12.561 Loaded shared library C:\Users\isaac\.gradle\jdks\amazon_com_inc_-21-amd64-windows.2\bin\jsvml.dll
Event: 14.044 Loaded shared library C:\Users\isaac\.gradle\jdks\amazon_com_inc_-21-amd64-windows.2\bin\zip.dll
Event: 14.070 Loaded shared library C:\Users\isaac\.gradle\jdks\amazon_com_inc_-21-amd64-windows.2\bin\instrument.dll
Event: 14.150 Loaded shared library C:\Users\isaac\.gradle\jdks\amazon_com_inc_-21-amd64-windows.2\bin\net.dll
Event: 14.164 Loaded shared library C:\Users\isaac\.gradle\jdks\amazon_com_inc_-21-amd64-windows.2\bin\nio.dll
Event: 14.183 Loaded shared library C:\Users\isaac\.gradle\jdks\amazon_com_inc_-21-amd64-windows.2\bin\zip.dll
Event: 61.498 Loaded shared library C:\Users\isaac\.gradle\jdks\amazon_com_inc_-21-amd64-windows.2\bin\jimage.dll
Event: 149.789 Loaded shared library C:\Users\isaac\.gradle\jdks\amazon_com_inc_-21-amd64-windows.2\bin\verify.dll
Event: 150.708 Loaded shared library C:\Users\isaac\.gradle\native\660c5614fbf4a5f2a75b1949f50a0caf5cd603558e7d8a26e50b933a0cfb79d1\windows-amd64\native-platform.dll
Event: 151.900 Loaded shared library C:\Users\isaac\.gradle\native\0.2.8\x86_64-windows-gnu\gradle-fileevents.dll
Event: 191.348 Loaded shared library C:\Users\isaac\.gradle\jdks\amazon_com_inc_-21-amd64-windows.2\bin\management.dll
Event: 191.474 Loaded shared library C:\Users\isaac\.gradle\jdks\amazon_com_inc_-21-amd64-windows.2\bin\management_ext.dll
Event: 199.576 Loaded shared library C:\Users\isaac\.gradle\jdks\amazon_com_inc_-21-amd64-windows.2\bin\extnet.dll
Event: 211.408 Loaded shared library C:\Users\isaac\.gradle\jdks\amazon_com_inc_-21-amd64-windows.2\bin\sunmscapi.dll
Event: 727.990 Loaded shared library C:\Users\isaac\.gradle\jdks\amazon_com_inc_-21-amd64-windows.2\bin\rmi.dll

Deoptimization events (20 events):
Event: 774.455 Thread 0x000002369831c0a0 Uncommon trap: trap_request=0xffffff45 fr.pc=0x00000236400bed18 relative=0x0000000000000078
Event: 774.456 Thread 0x000002369831c0a0 Uncommon trap: reason=unstable_if action=reinterpret pc=0x00000236400bed18 method=com.android.tools.r8.internal.dj3.iterator()Lcom/android/tools/r8/internal/ei4; @ 30 c2
Event: 774.457 Thread 0x000002369831c0a0 DEOPT PACKING pc=0x00000236400bed18 sp=0x00000087960fd5b0
Event: 774.457 Thread 0x000002369831c0a0 DEOPT UNPACKING pc=0x000002363f884422 sp=0x00000087960fd538 mode 2
Event: 774.571 Thread 0x000002369831c0a0 Uncommon trap: trap_request=0xffffff45 fr.pc=0x0000023641379194 relative=0x0000000000000914
Event: 774.571 Thread 0x000002369831c0a0 Uncommon trap: reason=unstable_if action=reinterpret pc=0x0000023641379194 method=com.android.tools.r8.internal.wo1.f()I @ 654 c2
Event: 774.571 Thread 0x000002369831c0a0 DEOPT PACKING pc=0x0000023641379194 sp=0x00000087960fd500
Event: 774.572 Thread 0x000002369831c0a0 DEOPT UNPACKING pc=0x000002363f884422 sp=0x00000087960fd470 mode 2
Event: 774.572 Thread 0x000002369831c0a0 Uncommon trap: trap_request=0xffffff45 fr.pc=0x00000236413a0934 relative=0x0000000000000094
Event: 774.572 Thread 0x000002369831c0a0 Uncommon trap: reason=unstable_if action=reinterpret pc=0x00000236413a0934 method=com.android.tools.r8.internal.wo1.u()I @ 15 c2
Event: 774.572 Thread 0x000002369831c0a0 DEOPT PACKING pc=0x00000236413a0934 sp=0x00000087960fd560
Event: 774.572 Thread 0x000002369831c0a0 DEOPT UNPACKING pc=0x000002363f884422 sp=0x00000087960fd4e0 mode 2
Event: 774.572 Thread 0x000002369831c0a0 Uncommon trap: trap_request=0xffffff45 fr.pc=0x00000236413b8308 relative=0x0000000000000228
Event: 774.572 Thread 0x000002369831c0a0 Uncommon trap: reason=unstable_if action=reinterpret pc=0x00000236413b8308 method=com.android.tools.r8.internal.re4.a(ILcom/android/tools/r8/internal/wo1;)Lcom/android/tools/r8/internal/oo1; @ 4 c2
Event: 774.572 Thread 0x000002369831c0a0 DEOPT PACKING pc=0x00000236413b8308 sp=0x00000087960fd520
Event: 774.572 Thread 0x000002369831c0a0 DEOPT UNPACKING pc=0x000002363f884422 sp=0x00000087960fd4e0 mode 2
Event: 774.573 Thread 0x000002369831c0a0 Uncommon trap: trap_request=0xffffff45 fr.pc=0x00000236413b899c relative=0x00000000000000dc
Event: 774.573 Thread 0x000002369831c0a0 Uncommon trap: reason=unstable_if action=reinterpret pc=0x00000236413b899c method=com.android.tools.r8.internal.wo1.s()Ljava/lang/String; @ 47 c2
Event: 774.573 Thread 0x000002369831c0a0 DEOPT PACKING pc=0x00000236413b899c sp=0x00000087960fd4e0
Event: 774.573 Thread 0x000002369831c0a0 DEOPT UNPACKING pc=0x000002363f884422 sp=0x00000087960fd458 mode 2

Classes loaded (20 events):
Event: 740.376 Loading class java/nio/BufferUnderflowException
Event: 740.377 Loading class java/nio/BufferUnderflowException done
Event: 744.621 Loading class java/nio/file/FileChannelLinesSpliterator
Event: 744.622 Loading class java/nio/file/FileChannelLinesSpliterator done
Event: 744.625 Loading class java/io/BufferedReader$1
Event: 744.626 Loading class java/io/BufferedReader$1 done
Event: 747.043 Loading class java/util/stream/Streams$1
Event: 747.044 Loading class java/util/stream/Streams$1 done
Event: 747.045 Loading class java/nio/file/FileChannelLinesSpliterator$1
Event: 747.045 Loading class java/nio/file/FileChannelLinesSpliterator$1 done
Event: 749.903 Loading class java/util/concurrent/Executors$DelegatedScheduledExecutorService
Event: 749.903 Loading class java/util/concurrent/Executors$DelegatedExecutorService
Event: 749.904 Loading class java/util/concurrent/Executors$DelegatedExecutorService done
Event: 749.904 Loading class java/util/concurrent/Executors$DelegatedScheduledExecutorService done
Event: 752.036 Loading class java/util/concurrent/ForkJoinTask$AdaptedCallable
Event: 752.088 Loading class java/util/concurrent/ForkJoinTask$AdaptedCallable done
Event: 752.337 Loading class java/util/AbstractList$SubList$1
Event: 752.344 Loading class java/util/AbstractList$SubList$1 done
Event: 752.646 Loading class java/nio/HeapShortBuffer
Event: 752.706 Loading class java/nio/HeapShortBuffer done

Classes unloaded (13 events):
Event: 602.362 Thread 0x000002364e76f1b0 Unloading class 0x00000236512fa000 'java/lang/invoke/LambdaForm$MH+0x00000236512fa000'
Event: 602.363 Thread 0x000002364e76f1b0 Unloading class 0x00000236512f9800 'java/lang/invoke/LambdaForm$MH+0x00000236512f9800'
Event: 602.363 Thread 0x000002364e76f1b0 Unloading class 0x00000236512f9400 'java/lang/invoke/LambdaForm$MH+0x00000236512f9400'
Event: 602.364 Thread 0x000002364e76f1b0 Unloading class 0x00000236512f8800 'java/lang/invoke/LambdaForm$MH+0x00000236512f8800'
Event: 602.364 Thread 0x000002364e76f1b0 Unloading class 0x00000236512f7800 'java/lang/invoke/LambdaForm$MH+0x00000236512f7800'
Event: 602.364 Thread 0x000002364e76f1b0 Unloading class 0x00000236512f6800 'java/lang/invoke/LambdaForm$MH+0x00000236512f6800'
Event: 602.364 Thread 0x000002364e76f1b0 Unloading class 0x00000236512f6000 'java/lang/invoke/LambdaForm$MH+0x00000236512f6000'
Event: 602.364 Thread 0x000002364e76f1b0 Unloading class 0x00000236512f5800 'java/lang/invoke/LambdaForm$MH+0x00000236512f5800'
Event: 602.364 Thread 0x000002364e76f1b0 Unloading class 0x00000236512f5000 'java/lang/invoke/LambdaForm$MH+0x00000236512f5000'
Event: 602.364 Thread 0x000002364e76f1b0 Unloading class 0x00000236512f4800 'java/lang/invoke/LambdaForm$MH+0x00000236512f4800'
Event: 602.364 Thread 0x000002364e76f1b0 Unloading class 0x00000236512f4000 'java/lang/invoke/LambdaForm$MH+0x00000236512f4000'
Event: 638.684 Thread 0x000002364e76f1b0 Unloading class 0x00000236514dc400 'java/lang/invoke/LambdaForm$DMH+0x00000236514dc400'
Event: 638.684 Thread 0x000002364e76f1b0 Unloading class 0x00000236513f8000 'java/lang/invoke/LambdaForm$DMH+0x00000236513f8000'

Classes redefined (0 events):
No events

Internal exceptions (20 events):
Event: 740.669 Thread 0x00000236995bbe80 Exception <a 'sun/nio/fs/WindowsException'{0x00000007ffc80430}> (0x00000007ffc80430) 
thrown [s\src\hotspot\share\prims\jni.cpp, line 520]
Event: 740.688 Thread 0x00000236995bbe80 Exception <a 'java/io/FileNotFoundException'{0x00000007ffc8ad08}> (0x00000007ffc8ad08) 
thrown [s\src\hotspot\share\prims\jni.cpp, line 520]
Event: 740.721 Thread 0x0000023695d440b0 Exception <a 'sun/nio/fs/WindowsException'{0x00000007ffd224e0}> (0x00000007ffd224e0) 
thrown [s\src\hotspot\share\prims\jni.cpp, line 520]
Event: 740.728 Thread 0x0000023695d440b0 Exception <a 'java/io/FileNotFoundException'{0x00000007ffd2c300}> (0x00000007ffd2c300) 
thrown [s\src\hotspot\share\prims\jni.cpp, line 520]
Event: 742.948 Thread 0x00000236995bbe80 Exception <a 'sun/nio/fs/WindowsException'{0x000000071b429ac8}> (0x000000071b429ac8) 
thrown [s\src\hotspot\share\prims\jni.cpp, line 520]
Event: 742.957 Thread 0x00000236995bbe80 Exception <a 'java/io/FileNotFoundException'{0x000000071b4346a0}> (0x000000071b4346a0) 
thrown [s\src\hotspot\share\prims\jni.cpp, line 520]
Event: 744.492 Thread 0x00000236995bbe80 Exception <a 'sun/nio/fs/WindowsException'{0x0000000719e83658}> (0x0000000719e83658) 
thrown [s\src\hotspot\share\prims\jni.cpp, line 520]
Event: 744.505 Thread 0x00000236995bbe80 Exception <a 'java/io/FileNotFoundException'{0x0000000719e8e280}> (0x0000000719e8e280) 
thrown [s\src\hotspot\share\prims\jni.cpp, line 520]
Event: 744.507 Thread 0x0000023695d440b0 Exception <a 'sun/nio/fs/WindowsException'{0x000000071b7ccd38}> (0x000000071b7ccd38) 
thrown [s\src\hotspot\share\prims\jni.cpp, line 520]
Event: 744.517 Thread 0x0000023695d440b0 Exception <a 'java/io/FileNotFoundException'{0x000000071b7d6ea0}> (0x000000071b7d6ea0) 
thrown [s\src\hotspot\share\prims\jni.cpp, line 520]
Event: 747.003 Thread 0x0000023695d440b0 Exception <a 'sun/nio/fs/WindowsException'{0x00000007228cc3c0}> (0x00000007228cc3c0) 
thrown [s\src\hotspot\share\prims\jni.cpp, line 520]
Event: 747.029 Thread 0x0000023695d440b0 Exception <a 'java/io/FileNotFoundException'{0x00000007228d6820}> (0x00000007228d6820) 
thrown [s\src\hotspot\share\prims\jni.cpp, line 520]
Event: 747.366 Thread 0x00000236995bbe80 Exception <a 'java/lang/NoSuchMethodError'{0x0000000721c7c828}: static Lcom/android/builder/internal/aapt/AaptOptions;.<clinit>()V> (0x0000000721c7c828) 
thrown [s\src\hotspot\share\prims\jni.cpp, line 1111]
Event: 747.388 Thread 0x00000236995bbe80 Exception <a 'java/lang/NoSuchMethodError'{0x0000000721b1ea30}: static Lcom/android/build/api/variant/impl/SerializableApplicationMultiOutputHandler;.<clinit>()V> (0x0000000721b1ea30) 
thrown [s\src\hotspot\share\prims\jni.cpp, line 1111]
Event: 747.400 Thread 0x00000236995bbe80 Exception <a 'java/lang/NoSuchMethodError'{0x0000000721b38190}: static Lcom/android/build/api/variant/impl/VariantOutputImpl$SerializedForm;.<clinit>()V> (0x0000000721b38190) 
thrown [s\src\hotspot\share\prims\jni.cpp, line 1111]
Event: 747.404 Thread 0x00000236995bbe80 Exception <a 'java/lang/NoSuchMethodError'{0x0000000721b4ff48}: static Lcom/android/build/api/variant/impl/VariantOutputConfigurationImpl;.<clinit>()V> (0x0000000721b4ff48) 
thrown [s\src\hotspot\share\prims\jni.cpp, line 1111]
Event: 747.579 Thread 0x00000236a72e6ee0 Exception <a 'sun/nio/fs/WindowsException'{0x000000072172c300}> (0x000000072172c300) 
thrown [s\src\hotspot\share\prims\jni.cpp, line 520]
Event: 747.590 Thread 0x00000236a72e6ee0 Exception <a 'sun/nio/fs/WindowsException'{0x000000072172cfc8}> (0x000000072172cfc8) 
thrown [s\src\hotspot\share\prims\jni.cpp, line 520]
Event: 752.346 Thread 0x00000236a72e4780 Exception <a 'java/lang/NoSuchMethodError'{0x000000071c39e4f0}: 'long java.lang.invoke.DirectMethodHandle$Holder.invokeStatic(java.lang.Object, java.lang.Object, java.lang.Object)'> (0x000000071c39e4f0) 
thrown [s\src\hotspot\share\interpreter\linkResolver.cpp, line 773]
Event: 772.261 Thread 0x000002369831c0a0 Implicit null exception at 0x00000236408558c4 to 0x0000023640855bd6

ZGC Phase Switch (0 events):
No events

VM Operations (20 events):
Event: 762.648 Executing safepoint VM operation: G1PauseRemark done
Event: 763.588 Executing safepoint VM operation: G1PauseCleanup
Event: 763.590 Executing safepoint VM operation: G1PauseCleanup done
Event: 765.125 Executing safepoint VM operation: G1CollectForAllocation (G1 Evacuation Pause)
Event: 766.248 Executing safepoint VM operation: G1CollectForAllocation (G1 Evacuation Pause) done
Event: 766.413 Executing safepoint VM operation: G1CollectForAllocation (G1 Evacuation Pause)
Event: 766.589 Executing safepoint VM operation: G1CollectForAllocation (G1 Evacuation Pause) done
Event: 767.244 Executing safepoint VM operation: G1CollectForAllocation (G1 Evacuation Pause)
Event: 767.338 Executing safepoint VM operation: G1CollectForAllocation (G1 Evacuation Pause) done
Event: 770.340 Executing safepoint VM operation: Cleanup
Event: 770.448 Executing safepoint VM operation: Cleanup done
Event: 770.980 Executing safepoint VM operation: G1CollectForAllocation (G1 Evacuation Pause)
Event: 771.077 Executing safepoint VM operation: G1CollectForAllocation (G1 Evacuation Pause) done
Event: 773.077 Executing safepoint VM operation: Cleanup
Event: 773.078 Executing safepoint VM operation: Cleanup done
Event: 773.436 Executing safepoint VM operation: G1CollectForAllocation (G1 Evacuation Pause)
Event: 773.467 Executing safepoint VM operation: G1CollectForAllocation (G1 Evacuation Pause) done
Event: 774.184 Executing safepoint VM operation: G1CollectForAllocation (G1 Evacuation Pause)
Event: 774.221 Executing safepoint VM operation: G1CollectForAllocation (G1 Evacuation Pause) done
Event: 775.039 Executing safepoint VM operation: G1CollectForAllocation (G1 Evacuation Pause)

Memory protections (0 events):
No events

Nmethod flushes (20 events):
Event: 762.642 Thread 0x000002364e76f1b0 flushing  nmethod 0x000002363af7ee90
Event: 762.642 Thread 0x000002364e76f1b0 flushing  nmethod 0x000002363af7fb10
Event: 762.642 Thread 0x000002364e76f1b0 flushing  nmethod 0x000002363b187690
Event: 762.642 Thread 0x000002364e76f1b0 flushing osr nmethod 0x000002363b1c5090
Event: 762.642 Thread 0x000002364e76f1b0 flushing  nmethod 0x000002363b1fad90
Event: 762.642 Thread 0x000002364e76f1b0 flushing  nmethod 0x000002363b1fb110
Event: 762.642 Thread 0x000002364e76f1b0 flushing  nmethod 0x000002363b33ef90
Event: 762.642 Thread 0x000002364e76f1b0 flushing  nmethod 0x000002363b33f910
Event: 762.642 Thread 0x000002364e76f1b0 flushing  nmethod 0x000002363b340990
Event: 762.642 Thread 0x000002364e76f1b0 flushing  nmethod 0x000002363b341990
Event: 762.642 Thread 0x000002364e76f1b0 flushing  nmethod 0x000002363b343690
Event: 762.642 Thread 0x000002364e76f1b0 flushing  nmethod 0x000002363b3a8090
Event: 762.642 Thread 0x000002364e76f1b0 flushing  nmethod 0x000002363b3a9290
Event: 762.642 Thread 0x000002364e76f1b0 flushing  nmethod 0x000002363b3a9b90
Event: 762.642 Thread 0x000002364e76f1b0 flushing  nmethod 0x000002363b3a9f90
Event: 762.642 Thread 0x000002364e76f1b0 flushing  nmethod 0x000002363b3acd90
Event: 762.642 Thread 0x000002364e76f1b0 flushing  nmethod 0x000002363b3ad510
Event: 762.642 Thread 0x000002364e76f1b0 flushing  nmethod 0x000002363b3aea10
Event: 762.642 Thread 0x000002364e76f1b0 flushing  nmethod 0x000002363b3c1590
Event: 762.642 Thread 0x000002364e76f1b0 flushing  nmethod 0x000002363b3c1d10

Events (20 events):
Event: 736.918 Thread 0x000002364e7febc0 Thread added: 0x00000236a6db4450
Event: 737.379 Thread 0x00000236a6db4450 Thread exited: 0x00000236a6db4450
Event: 744.146 Thread 0x000002364e7febc0 Thread added: 0x00000236a6db3d80
Event: 749.214 Thread 0x00000236a6db3d80 Thread exited: 0x00000236a6db3d80
Event: 749.912 Thread 0x00000236a72e6ee0 Thread added: 0x00000236a72e4e10
Event: 750.089 Thread 0x00000236a72e6ee0 Thread added: 0x00000236a72e5b30
Event: 750.089 Thread 0x00000236a72e6ee0 Thread added: 0x00000236a72e61c0
Event: 752.116 Thread 0x000002369831c0a0 Thread added: 0x00000236a72e6850
Event: 752.117 Thread 0x000002369831c0a0 Thread added: 0x00000236a72e7570
Event: 752.168 Thread 0x00000236a72e6850 Thread added: 0x00000236a72e4780
Event: 752.170 Thread 0x00000236a72e7570 Thread added: 0x00000236a72e8920
Event: 752.914 Thread 0x000002364e7febc0 Thread added: 0x00000236a6dade20
Event: 761.298 Thread 0x00000236a6dade20 Thread exited: 0x00000236a6dade20
Event: 769.935 Thread 0x000002364e7febc0 Thread added: 0x00000236a6db2fe0
Event: 772.078 Thread 0x00000236a6db2fe0 Thread exited: 0x00000236a6db2fe0
Event: 772.088 Thread 0x000002364e7febc0 Thread added: 0x00000236a6db2fe0
Event: 773.325 Thread 0x00000236a6db2fe0 Thread exited: 0x00000236a6db2fe0
Event: 773.351 Thread 0x000002364e7febc0 Thread added: 0x00000236a6db2fe0
Event: 774.574 Thread 0x00000236a6db2fe0 Thread exited: 0x00000236a6db2fe0
Event: 774.840 Thread 0x000002364e7febc0 Thread added: 0x00000236a6db2fe0


Dynamic libraries:
0x00007ff7f5a60000 - 0x00007ff7f5a6e000 	C:\Users\isaac\.gradle\jdks\amazon_com_inc_-21-amd64-windows.2\bin\java.exe
0x00007fffa8140000 - 0x00007fffa83a6000 	C:\WINDOWS\SYSTEM32\ntdll.dll
0x00007fffa6310000 - 0x00007fffa63d9000 	C:\WINDOWS\System32\KERNEL32.DLL
0x00007fffa55f0000 - 0x00007fffa59ee000 	C:\WINDOWS\System32\KERNELBASE.dll
0x00007fffa5360000 - 0x00007fffa54ac000 	C:\WINDOWS\System32\ucrtbase.dll
0x00007fff6c140000 - 0x00007fff6c158000 	C:\Users\isaac\.gradle\jdks\amazon_com_inc_-21-amd64-windows.2\bin\jli.dll
0x00007fffa6140000 - 0x00007fffa6307000 	C:\WINDOWS\System32\USER32.dll
0x00007fffa5c00000 - 0x00007fffa5c27000 	C:\WINDOWS\System32\win32u.dll
0x00007fffa6110000 - 0x00007fffa613b000 	C:\WINDOWS\System32\GDI32.dll
0x00007fffa54c0000 - 0x00007fffa55ea000 	C:\WINDOWS\System32\gdi32full.dll
0x00007fffa5a00000 - 0x00007fffa5aa3000 	C:\WINDOWS\System32\msvcp_win.dll
0x00007fff1ada0000 - 0x00007fff1adbe000 	C:\Users\isaac\.gradle\jdks\amazon_com_inc_-21-amd64-windows.2\bin\VCRUNTIME140.dll
0x00007fff90600000 - 0x00007fff90892000 	C:\WINDOWS\WinSxS\amd64_microsoft.windows.common-controls_6595b64144ccf1df_6.0.26100.8875_none_3e0d5d42e32fe9dd\COMCTL32.dll
0x00007fffa6060000 - 0x00007fffa6109000 	C:\WINDOWS\System32\msvcrt.dll
0x00007fffa5e70000 - 0x00007fffa5ea2000 	C:\WINDOWS\System32\IMM32.DLL
0x00007fff9aa80000 - 0x00007fff9aa8c000 	C:\Users\isaac\.gradle\jdks\amazon_com_inc_-21-amd64-windows.2\bin\vcruntime140_1.dll
0x00007ffe9bbb0000 - 0x00007ffe9bc39000 	C:\Users\isaac\.gradle\jdks\amazon_com_inc_-21-amd64-windows.2\bin\msvcp140.dll
0x00007ffe77c20000 - 0x00007ffe789c8000 	C:\Users\isaac\.gradle\jdks\amazon_com_inc_-21-amd64-windows.2\bin\server\jvm.dll
0x00007fffa7e70000 - 0x00007fffa7f27000 	C:\WINDOWS\System32\ADVAPI32.dll
0x00007fffa7f50000 - 0x00007fffa7ffa000 	C:\WINDOWS\System32\sechost.dll
0x00007fffa6b40000 - 0x00007fffa6c58000 	C:\WINDOWS\System32\RPCRT4.dll
0x00007fffa7b80000 - 0x00007fffa7c00000 	C:\WINDOWS\System32\WS2_32.dll
0x00007fff9f180000 - 0x00007fff9f18b000 	C:\WINDOWS\SYSTEM32\VERSION.dll
0x00007fffa51e0000 - 0x00007fffa523e000 	C:\WINDOWS\SYSTEM32\POWRPROF.dll
0x00007fff9f140000 - 0x00007fff9f176000 	C:\WINDOWS\SYSTEM32\WINMM.dll
0x00007fffa51a0000 - 0x00007fffa51b4000 	C:\WINDOWS\SYSTEM32\UMPDC.dll
0x00007fffa4040000 - 0x00007fffa405b000 	C:\WINDOWS\SYSTEM32\kernel.appcore.dll
0x00007fff78180000 - 0x00007fff7818a000 	C:\Users\isaac\.gradle\jdks\amazon_com_inc_-21-amd64-windows.2\bin\jimage.dll
0x00007fff998e0000 - 0x00007fff99b22000 	C:\WINDOWS\SYSTEM32\DBGHELP.DLL
0x00007fffa63f0000 - 0x00007fffa6773000 	C:\WINDOWS\System32\combase.dll
0x00007fffa6a60000 - 0x00007fffa6b39000 	C:\WINDOWS\System32\OLEAUT32.dll
0x00007fff87560000 - 0x00007fff8759b000 	C:\WINDOWS\SYSTEM32\dbgcore.DLL
0x00007fffa5b40000 - 0x00007fffa5bec000 	C:\WINDOWS\System32\bcryptPrimitives.dll
0x00007fff78160000 - 0x00007fff78170000 	C:\Users\isaac\.gradle\jdks\amazon_com_inc_-21-amd64-windows.2\bin\instrument.dll
0x00007fff0f7a0000 - 0x00007fff0f7c1000 	C:\Users\isaac\.gradle\jdks\amazon_com_inc_-21-amd64-windows.2\bin\java.dll
0x00007fffa7270000 - 0x00007fffa7a02000 	C:\WINDOWS\System32\SHELL32.dll
0x00007fffa2df0000 - 0x00007fffa3682000 	C:\WINDOWS\SYSTEM32\windows.storage.dll
0x00007fffa5ed0000 - 0x00007fffa5fc7000 	C:\WINDOWS\System32\SHCORE.dll
0x00007fffa6c80000 - 0x00007fffa6ce7000 	C:\WINDOWS\System32\shlwapi.dll
0x00007fffa5280000 - 0x00007fffa52a9000 	C:\WINDOWS\SYSTEM32\profapi.dll
0x00007fff07ac0000 - 0x00007fff07b97000 	C:\Users\isaac\.gradle\jdks\amazon_com_inc_-21-amd64-windows.2\bin\jsvml.dll
0x00007fff0f840000 - 0x00007fff0f858000 	C:\Users\isaac\.gradle\jdks\amazon_com_inc_-21-amd64-windows.2\bin\zip.dll
0x00007fff15240000 - 0x00007fff15251000 	C:\Users\isaac\.gradle\jdks\amazon_com_inc_-21-amd64-windows.2\bin\net.dll
0x00007fff9a800000 - 0x00007fff9a927000 	C:\WINDOWS\SYSTEM32\WINHTTP.dll
0x00007fffa45f0000 - 0x00007fffa465c000 	C:\WINDOWS\system32\mswsock.dll
0x00007fff0f820000 - 0x00007fff0f836000 	C:\Users\isaac\.gradle\jdks\amazon_com_inc_-21-amd64-windows.2\bin\nio.dll
0x00007fffa00b0000 - 0x00007fffa00c0000 	C:\Users\isaac\.gradle\jdks\amazon_com_inc_-21-amd64-windows.2\bin\verify.dll
0x00007ffe9a040000 - 0x00007ffe9a067000 	C:\Users\isaac\.gradle\native\660c5614fbf4a5f2a75b1949f50a0caf5cd603558e7d8a26e50b933a0cfb79d1\windows-amd64\native-platform.dll
0x00007fff57960000 - 0x00007fff579d7000 	C:\Users\isaac\.gradle\native\0.2.8\x86_64-windows-gnu\gradle-fileevents.dll
0x00007fff678d0000 - 0x00007fff678da000 	C:\Users\isaac\.gradle\jdks\amazon_com_inc_-21-amd64-windows.2\bin\management.dll
0x00007fff67260000 - 0x00007fff6726c000 	C:\Users\isaac\.gradle\jdks\amazon_com_inc_-21-amd64-windows.2\bin\management_ext.dll
0x00007fffa5eb0000 - 0x00007fffa5eb8000 	C:\WINDOWS\System32\PSAPI.DLL
0x00007fffa3a70000 - 0x00007fffa3aa3000 	C:\WINDOWS\SYSTEM32\IPHLPAPI.DLL
0x00007fffa5ec0000 - 0x00007fffa5eca000 	C:\WINDOWS\System32\NSI.dll
0x00007fff67250000 - 0x00007fff67259000 	C:\Users\isaac\.gradle\jdks\amazon_com_inc_-21-amd64-windows.2\bin\extnet.dll
0x00007fffa48f0000 - 0x00007fffa490b000 	C:\WINDOWS\SYSTEM32\CRYPTSP.dll
0x00007fffa3fa0000 - 0x00007fffa3fd9000 	C:\WINDOWS\system32\rsaenh.dll
0x00007fffa46b0000 - 0x00007fffa46e2000 	C:\WINDOWS\SYSTEM32\USERENV.dll
0x00007fffa5250000 - 0x00007fffa527a000 	C:\WINDOWS\SYSTEM32\bcrypt.dll
0x00007fffa4910000 - 0x00007fffa491c000 	C:\WINDOWS\SYSTEM32\CRYPTBASE.dll
0x00007fff5ac20000 - 0x00007fff5ac2e000 	C:\Users\isaac\.gradle\jdks\amazon_com_inc_-21-amd64-windows.2\bin\sunmscapi.dll
0x00007fffa5cf0000 - 0x00007fffa5e68000 	C:\WINDOWS\System32\CRYPT32.dll
0x00007fffa4b30000 - 0x00007fffa4b60000 	C:\WINDOWS\SYSTEM32\ncrypt.dll
0x00007fffa4ae0000 - 0x00007fffa4b1f000 	C:\WINDOWS\SYSTEM32\NTASN1.dll
0x00007fff8f670000 - 0x00007fff8f678000 	C:\WINDOWS\system32\wshunix.dll
0x00007fffa3b50000 - 0x00007fffa3ca6000 	C:\WINDOWS\SYSTEM32\DNSAPI.dll
0x00007fffa43d0000 - 0x00007fffa43dd000 	C:\WINDOWS\SYSTEM32\DSPARSE.dll
0x00007fff96dd0000 - 0x00007fff96ddb000 	C:\Windows\System32\rasadhlp.dll
0x00007fff994a0000 - 0x00007fff99526000 	C:\WINDOWS\System32\fwpuclnt.dll
0x00007fffa00f0000 - 0x00007fffa00f7000 	C:\Users\isaac\.gradle\jdks\amazon_com_inc_-21-amd64-windows.2\bin\rmi.dll
0x00007fffa2220000 - 0x00007fffa22c0000 	C:\WINDOWS\system32\apphelp.dll

JVMTI agents:
C:\Users\isaac\.gradle\wrapper\dists\gradle-9.4.1-bin\arn2x92ynaizyzdaamcbpbhtj\gradle-9.4.1\lib\agents\gradle-instrumentation-agent-9.4.1.jar path:C:\Users\isaac\.gradle\jdks\amazon_com_inc_-21-amd64-windows.2\bin\instrument.dll, loaded, initialized, instrumentlib options:none

dbghelp: loaded successfully - version: 4.0.5 - missing functions: none
symbol engine: initialized successfully - sym options: 0x614 - pdb path: .;C:\Users\isaac\.gradle\jdks\amazon_com_inc_-21-amd64-windows.2\bin;C:\WINDOWS\SYSTEM32;C:\WINDOWS\WinSxS\amd64_microsoft.windows.common-controls_6595b64144ccf1df_6.0.26100.8875_none_3e0d5d42e32fe9dd;C:\Users\isaac\.gradle\jdks\amazon_com_inc_-21-amd64-windows.2\bin\server;C:\Users\isaac\.gradle\native\660c5614fbf4a5f2a75b1949f50a0caf5cd603558e7d8a26e50b933a0cfb79d1\windows-amd64;C:\Users\isaac\.gradle\native\0.2.8\x86_64-windows-gnu

VM Arguments:
jvm_args: --add-opens=java.base/java.lang=ALL-UNNAMED --add-opens=java.base/java.lang.invoke=ALL-UNNAMED --add-opens=java.base/java.util=ALL-UNNAMED --add-opens=java.prefs/java.util.prefs=ALL-UNNAMED --add-exports=jdk.compiler/com.sun.tools.javac.api=ALL-UNNAMED --add-exports=jdk.compiler/com.sun.tools.javac.util=ALL-UNNAMED --add-opens=java.base/java.util=ALL-UNNAMED --add-opens=java.prefs/java.util.prefs=ALL-UNNAMED --add-opens=java.base/java.nio.charset=ALL-UNNAMED --add-opens=java.base/java.net=ALL-UNNAMED --add-opens=java.base/java.util.concurrent=ALL-UNNAMED --add-opens=java.base/java.util.concurrent.atomic=ALL-UNNAMED --add-opens=java.xml/javax.xml.namespace=ALL-UNNAMED --add-opens=java.base/java.time=ALL-UNNAMED -Xmx4096M -Dfile.encoding=UTF-8 -Duser.country=MX -Duser.language=es -Duser.variant -javaagent:C:\Users\isaac\.gradle\wrapper\dists\gradle-9.4.1-bin\arn2x92ynaizyzdaamcbpbhtj\gradle-9.4.1\lib\agents\gradle-instrumentation-agent-9.4.1.jar 
java_command: org.gradle.launcher.daemon.bootstrap.GradleDaemon 9.4.1
java_class_path (initial): C:\Users\isaac\.gradle\wrapper\dists\gradle-9.4.1-bin\arn2x92ynaizyzdaamcbpbhtj\gradle-9.4.1\lib\gradle-daemon-main-9.4.1.jar
Launcher Type: SUN_STANDARD

[Global flags]
     intx CICompilerCount                          = 3                                         {product} {ergonomic}
     uint ConcGCThreads                            = 1                                         {product} {ergonomic}
     uint G1ConcRefinementThreads                  = 4                                         {product} {ergonomic}
   size_t G1HeapRegionSize                         = 2097152                                   {product} {ergonomic}
    uintx GCDrainStackTargetSize                   = 64                                        {product} {ergonomic}
   size_t InitialHeapSize                          = 100663296                                 {product} {ergonomic}
   size_t MarkStackSize                            = 4194304                                   {product} {ergonomic}
   size_t MaxHeapSize                              = 4294967296                                {product} {command line}
   size_t MaxNewSize                               = 2575302656                                {product} {ergonomic}
   size_t MinHeapDeltaBytes                        = 2097152                                   {product} {ergonomic}
   size_t MinHeapSize                              = 8388608                                   {product} {ergonomic}
    uintx NonNMethodCodeHeapSize                   = 5832780                                {pd product} {ergonomic}
    uintx NonProfiledCodeHeapSize                  = 122912730                              {pd product} {ergonomic}
    uintx ProfiledCodeHeapSize                     = 122912730                              {pd product} {ergonomic}
    uintx ReservedCodeCacheSize                    = 251658240                              {pd product} {ergonomic}
     bool SegmentedCodeCache                       = true                                      {product} {ergonomic}
   size_t SoftMaxHeapSize                          = 4294967296                             {manageable} {ergonomic}
     bool UseCompressedOops                        = true                           {product lp64_product} {ergonomic}
     bool UseG1GC                                  = true                                      {product} {ergonomic}
     bool UseLargePagesIndividualAllocation        = false                                  {pd product} {ergonomic}

Logging:
Log output configuration:
 #0: stdout all=warning uptime,level,tags foldmultilines=false
 #1: stderr all=off uptime,level,tags foldmultilines=false

Release file:
IMPLEMENTOR="Amazon.com Inc." 
IMPLEMENTOR_VERSION="Corretto-21.0.11.10.1" 
JAVA_RUNTIME_VERSION="21.0.11+10-LTS" 
JAVA_VERSION="21.0.11" 
JAVA_VERSION_DATE="2026-04-21" 
LIBC="default" 
MODULES="java.base java.compiler java.datatransfer java.xml java.prefs java.desktop java.instrument java.logging java.management java.security.sasl java.naming java.rmi java.management.rmi java.net.http java.scripting java.security.jgss java.transaction.xa java.sql java.sql.rowset java.xml.crypto java.se java.smartcardio jdk.accessibility jdk.internal.jvmstat jdk.attach jdk.charsets jdk.internal.opt jdk.zipfs jdk.compiler jdk.crypto.ec jdk.crypto.cryptoki jdk.crypto.mscapi jdk.dynalink jdk.internal.ed jdk.editpad jdk.hotspot.agent jdk.httpserver jdk.incubator.vector jdk.internal.le jdk.internal.vm.ci jdk.internal.vm.compiler jdk.internal.vm.compiler.management jdk.jartool jdk.javadoc jdk.jcmd jdk.management jdk.management.agent jdk.jconsole jdk.jdeps jdk.jdwp.agent jdk.jdi jdk.jfr jdk.jlink jdk.jpackage jdk.jshell jdk.jsobject jdk.jstatd jdk.localedata jdk.management.jfr jdk.naming.dns jdk.naming.rmi jdk.net jdk.nio.mapmode jdk.random jdk.sctp jdk.security.auth jdk.security.jgss jdk.unsupported jdk.unsupported.desktop jdk.xml.dom" 
OS_ARCH="x86_64" 
OS_NAME="Windows" 
SOURCE="" 

Environment Variables:
PATH=C:\Program Files\Microsoft\jdk-11.0.12.7-hotspot\bin;C:\Program Files\Common Files\Oracle\Java\javapath;C:\windows\system32;C:\windows;C:\windows\System32\Wbem;C:\windows\System32\WindowsPowerShell\v1.0\;C:\windows\System32\OpenSSH\;C:\Program Files\dotnet\;C:\WINDOWS\system32;C:\WINDOWS;C:\WINDOWS\System32\Wbem;C:\WINDOWS\System32\WindowsPowerShell\v1.0\;C:\WINDOWS\System32\OpenSSH\;C:\Program Files (x86)\Microsoft SQL Server\160\Tools\Binn\;C:\Program Files\Microsoft SQL Server\160\Tools\Binn\;C:\Program Files\Microsoft SQL Server\Client SDK\ODBC\170\Tools\Binn\;C:\Program Files\Microsoft SQL Server\160\DTS\Binn\;C:\Program Files (x86)\Microsoft SQL Server\160\DTS\Binn\;C:\Program Files\Microsoft SQL Server\150\Tools\Binn\;C:\Program Files\nodejs\;C:\Program Files\Git\cmd;C:\Program Files (x86)\Windows Kits\10\Windows Performance Toolkit\;C:\Users\isaac\AppData\Local\Microsoft\WindowsApps;C:\Users\isaac\AppData\Local\Programs\Microsoft VS Code\bin;C:\Users\isaac\.dotnet\tools;C:\Users\isaac\AppData\Local\Programs\MiKTeX\miktex\bin\x64\;C:\Users\isaac\AppData\Roaming\npm
USERNAME=isaac
OS=Windows_NT
PROCESSOR_IDENTIFIER=AMD64 Family 23 Model 24 Stepping 1, AuthenticAMD
TMP=C:\Users\isaac\AppData\Local\Temp
TEMP=C:\Users\isaac\AppData\Local\Temp




Periodic native trim disabled

---------------  S Y S T E M  ---------------

OS:
 Windows 11 , 64 bit Build 26100 (10.0.26100.8875)
OS uptime: 0 days 0:32 hours
Hyper-V role detected

CPU: total 4 (initial active 4) (4 cores per cpu, 2 threads per core) family 23 model 24 stepping 1 microcode 0x8108109, cx8, cmov, fxsr, ht, mmx, 3dnowpref, sse, sse2, sse3, ssse3, sse4a, sse4.1, sse4.2, popcnt, lzcnt, tsc, tscinvbit, avx, avx2, aes, clmul, bmi1, bmi2, adx, sha, fma, vzeroupper, clflush, clflushopt, hv, rdtscp, f16c
Processor Information for the first 4 processors :
  Max Mhz: 2600, Current Mhz: 2600, Mhz Limit: 2600

Memory: 4k page, system-wide physical 6059M (715M free)
TotalPageFile size 16745M (AvailPageFile size 1037M)
current process WorkingSet (physical memory assigned to process): 863M, peak: 1051M
current process commit charge ("private bytes"): 1573M, peak: 2543M

vm_info: OpenJDK 64-Bit Server VM (21.0.11+10-LTS) for windows-amd64 JRE (21.0.11+10-LTS), built on 2026-04-18T07:30:30Z by "Administrator" with MS VC++ 17.14 (VS2022)

END.
