#
# There is insufficient memory for the Java Runtime Environment to continue.
# Native memory allocation (mmap) failed to map 994050048 bytes. Error detail: G1 virtual space
# Possible reasons:
#   The system is out of physical RAM or swap space
#   This process is running with CompressedOops enabled, and the Java Heap may be blocking the growth of the native heap
# Possible solutions:
#   Reduce memory load on the system
#   Increase physical memory or swap space
#   Check if swap backing store is full
#   Decrease Java heap size (-Xmx/-Xms)
#   Decrease number of Java threads
#   Decrease Java thread stack sizes (-Xss)
#   Set larger code cache with -XX:ReservedCodeCacheSize=
#   JVM is running with Zero Based Compressed Oops mode in which the Java heap is
#     placed in the first 32GB address space. The Java Heap base address is the
#     maximum limit for the native heap growth. Please use -XX:HeapBaseMinAddress
#     to set the Java Heap base and to place the Java Heap above 32GB virtual address.
# This output file may be truncated or incomplete.
#
#  Out of Memory Error (os_windows.cpp:3714), pid=14376, tid=18480
#
# JRE version: OpenJDK Runtime Environment Corretto-21.0.11.10.1 (21.0.11+10) (build 21.0.11+10-LTS)
# Java VM: OpenJDK 64-Bit Server VM Corretto-21.0.11.10.1 (21.0.11+10-LTS, mixed mode, sharing, tiered, compressed oops, compressed class ptrs, g1 gc, windows-amd64)
# No core dump will be written. Minidumps are not enabled by default on client versions of Windows
#

---------------  S U M M A R Y ------------

Command Line: --add-opens=java.base/java.lang=ALL-UNNAMED --add-opens=java.base/java.lang.invoke=ALL-UNNAMED --add-opens=java.base/java.util=ALL-UNNAMED --add-opens=java.prefs/java.util.prefs=ALL-UNNAMED --add-exports=jdk.compiler/com.sun.tools.javac.api=ALL-UNNAMED --add-exports=jdk.compiler/com.sun.tools.javac.util=ALL-UNNAMED --add-opens=java.base/java.util=ALL-UNNAMED --add-opens=java.prefs/java.util.prefs=ALL-UNNAMED --add-opens=java.base/java.nio.charset=ALL-UNNAMED --add-opens=java.base/java.net=ALL-UNNAMED --add-opens=java.base/java.util.concurrent=ALL-UNNAMED --add-opens=java.base/java.util.concurrent.atomic=ALL-UNNAMED --add-opens=java.xml/javax.xml.namespace=ALL-UNNAMED --add-opens=java.base/java.time=ALL-UNNAMED -Xmx3072M -Dfile.encoding=UTF-8 -Duser.country=MX -Duser.language=es -Duser.variant -javaagent:C:\Users\isaac\.gradle\wrapper\dists\gradle-9.4.1-bin\arn2x92ynaizyzdaamcbpbhtj\gradle-9.4.1\lib\agents\gradle-instrumentation-agent-9.4.1.jar org.gradle.launcher.daemon.bootstrap.GradleDaemon 9.4.1

Host: AMD Ryzen 3 3250U with Radeon Graphics         , 4 cores, 5G,  Windows 11 , 64 bit Build 26100 (10.0.26100.8521)
Time: Sun Jul  5 17:05:49 2026 Hora estándar central (México) elapsed time: 406.387445 seconds (0d 0h 6m 46s)

---------------  T H R E A D  ---------------

Current thread (0x000002356612a060):  VMThread "VM Thread"          [id=18480, stack(0x0000009b6b100000,0x0000009b6b200000) (1024K)]

Stack: [0x0000009b6b100000,0x0000009b6b200000]
Native frames: (J=compiled Java code, j=interpreted, Vv=VM code, C=native code)
V  [jvm.dll+0x6df899]
V  [jvm.dll+0x8bc52b]
V  [jvm.dll+0x8beaba]
V  [jvm.dll+0x8bf193]
V  [jvm.dll+0x28aa16]
V  [jvm.dll+0x6dc1f5]
V  [jvm.dll+0x6d003a]
V  [jvm.dll+0x3650fe]
V  [jvm.dll+0x36cfcb]
V  [jvm.dll+0x3bea89]
V  [jvm.dll+0x3bed2b]
V  [jvm.dll+0x3392c7]
V  [jvm.dll+0x339357]
V  [jvm.dll+0x37d83c]
V  [jvm.dll+0x37c01e]
V  [jvm.dll+0x338a21]
V  [jvm.dll+0x37b68a]
V  [jvm.dll+0x8c4eef]
V  [jvm.dll+0x8c63d3]
V  [jvm.dll+0x8c6944]
V  [jvm.dll+0x8c6a43]
V  [jvm.dll+0x8672bd]
V  [jvm.dll+0x6de09d]
C  [ucrtbase.dll+0x2cd30]
C  [KERNEL32.DLL+0x2e957]
C  [ntdll.dll+0x87c1c]

VM_Operation (0x0000009b6edfe340): G1CollectForAllocation, mode: safepoint, requested by thread 0x0000023575abe2e0


---------------  P R O C E S S  ---------------

Threads class SMR info:
_java_thread_list=0x000002357531a110, length=59, elements={
0x00000235054b8b80, 0x00000235661465f0, 0x000002356614bfe0, 0x000002356614d5b0,
0x000002356614e010, 0x000002356614ea70, 0x000002356614f4d0, 0x0000023566150260,
0x0000023566159050, 0x0000023566355df0, 0x0000023566415e50, 0x000002356b871050,
0x000002356b027ad0, 0x000002356b46f7d0, 0x000002356c1182c0, 0x000002356629d6a0,
0x00000235662f0a20, 0x000002356b28fda0, 0x000002356b28f080, 0x000002356b28cfb0,
0x000002356b290430, 0x000002356b28d640, 0x000002356b28dcd0, 0x000002356b28e9f0,
0x000002356d776da0, 0x000002356d778e70, 0x000002356d779500, 0x000002356d778150,
0x000002356d779b90, 0x000002356d776710, 0x000002356d77af40, 0x000002356d77bc60,
0x000002356d77dd30, 0x000002356e09bbc0, 0x000002356e09e9b0, 0x000002356e09cf70,
0x000002356e09dc90, 0x000002356e09e320, 0x000002356e0a2b50, 0x000002356e09b530,
0x000002356e658620, 0x000002356e658cb0, 0x0000023575797c00, 0x000002356e09c8e0,
0x000002357651a7c0, 0x0000023576519410, 0x000002357651b4e0, 0x000002357651a130,
0x0000023576518060, 0x000002357651bb70, 0x00000235765186f0, 0x0000023575ac10d0,
0x0000023575ac0a40, 0x0000023575abe970, 0x0000023575abf000, 0x0000023575ac1760,
0x0000023575abe2e0, 0x0000023575ac3ec0, 0x0000023575ac1df0
}

Java Threads: ( => current thread )
  0x00000235054b8b80 JavaThread "main"                              [_thread_blocked, id=26100, stack(0x0000009b6aa00000,0x0000009b6ab00000) (1024K)]
  0x00000235661465f0 JavaThread "Reference Handler"          daemon [_thread_blocked, id=2660, stack(0x0000009b6b200000,0x0000009b6b300000) (1024K)]
  0x000002356614bfe0 JavaThread "Finalizer"                  daemon [_thread_blocked, id=5452, stack(0x0000009b6b300000,0x0000009b6b400000) (1024K)]
  0x000002356614d5b0 JavaThread "Signal Dispatcher"          daemon [_thread_blocked, id=7852, stack(0x0000009b6b400000,0x0000009b6b500000) (1024K)]
  0x000002356614e010 JavaThread "Attach Listener"            daemon [_thread_blocked, id=18160, stack(0x0000009b6b500000,0x0000009b6b600000) (1024K)]
  0x000002356614ea70 JavaThread "Service Thread"             daemon [_thread_blocked, id=9548, stack(0x0000009b6b600000,0x0000009b6b700000) (1024K)]
  0x000002356614f4d0 JavaThread "Monitor Deflation Thread"   daemon [_thread_blocked, id=9980, stack(0x0000009b6b700000,0x0000009b6b800000) (1024K)]
  0x0000023566150260 JavaThread "C2 CompilerThread0"         daemon [_thread_blocked, id=7672, stack(0x0000009b6b800000,0x0000009b6b900000) (1024K)]
  0x0000023566159050 JavaThread "C1 CompilerThread0"         daemon [_thread_blocked, id=25996, stack(0x0000009b6b900000,0x0000009b6ba00000) (1024K)]
  0x0000023566355df0 JavaThread "Common-Cleaner"             daemon [_thread_blocked, id=11064, stack(0x0000009b6ba00000,0x0000009b6bb00000) (1024K)]
  0x0000023566415e50 JavaThread "Notification Thread"        daemon [_thread_blocked, id=21500, stack(0x0000009b6bb00000,0x0000009b6bc00000) (1024K)]
  0x000002356b871050 JavaThread "Daemon health stats"               [_thread_blocked, id=16228, stack(0x0000009b6bf00000,0x0000009b6c000000) (1024K)]
  0x000002356b027ad0 JavaThread "Incoming local TCP Connector on port 64541"        [_thread_in_native, id=21340, stack(0x0000009b6c000000,0x0000009b6c100000) (1024K)]
  0x000002356b46f7d0 JavaThread "Daemon periodic checks"            [_thread_blocked, id=2640, stack(0x0000009b6c100000,0x0000009b6c200000) (1024K)]
  0x000002356c1182c0 JavaThread "Daemon"                            [_thread_blocked, id=20704, stack(0x0000009b6c200000,0x0000009b6c300000) (1024K)]
  0x000002356629d6a0 JavaThread "Handler for socket connection from /127.0.0.1:64541 to /127.0.0.1:64542"        [_thread_in_native, id=8116, stack(0x0000009b6c300000,0x0000009b6c400000) (1024K)]
  0x00000235662f0a20 JavaThread "Cancel handler"                    [_thread_blocked, id=21744, stack(0x0000009b6c400000,0x0000009b6c500000) (1024K)]
  0x000002356b28fda0 JavaThread "Daemon worker"                     [_thread_blocked, id=8856, stack(0x0000009b6c500000,0x0000009b6c600000) (1024K)]
  0x000002356b28f080 JavaThread "Asynchronous log dispatcher for DefaultDaemonConnection: socket connection from /127.0.0.1:64541 to /127.0.0.1:64542"        [_thread_blocked, id=16280, stack(0x0000009b6c600000,0x0000009b6c700000) (1024K)]
  0x000002356b28cfb0 JavaThread "Stdin handler"                     [_thread_blocked, id=8500, stack(0x0000009b6c700000,0x0000009b6c800000) (1024K)]
  0x000002356b290430 JavaThread "Daemon client event forwarder"        [_thread_blocked, id=23828, stack(0x0000009b6c800000,0x0000009b6c900000) (1024K)]
  0x000002356b28d640 JavaThread "Cache worker for journal cache (C:\Users\isaac\.gradle\caches\journal-1)"        [_thread_blocked, id=26016, stack(0x0000009b6c900000,0x0000009b6ca00000) (1024K)]
  0x000002356b28dcd0 JavaThread "File lock request listener"        [_thread_in_native, id=9860, stack(0x0000009b6ca00000,0x0000009b6cb00000) (1024K)]
  0x000002356b28e9f0 JavaThread "Cache worker for file hash cache (C:\Users\isaac\.gradle\caches\9.4.1\fileHashes)"        [_thread_blocked, id=16416, stack(0x0000009b6cb00000,0x0000009b6cc00000) (1024K)]
  0x000002356d776da0 JavaThread "Cache worker for file hash cache (C:\Users\isaac\AndroidStudioProjects\EjemploMoviles\.gradle\9.4.1\fileHashes)"        [_thread_blocked, id=12208, stack(0x0000009b6cc00000,0x0000009b6cd00000) (1024K)]
  0x000002356d778e70 JavaThread "Cache worker for checksums cache (C:\Users\isaac\AndroidStudioProjects\EjemploMoviles\.gradle\9.4.1\checksums)"        [_thread_blocked, id=17480, stack(0x0000009b6cd00000,0x0000009b6ce00000) (1024K)]
  0x000002356d779500 JavaThread "Cache worker for Build Output Cleanup Cache (C:\Users\isaac\AndroidStudioProjects\EjemploMoviles\.gradle\buildOutputCleanup)"        [_thread_blocked, id=9576, stack(0x0000009b6ce00000,0x0000009b6cf00000) (1024K)]
  0x000002356d778150 JavaThread "Cache worker for file content cache (C:\Users\isaac\.gradle\caches\9.4.1\fileContent)"        [_thread_blocked, id=18804, stack(0x0000009b6cf00000,0x0000009b6d000000) (1024K)]
  0x000002356d779b90 JavaThread "File watcher server"        daemon [_thread_blocked, id=6732, stack(0x0000009b6a800000,0x0000009b6a900000) (1024K)]
  0x000002356d776710 JavaThread "File watcher consumer"      daemon [_thread_blocked, id=15920, stack(0x0000009b6a900000,0x0000009b6aa00000) (1024K)]
  0x000002356d77af40 JavaThread "Cache worker for cache directory md-supplier (C:\Users\isaac\.gradle\caches\9.4.1\md-supplier)"        [_thread_blocked, id=25036, stack(0x0000009b6d000000,0x0000009b6d100000) (1024K)]
  0x000002356d77bc60 JavaThread "Cache worker for cache directory md-rule (C:\Users\isaac\.gradle\caches\9.4.1\md-rule)"        [_thread_blocked, id=5460, stack(0x0000009b6d100000,0x0000009b6d200000) (1024K)]
  0x000002356d77dd30 JavaThread "Configuration cache report writer"        [_thread_blocked, id=25336, stack(0x0000009b6d200000,0x0000009b6d300000) (1024K)]
  0x000002356e09bbc0 JavaThread "Build operations"                  [_thread_blocked, id=17380, stack(0x0000009b6d300000,0x0000009b6d400000) (1024K)]
  0x000002356e09e9b0 JavaThread "Build operations Thread 2"         [_thread_blocked, id=24988, stack(0x0000009b6d400000,0x0000009b6d500000) (1024K)]
  0x000002356e09cf70 JavaThread "Build operations Thread 3"         [_thread_blocked, id=7916, stack(0x0000009b6d500000,0x0000009b6d600000) (1024K)]
  0x000002356e09dc90 JavaThread "Build operations Thread 4"         [_thread_blocked, id=3224, stack(0x0000009b6d600000,0x0000009b6d700000) (1024K)]
  0x000002356e09e320 JavaThread "Memory manager"                    [_thread_blocked, id=19032, stack(0x0000009b6d700000,0x0000009b6d800000) (1024K)]
  0x000002356e0a2b50 JavaThread "build event listener"              [_thread_blocked, id=13976, stack(0x0000009b6d800000,0x0000009b6d900000) (1024K)]
  0x000002356e09b530 JavaThread "build event listener"              [_thread_blocked, id=7648, stack(0x0000009b6d900000,0x0000009b6da00000) (1024K)]
  0x000002356e658620 JavaThread "pool-3-thread-1"                   [_thread_blocked, id=8608, stack(0x0000009b6da00000,0x0000009b6db00000) (1024K)]
  0x000002356e658cb0 JavaThread "build event listener"              [_thread_blocked, id=26388, stack(0x0000009b6db00000,0x0000009b6dc00000) (1024K)]
  0x0000023575797c00 JavaThread "included builds"                   [_thread_blocked, id=11312, stack(0x0000009b6de00000,0x0000009b6df00000) (1024K)]
  0x000002356e09c8e0 JavaThread "Execution worker"                  [_thread_blocked, id=12176, stack(0x0000009b6df00000,0x0000009b6e000000) (1024K)]
  0x000002357651a7c0 JavaThread "Execution worker Thread 2"         [_thread_blocked, id=21688, stack(0x0000009b6e000000,0x0000009b6e100000) (1024K)]
  0x0000023576519410 JavaThread "Execution worker Thread 3"         [_thread_blocked, id=15916, stack(0x0000009b6e100000,0x0000009b6e200000) (1024K)]
  0x000002357651b4e0 JavaThread "Cache worker for execution history cache (C:\Users\isaac\AndroidStudioProjects\EjemploMoviles\.gradle\9.4.1\executionHistory)"        [_thread_blocked, id=5924, stack(0x0000009b6e200000,0x0000009b6e300000) (1024K)]
  0x000002357651a130 JavaThread "ForkJoinPool-1-worker-1"    daemon [_thread_blocked, id=20348, stack(0x0000009b6e300000,0x0000009b6e400000) (1024K)]
  0x0000023576518060 JavaThread "ForkJoinPool-1-worker-2"    daemon [_thread_blocked, id=4536, stack(0x0000009b6e400000,0x0000009b6e500000) (1024K)]
  0x000002357651bb70 JavaThread "ForkJoinPool-1-worker-3"    daemon [_thread_blocked, id=9420, stack(0x0000009b6e500000,0x0000009b6e600000) (1024K)]
  0x00000235765186f0 JavaThread "ForkJoinPool-1-worker-4"    daemon [_thread_blocked, id=22296, stack(0x0000009b6e600000,0x0000009b6e700000) (1024K)]
  0x0000023575ac10d0 JavaThread "WorkerExecutor Queue"              [_thread_blocked, id=6328, stack(0x0000009b6e700000,0x0000009b6e800000) (1024K)]
  0x0000023575ac0a40 JavaThread "WorkerExecutor Queue Thread 2"        [_thread_blocked, id=19800, stack(0x0000009b6e800000,0x0000009b6e900000) (1024K)]
  0x0000023575abe970 JavaThread "WorkerExecutor Queue Thread 3"        [_thread_blocked, id=7920, stack(0x0000009b6e900000,0x0000009b6ea00000) (1024K)]
  0x0000023575abf000 JavaThread "WorkerExecutor Queue Thread 4"        [_thread_blocked, id=25656, stack(0x0000009b6ea00000,0x0000009b6eb00000) (1024K)]
  0x0000023575ac1760 JavaThread "ForkJoinPool-2-worker-1"    daemon [_thread_blocked, id=16588, stack(0x0000009b6ec00000,0x0000009b6ed00000) (1024K)]
  0x0000023575abe2e0 JavaThread "ForkJoinPool-2-worker-2"    daemon [_thread_blocked, id=5804, stack(0x0000009b6ed00000,0x0000009b6ee00000) (1024K)]
  0x0000023575ac3ec0 JavaThread "ForkJoinPool-2-worker-3"    daemon [_thread_blocked, id=26552, stack(0x0000009b6ee00000,0x0000009b6ef00000) (1024K)]
  0x0000023575ac1df0 JavaThread "ForkJoinPool-2-worker-4"    daemon [_thread_blocked, id=10164, stack(0x0000009b6ef00000,0x0000009b6f000000) (1024K)]
Total: 59

Other Threads:
=>0x000002356612a060 VMThread "VM Thread"                           [id=18480, stack(0x0000009b6b100000,0x0000009b6b200000) (1024K)]
  0x00000235079499f0 WatcherThread "VM Periodic Task Thread"        [id=17296, stack(0x0000009b6b000000,0x0000009b6b100000) (1024K)]
  0x00000235078e25a0 WorkerThread "GC Thread#0"                     [id=22256, stack(0x0000009b6ab00000,0x0000009b6ac00000) (1024K)]
  0x00000235665387e0 WorkerThread "GC Thread#1"                     [id=10600, stack(0x0000009b6bc00000,0x0000009b6bd00000) (1024K)]
  0x0000023566798b90 WorkerThread "GC Thread#2"                     [id=21008, stack(0x0000009b6bd00000,0x0000009b6be00000) (1024K)]
  0x000002356657f2c0 WorkerThread "GC Thread#3"                     [id=18204, stack(0x0000009b6be00000,0x0000009b6bf00000) (1024K)]
  0x00000235078f04b0 ConcurrentGCThread "G1 Main Marker"            [id=20648, stack(0x0000009b6ac00000,0x0000009b6ad00000) (1024K)]
  0x00000235078f16e0 WorkerThread "G1 Conc#0"                       [id=16576, stack(0x0000009b6ad00000,0x0000009b6ae00000) (1024K)]
  0x0000023507935bd0 ConcurrentGCThread "G1 Refine#0"               [id=25092, stack(0x0000009b6ae00000,0x0000009b6af00000) (1024K)]
  0x0000023507939090 ConcurrentGCThread "G1 Service"                [id=13260, stack(0x0000009b6af00000,0x0000009b6b000000) (1024K)]
Total: 10

Threads with active compile tasks:
C2 CompilerThread0  408784 19342       4       com.android.tools.r8.internal.vb0::a (3327 bytes)
C1 CompilerThread0  408784 19677       2       com.android.tools.r8.graph.cd::a (87 bytes)
Total: 2

VM state: at safepoint (normal execution)

VM Mutex/Monitor currently owned by a thread:  ([mutex/lock_event])
[0x00007ffcb1d665c0] Threads_lock - owner thread: 0x000002356612a060
[0x00007ffcb1d666c0] Heap_lock - owner thread: 0x0000023575abe2e0

Heap address: 0x0000000740000000, size: 3072 MB, Compressed Oops mode: Zero based, Oop shift amount: 3

CDS archive(s) mapped at: [0x0000023525000000-0x0000023525c80000-0x0000023525c80000), size 13107200, SharedBaseAddress: 0x0000023525000000, ArchiveRelocationMode: 1.
Compressed class space mapped at: 0x0000023526000000-0x0000023566000000, reserved size: 1073741824
Narrow klass base: 0x0000023525000000, Narrow klass shift: 0, Narrow klass range: 0x100000000

GC Precious Log:
 CardTable entry size: 512
 Card Set container configuration: InlinePtr #cards 4 size 8 Array Of Cards #cards 16 size 48 Howl #buckets 8 coarsen threshold 3686 Howl Bitmap #cards 512 size 80 coarsen threshold 460 Card regions per heap region 1 cards per card region 4096
 CPUs: 4 total, 4 available
 Memory: 6059M
 Large Page Support: Disabled
 NUMA Support: Disabled
 Compressed Oops: Enabled (Zero based)
 Heap Region Size: 2M
 Heap Min Capacity: 8M
 Heap Initial Capacity: 96M
 Heap Max Capacity: 3G
 Pre-touch: Disabled
 Parallel Workers: 4
 Concurrent Workers: 1
 Concurrent Refinement Workers: 4
 Periodic GC: Disabled

Heap:
 garbage-first heap   total 720896K, used 466944K [0x0000000740000000, 0x0000000800000000)
  region size 2048K, 3 young (6144K), 3 survivors (6144K)
 Metaspace       used 141132K, committed 144000K, reserved 1179648K
  class space    used 19878K, committed 21312K, reserved 1048576K

Heap Regions: E=young(eden), S=young(survivor), O=old, HS=humongous(starts), HC=humongous(continues), CS=collection set, F=free, TAMS=top-at-mark-start, PB=parsable bottom
|   0|0x0000000740000000, 0x0000000740200000, 0x0000000740200000|100%| O|  |TAMS 0x0000000740000000| PB 0x0000000740000000| Untracked 
|   1|0x0000000740200000, 0x0000000740400000, 0x0000000740400000|100%|HS|  |TAMS 0x0000000740200000| PB 0x0000000740200000| Complete 
|   2|0x0000000740400000, 0x0000000740600000, 0x0000000740600000|100%|HC|  |TAMS 0x0000000740400000| PB 0x0000000740400000| Complete 
|   3|0x0000000740600000, 0x0000000740800000, 0x0000000740800000|100%| O|  |TAMS 0x0000000740600000| PB 0x0000000740600000| Untracked 
|   4|0x0000000740800000, 0x0000000740a00000, 0x0000000740a00000|100%| O|  |TAMS 0x0000000740800000| PB 0x0000000740800000| Untracked 
|   5|0x0000000740a00000, 0x0000000740c00000, 0x0000000740c00000|100%| O|  |TAMS 0x0000000740a00000| PB 0x0000000740a00000| Untracked 
|   6|0x0000000740c00000, 0x0000000740e00000, 0x0000000740e00000|100%| O|  |TAMS 0x0000000740c00000| PB 0x0000000740c00000| Untracked 
|   7|0x0000000740e00000, 0x0000000741000000, 0x0000000741000000|100%| O|  |TAMS 0x0000000740e00000| PB 0x0000000740e00000| Untracked 
|   8|0x0000000741000000, 0x0000000741200000, 0x0000000741200000|100%| O|  |TAMS 0x0000000741000000| PB 0x0000000741000000| Untracked 
|   9|0x0000000741200000, 0x0000000741400000, 0x0000000741400000|100%| O|  |TAMS 0x0000000741200000| PB 0x0000000741200000| Untracked 
|  10|0x0000000741400000, 0x0000000741600000, 0x0000000741600000|100%| O|  |TAMS 0x0000000741400000| PB 0x0000000741400000| Untracked 
|  11|0x0000000741600000, 0x0000000741800000, 0x0000000741800000|100%|HS|  |TAMS 0x0000000741600000| PB 0x0000000741600000| Complete 
|  12|0x0000000741800000, 0x0000000741a00000, 0x0000000741a00000|100%| O|  |TAMS 0x0000000741800000| PB 0x0000000741800000| Untracked 
|  13|0x0000000741a00000, 0x0000000741c00000, 0x0000000741c00000|100%| O|  |TAMS 0x0000000741a00000| PB 0x0000000741a00000| Untracked 
|  14|0x0000000741c00000, 0x0000000741e00000, 0x0000000741e00000|100%| O|  |TAMS 0x0000000741c00000| PB 0x0000000741c00000| Untracked 
|  15|0x0000000741e00000, 0x0000000742000000, 0x0000000742000000|100%| O|  |TAMS 0x0000000741e00000| PB 0x0000000741e00000| Untracked 
|  16|0x0000000742000000, 0x0000000742200000, 0x0000000742200000|100%| O|  |TAMS 0x0000000742000000| PB 0x0000000742000000| Untracked 
|  17|0x0000000742200000, 0x0000000742400000, 0x0000000742400000|100%| O|  |TAMS 0x0000000742200000| PB 0x0000000742200000| Untracked 
|  18|0x0000000742400000, 0x0000000742600000, 0x0000000742600000|100%| O|  |TAMS 0x0000000742400000| PB 0x0000000742400000| Untracked 
|  19|0x0000000742600000, 0x0000000742800000, 0x0000000742800000|100%| O|  |TAMS 0x0000000742600000| PB 0x0000000742600000| Untracked 
|  20|0x0000000742800000, 0x0000000742a00000, 0x0000000742a00000|100%| O|  |TAMS 0x0000000742800000| PB 0x0000000742800000| Untracked 
|  21|0x0000000742a00000, 0x0000000742c00000, 0x0000000742c00000|100%| O|  |TAMS 0x0000000742a00000| PB 0x0000000742a00000| Untracked 
|  22|0x0000000742c00000, 0x0000000742e00000, 0x0000000742e00000|100%|HS|  |TAMS 0x0000000742c00000| PB 0x0000000742c00000| Complete 
|  23|0x0000000742e00000, 0x0000000743000000, 0x0000000743000000|100%| O|  |TAMS 0x0000000742e00000| PB 0x0000000742e00000| Untracked 
|  24|0x0000000743000000, 0x0000000743200000, 0x0000000743200000|100%| O|  |TAMS 0x0000000743000000| PB 0x0000000743000000| Untracked 
|  25|0x0000000743200000, 0x0000000743400000, 0x0000000743400000|100%| O|  |TAMS 0x0000000743200000| PB 0x0000000743200000| Untracked 
|  26|0x0000000743400000, 0x0000000743600000, 0x0000000743600000|100%| O|  |TAMS 0x0000000743400000| PB 0x0000000743400000| Untracked 
|  27|0x0000000743600000, 0x0000000743800000, 0x0000000743800000|100%| O|  |TAMS 0x0000000743600000| PB 0x0000000743600000| Untracked 
|  28|0x0000000743800000, 0x0000000743a00000, 0x0000000743a00000|100%| O|  |TAMS 0x0000000743800000| PB 0x0000000743800000| Untracked 
|  29|0x0000000743a00000, 0x0000000743c00000, 0x0000000743c00000|100%| O|  |TAMS 0x0000000743a00000| PB 0x0000000743a00000| Untracked 
|  30|0x0000000743c00000, 0x0000000743e00000, 0x0000000743e00000|100%| O|  |TAMS 0x0000000743c00000| PB 0x0000000743c00000| Untracked 
|  31|0x0000000743e00000, 0x0000000744000000, 0x0000000744000000|100%| O|  |TAMS 0x0000000743e00000| PB 0x0000000743e00000| Untracked 
|  32|0x0000000744000000, 0x0000000744200000, 0x0000000744200000|100%| O|  |TAMS 0x0000000744000000| PB 0x0000000744000000| Untracked 
|  33|0x0000000744200000, 0x0000000744400000, 0x0000000744400000|100%| O|  |TAMS 0x0000000744200000| PB 0x0000000744200000| Untracked 
|  34|0x0000000744400000, 0x0000000744600000, 0x0000000744600000|100%| O|  |TAMS 0x0000000744400000| PB 0x0000000744400000| Untracked 
|  35|0x0000000744600000, 0x0000000744800000, 0x0000000744800000|100%| O|  |TAMS 0x0000000744600000| PB 0x0000000744600000| Untracked 
|  36|0x0000000744800000, 0x0000000744a00000, 0x0000000744a00000|100%| O|  |TAMS 0x0000000744800000| PB 0x0000000744800000| Untracked 
|  37|0x0000000744a00000, 0x0000000744c00000, 0x0000000744c00000|100%| O|  |TAMS 0x0000000744a00000| PB 0x0000000744a00000| Untracked 
|  38|0x0000000744c00000, 0x0000000744e00000, 0x0000000744e00000|100%| O|  |TAMS 0x0000000744c00000| PB 0x0000000744c00000| Untracked 
|  39|0x0000000744e00000, 0x0000000745000000, 0x0000000745000000|100%| O|  |TAMS 0x0000000744e00000| PB 0x0000000744e00000| Untracked 
|  40|0x0000000745000000, 0x0000000745200000, 0x0000000745200000|100%| O|  |TAMS 0x0000000745000000| PB 0x0000000745000000| Untracked 
|  41|0x0000000745200000, 0x0000000745400000, 0x0000000745400000|100%| O|  |TAMS 0x0000000745200000| PB 0x0000000745200000| Untracked 
|  42|0x0000000745400000, 0x0000000745600000, 0x0000000745600000|100%| O|  |TAMS 0x0000000745400000| PB 0x0000000745400000| Untracked 
|  43|0x0000000745600000, 0x0000000745800000, 0x0000000745800000|100%| O|  |TAMS 0x0000000745600000| PB 0x0000000745600000| Untracked 
|  44|0x0000000745800000, 0x0000000745a00000, 0x0000000745a00000|100%| O|  |TAMS 0x0000000745800000| PB 0x0000000745800000| Untracked 
|  45|0x0000000745a00000, 0x0000000745c00000, 0x0000000745c00000|100%| O|  |TAMS 0x0000000745a00000| PB 0x0000000745a00000| Untracked 
|  46|0x0000000745c00000, 0x0000000745e00000, 0x0000000745e00000|100%| O|  |TAMS 0x0000000745c00000| PB 0x0000000745c00000| Untracked 
|  47|0x0000000745e00000, 0x0000000746000000, 0x0000000746000000|100%| O|  |TAMS 0x0000000745e00000| PB 0x0000000745e00000| Untracked 
|  48|0x0000000746000000, 0x0000000746200000, 0x0000000746200000|100%| O|  |TAMS 0x0000000746000000| PB 0x0000000746000000| Untracked 
|  49|0x0000000746200000, 0x0000000746400000, 0x0000000746400000|100%| O|  |TAMS 0x0000000746200000| PB 0x0000000746200000| Untracked 
|  50|0x0000000746400000, 0x0000000746600000, 0x0000000746600000|100%| O|  |TAMS 0x0000000746400000| PB 0x0000000746400000| Untracked 
|  51|0x0000000746600000, 0x0000000746800000, 0x0000000746800000|100%| O|  |TAMS 0x0000000746600000| PB 0x0000000746600000| Untracked 
|  52|0x0000000746800000, 0x0000000746a00000, 0x0000000746a00000|100%| O|  |TAMS 0x0000000746800000| PB 0x0000000746800000| Untracked 
|  53|0x0000000746a00000, 0x0000000746c00000, 0x0000000746c00000|100%| O|  |TAMS 0x0000000746a00000| PB 0x0000000746a00000| Untracked 
|  54|0x0000000746c00000, 0x0000000746e00000, 0x0000000746e00000|100%| O|  |TAMS 0x0000000746c00000| PB 0x0000000746c00000| Untracked 
|  55|0x0000000746e00000, 0x0000000747000000, 0x0000000747000000|100%| O|  |TAMS 0x0000000746e00000| PB 0x0000000746e00000| Untracked 
|  56|0x0000000747000000, 0x0000000747200000, 0x0000000747200000|100%| O|  |TAMS 0x0000000747000000| PB 0x0000000747000000| Untracked 
|  57|0x0000000747200000, 0x0000000747400000, 0x0000000747400000|100%| O|  |TAMS 0x0000000747200000| PB 0x0000000747200000| Untracked 
|  58|0x0000000747400000, 0x0000000747600000, 0x0000000747600000|100%| O|  |TAMS 0x0000000747400000| PB 0x0000000747400000| Untracked 
|  59|0x0000000747600000, 0x0000000747800000, 0x0000000747800000|100%| O|Cm|TAMS 0x0000000747600000| PB 0x0000000747600000| Complete 
|  60|0x0000000747800000, 0x0000000747a00000, 0x0000000747a00000|100%| O|  |TAMS 0x0000000747800000| PB 0x0000000747800000| Untracked 
|  61|0x0000000747a00000, 0x0000000747c00000, 0x0000000747c00000|100%| O|  |TAMS 0x0000000747a00000| PB 0x0000000747a00000| Untracked 
|  62|0x0000000747c00000, 0x0000000747e00000, 0x0000000747e00000|100%|HS|  |TAMS 0x0000000747c00000| PB 0x0000000747c00000| Complete 
|  63|0x0000000747e00000, 0x0000000748000000, 0x0000000748000000|100%| O|Cm|TAMS 0x0000000747e00000| PB 0x0000000747e00000| Complete 
|  64|0x0000000748000000, 0x0000000748200000, 0x0000000748200000|100%| O|  |TAMS 0x0000000748000000| PB 0x0000000748000000| Untracked 
|  65|0x0000000748200000, 0x0000000748400000, 0x0000000748400000|100%| O|  |TAMS 0x0000000748200000| PB 0x0000000748200000| Untracked 
|  66|0x0000000748400000, 0x0000000748600000, 0x0000000748600000|100%| O|  |TAMS 0x0000000748400000| PB 0x0000000748400000| Untracked 
|  67|0x0000000748600000, 0x0000000748800000, 0x0000000748800000|100%| O|  |TAMS 0x0000000748600000| PB 0x0000000748600000| Untracked 
|  68|0x0000000748800000, 0x0000000748a00000, 0x0000000748a00000|100%|HS|  |TAMS 0x0000000748800000| PB 0x0000000748800000| Complete 
|  69|0x0000000748a00000, 0x0000000748c00000, 0x0000000748c00000|100%| O|  |TAMS 0x0000000748a00000| PB 0x0000000748a00000| Untracked 
|  70|0x0000000748c00000, 0x0000000748e00000, 0x0000000748e00000|100%| O|  |TAMS 0x0000000748c00000| PB 0x0000000748c00000| Untracked 
|  71|0x0000000748e00000, 0x0000000749000000, 0x0000000749000000|100%| O|  |TAMS 0x0000000748e00000| PB 0x0000000748e00000| Untracked 
|  72|0x0000000749000000, 0x0000000749200000, 0x0000000749200000|100%| O|  |TAMS 0x0000000749000000| PB 0x0000000749000000| Untracked 
|  73|0x0000000749200000, 0x0000000749400000, 0x0000000749400000|100%| O|  |TAMS 0x0000000749200000| PB 0x0000000749200000| Untracked 
|  74|0x0000000749400000, 0x0000000749600000, 0x0000000749600000|100%| O|  |TAMS 0x0000000749400000| PB 0x0000000749400000| Untracked 
|  75|0x0000000749600000, 0x0000000749800000, 0x0000000749800000|100%| O|  |TAMS 0x0000000749600000| PB 0x0000000749600000| Untracked 
|  76|0x0000000749800000, 0x0000000749a00000, 0x0000000749a00000|100%| O|  |TAMS 0x0000000749800000| PB 0x0000000749800000| Untracked 
|  77|0x0000000749a00000, 0x0000000749c00000, 0x0000000749c00000|100%| O|  |TAMS 0x0000000749a00000| PB 0x0000000749a00000| Untracked 
|  78|0x0000000749c00000, 0x0000000749e00000, 0x0000000749e00000|100%|HS|  |TAMS 0x0000000749c00000| PB 0x0000000749c00000| Complete 
|  79|0x0000000749e00000, 0x000000074a000000, 0x000000074a000000|100%|HS|  |TAMS 0x0000000749e00000| PB 0x0000000749e00000| Complete 
|  80|0x000000074a000000, 0x000000074a200000, 0x000000074a200000|100%| O|  |TAMS 0x000000074a000000| PB 0x000000074a000000| Untracked 
|  81|0x000000074a200000, 0x000000074a400000, 0x000000074a400000|100%| O|  |TAMS 0x000000074a200000| PB 0x000000074a200000| Untracked 
|  82|0x000000074a400000, 0x000000074a600000, 0x000000074a600000|100%| O|  |TAMS 0x000000074a400000| PB 0x000000074a400000| Untracked 
|  83|0x000000074a600000, 0x000000074a800000, 0x000000074a800000|100%| O|  |TAMS 0x000000074a600000| PB 0x000000074a600000| Untracked 
|  84|0x000000074a800000, 0x000000074aa00000, 0x000000074aa00000|100%| O|Cm|TAMS 0x000000074a800000| PB 0x000000074a800000| Complete 
|  85|0x000000074aa00000, 0x000000074ac00000, 0x000000074ac00000|100%| O|  |TAMS 0x000000074aa00000| PB 0x000000074aa00000| Untracked 
|  86|0x000000074ac00000, 0x000000074ac00000, 0x000000074ae00000|  0%| F|  |TAMS 0x000000074ac00000| PB 0x000000074ac00000| Untracked 
|  87|0x000000074ae00000, 0x000000074b000000, 0x000000074b000000|100%|HS|  |TAMS 0x000000074ae00000| PB 0x000000074ae00000| Complete 
|  88|0x000000074b000000, 0x000000074b200000, 0x000000074b200000|100%|HC|  |TAMS 0x000000074b000000| PB 0x000000074b000000| Complete 
|  89|0x000000074b200000, 0x000000074b400000, 0x000000074b400000|100%|HC|  |TAMS 0x000000074b200000| PB 0x000000074b200000| Complete 
|  90|0x000000074b400000, 0x000000074b600000, 0x000000074b600000|100%|HC|  |TAMS 0x000000074b400000| PB 0x000000074b400000| Complete 
|  91|0x000000074b600000, 0x000000074b800000, 0x000000074b800000|100%|HS|  |TAMS 0x000000074b600000| PB 0x000000074b600000| Complete 
|  92|0x000000074b800000, 0x000000074ba00000, 0x000000074ba00000|100%|HC|  |TAMS 0x000000074b800000| PB 0x000000074b800000| Complete 
|  93|0x000000074ba00000, 0x000000074bc00000, 0x000000074bc00000|100%|HC|  |TAMS 0x000000074ba00000| PB 0x000000074ba00000| Complete 
|  94|0x000000074bc00000, 0x000000074be00000, 0x000000074be00000|100%|HS|  |TAMS 0x000000074bc00000| PB 0x000000074bc00000| Complete 
|  95|0x000000074be00000, 0x000000074c000000, 0x000000074c000000|100%|HC|  |TAMS 0x000000074be00000| PB 0x000000074be00000| Complete 
|  96|0x000000074c000000, 0x000000074c200000, 0x000000074c200000|100%|HS|  |TAMS 0x000000074c000000| PB 0x000000074c000000| Complete 
|  97|0x000000074c200000, 0x000000074c400000, 0x000000074c400000|100%|HC|  |TAMS 0x000000074c200000| PB 0x000000074c200000| Complete 
|  98|0x000000074c400000, 0x000000074c600000, 0x000000074c600000|100%|HC|  |TAMS 0x000000074c400000| PB 0x000000074c400000| Complete 
|  99|0x000000074c600000, 0x000000074c800000, 0x000000074c800000|100%|HC|  |TAMS 0x000000074c600000| PB 0x000000074c600000| Complete 
| 100|0x000000074c800000, 0x000000074ca00000, 0x000000074ca00000|100%|HC|  |TAMS 0x000000074c800000| PB 0x000000074c800000| Complete 
| 101|0x000000074ca00000, 0x000000074cc00000, 0x000000074cc00000|100%|HC|  |TAMS 0x000000074ca00000| PB 0x000000074ca00000| Complete 
| 102|0x000000074cc00000, 0x000000074ce00000, 0x000000074ce00000|100%|HC|  |TAMS 0x000000074cc00000| PB 0x000000074cc00000| Complete 
| 103|0x000000074ce00000, 0x000000074d000000, 0x000000074d000000|100%|HC|  |TAMS 0x000000074ce00000| PB 0x000000074ce00000| Complete 
| 104|0x000000074d000000, 0x000000074d200000, 0x000000074d200000|100%|HC|  |TAMS 0x000000074d000000| PB 0x000000074d000000| Complete 
| 105|0x000000074d200000, 0x000000074d400000, 0x000000074d400000|100%|HC|  |TAMS 0x000000074d200000| PB 0x000000074d200000| Complete 
| 106|0x000000074d400000, 0x000000074d600000, 0x000000074d600000|100%|HC|  |TAMS 0x000000074d400000| PB 0x000000074d400000| Complete 
| 107|0x000000074d600000, 0x000000074d800000, 0x000000074d800000|100%|HC|  |TAMS 0x000000074d600000| PB 0x000000074d600000| Complete 
| 108|0x000000074d800000, 0x000000074da00000, 0x000000074da00000|100%|HC|  |TAMS 0x000000074d800000| PB 0x000000074d800000| Complete 
| 109|0x000000074da00000, 0x000000074dc00000, 0x000000074dc00000|100%|HC|  |TAMS 0x000000074da00000| PB 0x000000074da00000| Complete 
| 110|0x000000074dc00000, 0x000000074de00000, 0x000000074de00000|100%|HC|  |TAMS 0x000000074dc00000| PB 0x000000074dc00000| Complete 
| 111|0x000000074de00000, 0x000000074e000000, 0x000000074e000000|100%|HS|  |TAMS 0x000000074de00000| PB 0x000000074de00000| Complete 
| 112|0x000000074e000000, 0x000000074e200000, 0x000000074e200000|100%|HC|  |TAMS 0x000000074e000000| PB 0x000000074e000000| Complete 
| 113|0x000000074e200000, 0x000000074e400000, 0x000000074e400000|100%|HS|  |TAMS 0x000000074e200000| PB 0x000000074e200000| Complete 
| 114|0x000000074e400000, 0x000000074e600000, 0x000000074e600000|100%| O|  |TAMS 0x000000074e400000| PB 0x000000074e400000| Untracked 
| 115|0x000000074e600000, 0x000000074e800000, 0x000000074e800000|100%| O|  |TAMS 0x000000074e600000| PB 0x000000074e600000| Untracked 
| 116|0x000000074e800000, 0x000000074ea00000, 0x000000074ea00000|100%| O|  |TAMS 0x000000074e800000| PB 0x000000074e800000| Untracked 
| 117|0x000000074ea00000, 0x000000074ec00000, 0x000000074ec00000|100%| O|  |TAMS 0x000000074ea00000| PB 0x000000074ea00000| Untracked 
| 118|0x000000074ec00000, 0x000000074ee00000, 0x000000074ee00000|100%|HS|  |TAMS 0x000000074ec00000| PB 0x000000074ec00000| Complete 
| 119|0x000000074ee00000, 0x000000074f000000, 0x000000074f000000|100%|HS|  |TAMS 0x000000074ee00000| PB 0x000000074ee00000| Complete 
| 120|0x000000074f000000, 0x000000074f200000, 0x000000074f200000|100%|HC|  |TAMS 0x000000074f000000| PB 0x000000074f000000| Complete 
| 121|0x000000074f200000, 0x000000074f400000, 0x000000074f400000|100%|HC|  |TAMS 0x000000074f200000| PB 0x000000074f200000| Complete 
| 122|0x000000074f400000, 0x000000074f600000, 0x000000074f600000|100%| O|  |TAMS 0x000000074f400000| PB 0x000000074f400000| Untracked 
| 123|0x000000074f600000, 0x000000074f800000, 0x000000074f800000|100%|HS|  |TAMS 0x000000074f600000| PB 0x000000074f600000| Complete 
| 124|0x000000074f800000, 0x000000074fa00000, 0x000000074fa00000|100%|HC|  |TAMS 0x000000074f800000| PB 0x000000074f800000| Complete 
| 125|0x000000074fa00000, 0x000000074fc00000, 0x000000074fc00000|100%|HS|  |TAMS 0x000000074fa00000| PB 0x000000074fa00000| Complete 
| 126|0x000000074fc00000, 0x000000074fe00000, 0x000000074fe00000|100%|HC|  |TAMS 0x000000074fc00000| PB 0x000000074fc00000| Complete 
| 127|0x000000074fe00000, 0x0000000750000000, 0x0000000750000000|100%|HC|  |TAMS 0x000000074fe00000| PB 0x000000074fe00000| Complete 
| 128|0x0000000750000000, 0x0000000750200000, 0x0000000750200000|100%|HC|  |TAMS 0x0000000750000000| PB 0x0000000750000000| Complete 
| 129|0x0000000750200000, 0x0000000750400000, 0x0000000750400000|100%|HS|  |TAMS 0x0000000750200000| PB 0x0000000750200000| Complete 
| 130|0x0000000750400000, 0x0000000750600000, 0x0000000750600000|100%|HS|  |TAMS 0x0000000750400000| PB 0x0000000750400000| Complete 
| 131|0x0000000750600000, 0x0000000750800000, 0x0000000750800000|100%|HC|  |TAMS 0x0000000750600000| PB 0x0000000750600000| Complete 
| 132|0x0000000750800000, 0x0000000750a00000, 0x0000000750a00000|100%| O|  |TAMS 0x0000000750800000| PB 0x0000000750800000| Untracked 
| 133|0x0000000750a00000, 0x0000000750c00000, 0x0000000750c00000|100%| O|  |TAMS 0x0000000750a00000| PB 0x0000000750a00000| Untracked 
| 134|0x0000000750c00000, 0x0000000750e00000, 0x0000000750e00000|100%|HS|  |TAMS 0x0000000750c00000| PB 0x0000000750c00000| Complete 
| 135|0x0000000750e00000, 0x0000000751000000, 0x0000000751000000|100%|HC|  |TAMS 0x0000000750e00000| PB 0x0000000750e00000| Complete 
| 136|0x0000000751000000, 0x0000000751200000, 0x0000000751200000|100%|HC|  |TAMS 0x0000000751000000| PB 0x0000000751000000| Complete 
| 137|0x0000000751200000, 0x0000000751400000, 0x0000000751400000|100%|HC|  |TAMS 0x0000000751200000| PB 0x0000000751200000| Complete 
| 138|0x0000000751400000, 0x0000000751600000, 0x0000000751600000|100%|HS|  |TAMS 0x0000000751400000| PB 0x0000000751400000| Complete 
| 139|0x0000000751600000, 0x0000000751800000, 0x0000000751800000|100%|HC|  |TAMS 0x0000000751600000| PB 0x0000000751600000| Complete 
| 140|0x0000000751800000, 0x0000000751a00000, 0x0000000751a00000|100%| O|  |TAMS 0x0000000751800000| PB 0x0000000751800000| Untracked 
| 141|0x0000000751a00000, 0x0000000751c00000, 0x0000000751c00000|100%| O|  |TAMS 0x0000000751a00000| PB 0x0000000751a00000| Untracked 
| 142|0x0000000751c00000, 0x0000000751e00000, 0x0000000751e00000|100%| O|  |TAMS 0x0000000751c00000| PB 0x0000000751c00000| Untracked 
| 143|0x0000000751e00000, 0x0000000752000000, 0x0000000752000000|100%| O|  |TAMS 0x0000000751e00000| PB 0x0000000751e00000| Untracked 
| 144|0x0000000752000000, 0x0000000752200000, 0x0000000752200000|100%| O|  |TAMS 0x0000000752000000| PB 0x0000000752000000| Untracked 
| 145|0x0000000752200000, 0x0000000752400000, 0x0000000752400000|100%| O|  |TAMS 0x0000000752200000| PB 0x0000000752200000| Untracked 
| 146|0x0000000752400000, 0x0000000752600000, 0x0000000752600000|100%| O|  |TAMS 0x0000000752400000| PB 0x0000000752400000| Untracked 
| 147|0x0000000752600000, 0x0000000752800000, 0x0000000752800000|100%| O|  |TAMS 0x0000000752600000| PB 0x0000000752600000| Untracked 
| 148|0x0000000752800000, 0x0000000752a00000, 0x0000000752a00000|100%| O|  |TAMS 0x0000000752800000| PB 0x0000000752800000| Untracked 
| 149|0x0000000752a00000, 0x0000000752c00000, 0x0000000752c00000|100%| O|  |TAMS 0x0000000752a00000| PB 0x0000000752a00000| Untracked 
| 150|0x0000000752c00000, 0x0000000752e00000, 0x0000000752e00000|100%| O|  |TAMS 0x0000000752c00000| PB 0x0000000752c00000| Untracked 
| 151|0x0000000752e00000, 0x0000000753000000, 0x0000000753000000|100%| O|  |TAMS 0x0000000752e00000| PB 0x0000000752e00000| Untracked 
| 152|0x0000000753000000, 0x0000000753200000, 0x0000000753200000|100%| O|  |TAMS 0x0000000753000000| PB 0x0000000753000000| Untracked 
| 153|0x0000000753200000, 0x0000000753400000, 0x0000000753400000|100%| O|  |TAMS 0x0000000753200000| PB 0x0000000753200000| Untracked 
| 154|0x0000000753400000, 0x0000000753600000, 0x0000000753600000|100%| O|  |TAMS 0x0000000753400000| PB 0x0000000753400000| Untracked 
| 155|0x0000000753600000, 0x0000000753800000, 0x0000000753800000|100%| O|  |TAMS 0x0000000753600000| PB 0x0000000753600000| Untracked 
| 156|0x0000000753800000, 0x0000000753a00000, 0x0000000753a00000|100%| O|  |TAMS 0x0000000753800000| PB 0x0000000753800000| Untracked 
| 157|0x0000000753a00000, 0x0000000753c00000, 0x0000000753c00000|100%| O|  |TAMS 0x0000000753a00000| PB 0x0000000753a00000| Untracked 
| 158|0x0000000753c00000, 0x0000000753e00000, 0x0000000753e00000|100%| O|  |TAMS 0x0000000753c00000| PB 0x0000000753c00000| Untracked 
| 159|0x0000000753e00000, 0x0000000754000000, 0x0000000754000000|100%| O|  |TAMS 0x0000000753e00000| PB 0x0000000753e00000| Untracked 
| 160|0x0000000754000000, 0x0000000754200000, 0x0000000754200000|100%| O|  |TAMS 0x0000000754000000| PB 0x0000000754000000| Untracked 
| 161|0x0000000754200000, 0x0000000754400000, 0x0000000754400000|100%|HS|  |TAMS 0x0000000754200000| PB 0x0000000754200000| Complete 
| 162|0x0000000754400000, 0x0000000754600000, 0x0000000754600000|100%|HS|  |TAMS 0x0000000754400000| PB 0x0000000754400000| Complete 
| 163|0x0000000754600000, 0x0000000754800000, 0x0000000754800000|100%|HC|  |TAMS 0x0000000754600000| PB 0x0000000754600000| Complete 
| 164|0x0000000754800000, 0x0000000754a00000, 0x0000000754a00000|100%| O|  |TAMS 0x0000000754800000| PB 0x0000000754800000| Untracked 
| 165|0x0000000754a00000, 0x0000000754c00000, 0x0000000754c00000|100%| O|  |TAMS 0x0000000754a00000| PB 0x0000000754a00000| Untracked 
| 166|0x0000000754c00000, 0x0000000754e00000, 0x0000000754e00000|100%| O|  |TAMS 0x0000000754c00000| PB 0x0000000754c00000| Untracked 
| 167|0x0000000754e00000, 0x0000000755000000, 0x0000000755000000|100%| O|  |TAMS 0x0000000754e00000| PB 0x0000000754e00000| Untracked 
| 168|0x0000000755000000, 0x0000000755200000, 0x0000000755200000|100%| O|  |TAMS 0x0000000755000000| PB 0x0000000755000000| Untracked 
| 169|0x0000000755200000, 0x0000000755400000, 0x0000000755400000|100%| O|  |TAMS 0x0000000755200000| PB 0x0000000755200000| Untracked 
| 170|0x0000000755400000, 0x0000000755600000, 0x0000000755600000|100%| O|  |TAMS 0x0000000755400000| PB 0x0000000755400000| Untracked 
| 171|0x0000000755600000, 0x0000000755800000, 0x0000000755800000|100%| O|  |TAMS 0x0000000755600000| PB 0x0000000755600000| Untracked 
| 172|0x0000000755800000, 0x0000000755a00000, 0x0000000755a00000|100%| O|  |TAMS 0x0000000755800000| PB 0x0000000755800000| Untracked 
| 173|0x0000000755a00000, 0x0000000755c00000, 0x0000000755c00000|100%| O|  |TAMS 0x0000000755a00000| PB 0x0000000755a00000| Untracked 
| 174|0x0000000755c00000, 0x0000000755e00000, 0x0000000755e00000|100%|HS|  |TAMS 0x0000000755c00000| PB 0x0000000755c00000| Complete 
| 175|0x0000000755e00000, 0x0000000756000000, 0x0000000756000000|100%|HC|  |TAMS 0x0000000755e00000| PB 0x0000000755e00000| Complete 
| 176|0x0000000756000000, 0x0000000756200000, 0x0000000756200000|100%|HC|  |TAMS 0x0000000756000000| PB 0x0000000756000000| Complete 
| 177|0x0000000756200000, 0x0000000756400000, 0x0000000756400000|100%|HC|  |TAMS 0x0000000756200000| PB 0x0000000756200000| Complete 
| 178|0x0000000756400000, 0x0000000756600000, 0x0000000756600000|100%|HC|  |TAMS 0x0000000756400000| PB 0x0000000756400000| Complete 
| 179|0x0000000756600000, 0x0000000756800000, 0x0000000756800000|100%|HC|  |TAMS 0x0000000756600000| PB 0x0000000756600000| Complete 
| 180|0x0000000756800000, 0x0000000756a00000, 0x0000000756a00000|100%|HC|  |TAMS 0x0000000756800000| PB 0x0000000756800000| Complete 
| 181|0x0000000756a00000, 0x0000000756c00000, 0x0000000756c00000|100%|HC|  |TAMS 0x0000000756a00000| PB 0x0000000756a00000| Complete 
| 182|0x0000000756c00000, 0x0000000756e00000, 0x0000000756e00000|100%|HC|  |TAMS 0x0000000756c00000| PB 0x0000000756c00000| Complete 
| 183|0x0000000756e00000, 0x0000000757000000, 0x0000000757000000|100%|HC|  |TAMS 0x0000000756e00000| PB 0x0000000756e00000| Complete 
| 184|0x0000000757000000, 0x0000000757200000, 0x0000000757200000|100%|HC|  |TAMS 0x0000000757000000| PB 0x0000000757000000| Complete 
| 185|0x0000000757200000, 0x0000000757400000, 0x0000000757400000|100%|HC|  |TAMS 0x0000000757200000| PB 0x0000000757200000| Complete 
| 186|0x0000000757400000, 0x0000000757600000, 0x0000000757600000|100%|HC|  |TAMS 0x0000000757400000| PB 0x0000000757400000| Complete 
| 187|0x0000000757600000, 0x0000000757800000, 0x0000000757800000|100%|HC|  |TAMS 0x0000000757600000| PB 0x0000000757600000| Complete 
| 188|0x0000000757800000, 0x0000000757a00000, 0x0000000757a00000|100%|HC|  |TAMS 0x0000000757800000| PB 0x0000000757800000| Complete 
| 189|0x0000000757a00000, 0x0000000757c00000, 0x0000000757c00000|100%| O|  |TAMS 0x0000000757a00000| PB 0x0000000757a00000| Untracked 
| 190|0x0000000757c00000, 0x0000000757e00000, 0x0000000757e00000|100%| O|  |TAMS 0x0000000757c00000| PB 0x0000000757c00000| Untracked 
| 191|0x0000000757e00000, 0x0000000758000000, 0x0000000758000000|100%|HS|  |TAMS 0x0000000757e00000| PB 0x0000000757e00000| Complete 
| 192|0x0000000758000000, 0x0000000758200000, 0x0000000758200000|100%|HC|  |TAMS 0x0000000758000000| PB 0x0000000758000000| Complete 
| 193|0x0000000758200000, 0x0000000758400000, 0x0000000758400000|100%| O|  |TAMS 0x0000000758200000| PB 0x0000000758200000| Untracked 
| 194|0x0000000758400000, 0x0000000758600000, 0x0000000758600000|100%| O|  |TAMS 0x0000000758400000| PB 0x0000000758400000| Untracked 
| 195|0x0000000758600000, 0x0000000758800000, 0x0000000758800000|100%| O|  |TAMS 0x0000000758600000| PB 0x0000000758600000| Untracked 
| 196|0x0000000758800000, 0x0000000758a00000, 0x0000000758a00000|100%| O|  |TAMS 0x0000000758800000| PB 0x0000000758800000| Untracked 
| 197|0x0000000758a00000, 0x0000000758c00000, 0x0000000758c00000|100%| O|  |TAMS 0x0000000758a00000| PB 0x0000000758a00000| Untracked 
| 198|0x0000000758c00000, 0x0000000758e00000, 0x0000000758e00000|100%| O|  |TAMS 0x0000000758c00000| PB 0x0000000758c00000| Untracked 
| 199|0x0000000758e00000, 0x0000000759000000, 0x0000000759000000|100%| O|  |TAMS 0x0000000758e00000| PB 0x0000000758e00000| Untracked 
| 200|0x0000000759000000, 0x0000000759200000, 0x0000000759200000|100%| O|  |TAMS 0x0000000759000000| PB 0x0000000759000000| Untracked 
| 201|0x0000000759200000, 0x0000000759400000, 0x0000000759400000|100%| O|  |TAMS 0x0000000759200000| PB 0x0000000759200000| Untracked 
| 202|0x0000000759400000, 0x0000000759600000, 0x0000000759600000|100%| O|  |TAMS 0x0000000759400000| PB 0x0000000759400000| Untracked 
| 203|0x0000000759600000, 0x0000000759800000, 0x0000000759800000|100%| O|  |TAMS 0x0000000759600000| PB 0x0000000759600000| Untracked 
| 204|0x0000000759800000, 0x0000000759a00000, 0x0000000759a00000|100%| O|  |TAMS 0x0000000759800000| PB 0x0000000759800000| Untracked 
| 205|0x0000000759a00000, 0x0000000759c00000, 0x0000000759c00000|100%| O|  |TAMS 0x0000000759a00000| PB 0x0000000759a00000| Untracked 
| 206|0x0000000759c00000, 0x0000000759e00000, 0x0000000759e00000|100%| O|  |TAMS 0x0000000759c00000| PB 0x0000000759c00000| Untracked 
| 207|0x0000000759e00000, 0x000000075a000000, 0x000000075a000000|100%| O|  |TAMS 0x0000000759e00000| PB 0x0000000759e00000| Untracked 
| 208|0x000000075a000000, 0x000000075a200000, 0x000000075a200000|100%| O|  |TAMS 0x000000075a000000| PB 0x000000075a000000| Untracked 
| 209|0x000000075a200000, 0x000000075a400000, 0x000000075a400000|100%| O|  |TAMS 0x000000075a200000| PB 0x000000075a200000| Untracked 
| 210|0x000000075a400000, 0x000000075a400000, 0x000000075a600000|  0%| F|  |TAMS 0x000000075a400000| PB 0x000000075a400000| Untracked 
| 211|0x000000075a600000, 0x000000075a600000, 0x000000075a800000|  0%| F|  |TAMS 0x000000075a600000| PB 0x000000075a600000| Untracked 
| 212|0x000000075a800000, 0x000000075a800000, 0x000000075aa00000|  0%| F|  |TAMS 0x000000075a800000| PB 0x000000075a800000| Untracked 
| 213|0x000000075aa00000, 0x000000075aa00000, 0x000000075ac00000|  0%| F|  |TAMS 0x000000075aa00000| PB 0x000000075aa00000| Untracked 
| 214|0x000000075ac00000, 0x000000075ac00000, 0x000000075ae00000|  0%| F|  |TAMS 0x000000075ac00000| PB 0x000000075ac00000| Untracked 
| 215|0x000000075ae00000, 0x000000075ae00000, 0x000000075b000000|  0%| F|  |TAMS 0x000000075ae00000| PB 0x000000075ae00000| Untracked 
| 216|0x000000075b000000, 0x000000075b000000, 0x000000075b200000|  0%| F|  |TAMS 0x000000075b000000| PB 0x000000075b000000| Untracked 
| 217|0x000000075b200000, 0x000000075b200000, 0x000000075b400000|  0%| F|  |TAMS 0x000000075b200000| PB 0x000000075b200000| Untracked 
| 218|0x000000075b400000, 0x000000075b400000, 0x000000075b600000|  0%| F|  |TAMS 0x000000075b400000| PB 0x000000075b400000| Untracked 
| 219|0x000000075b600000, 0x000000075b600000, 0x000000075b800000|  0%| F|  |TAMS 0x000000075b600000| PB 0x000000075b600000| Untracked 
| 220|0x000000075b800000, 0x000000075b800000, 0x000000075ba00000|  0%| F|  |TAMS 0x000000075b800000| PB 0x000000075b800000| Untracked 
| 221|0x000000075ba00000, 0x000000075ba00000, 0x000000075bc00000|  0%| F|  |TAMS 0x000000075ba00000| PB 0x000000075ba00000| Untracked 
| 222|0x000000075bc00000, 0x000000075bc00000, 0x000000075be00000|  0%| F|  |TAMS 0x000000075bc00000| PB 0x000000075bc00000| Untracked 
| 223|0x000000075be00000, 0x000000075be00000, 0x000000075c000000|  0%| F|  |TAMS 0x000000075be00000| PB 0x000000075be00000| Untracked 
| 224|0x000000075c000000, 0x000000075c000000, 0x000000075c200000|  0%| F|  |TAMS 0x000000075c000000| PB 0x000000075c000000| Untracked 
| 225|0x000000075c200000, 0x000000075c200000, 0x000000075c400000|  0%| F|  |TAMS 0x000000075c200000| PB 0x000000075c200000| Untracked 
| 226|0x000000075c400000, 0x000000075c400000, 0x000000075c600000|  0%| F|  |TAMS 0x000000075c400000| PB 0x000000075c400000| Untracked 
| 227|0x000000075c600000, 0x000000075c600000, 0x000000075c800000|  0%| F|  |TAMS 0x000000075c600000| PB 0x000000075c600000| Untracked 
| 228|0x000000075c800000, 0x000000075c800000, 0x000000075ca00000|  0%| F|  |TAMS 0x000000075c800000| PB 0x000000075c800000| Untracked 
| 229|0x000000075ca00000, 0x000000075ca00000, 0x000000075cc00000|  0%| F|  |TAMS 0x000000075ca00000| PB 0x000000075ca00000| Untracked 
| 230|0x000000075cc00000, 0x000000075cc00000, 0x000000075ce00000|  0%| F|  |TAMS 0x000000075cc00000| PB 0x000000075cc00000| Untracked 
| 231|0x000000075ce00000, 0x000000075ce00000, 0x000000075d000000|  0%| F|  |TAMS 0x000000075ce00000| PB 0x000000075ce00000| Untracked 
| 232|0x000000075d000000, 0x000000075d000000, 0x000000075d200000|  0%| F|  |TAMS 0x000000075d000000| PB 0x000000075d000000| Untracked 
| 233|0x000000075d200000, 0x000000075d200000, 0x000000075d400000|  0%| F|  |TAMS 0x000000075d200000| PB 0x000000075d200000| Untracked 
| 234|0x000000075d400000, 0x000000075d400000, 0x000000075d600000|  0%| F|  |TAMS 0x000000075d400000| PB 0x000000075d400000| Untracked 
| 235|0x000000075d600000, 0x000000075d600000, 0x000000075d800000|  0%| F|  |TAMS 0x000000075d600000| PB 0x000000075d600000| Untracked 
| 236|0x000000075d800000, 0x000000075d800000, 0x000000075da00000|  0%| F|  |TAMS 0x000000075d800000| PB 0x000000075d800000| Untracked 
| 237|0x000000075da00000, 0x000000075da00000, 0x000000075dc00000|  0%| F|  |TAMS 0x000000075da00000| PB 0x000000075da00000| Untracked 
| 238|0x000000075dc00000, 0x000000075dc00000, 0x000000075de00000|  0%| F|  |TAMS 0x000000075dc00000| PB 0x000000075dc00000| Untracked 
| 239|0x000000075de00000, 0x000000075de00000, 0x000000075e000000|  0%| F|  |TAMS 0x000000075de00000| PB 0x000000075de00000| Untracked 
| 240|0x000000075e000000, 0x000000075e000000, 0x000000075e200000|  0%| F|  |TAMS 0x000000075e000000| PB 0x000000075e000000| Untracked 
| 241|0x000000075e200000, 0x000000075e200000, 0x000000075e400000|  0%| F|  |TAMS 0x000000075e200000| PB 0x000000075e200000| Untracked 
| 242|0x000000075e400000, 0x000000075e400000, 0x000000075e600000|  0%| F|  |TAMS 0x000000075e400000| PB 0x000000075e400000| Untracked 
| 243|0x000000075e600000, 0x000000075e600000, 0x000000075e800000|  0%| F|  |TAMS 0x000000075e600000| PB 0x000000075e600000| Untracked 
| 244|0x000000075e800000, 0x000000075e800000, 0x000000075ea00000|  0%| F|  |TAMS 0x000000075e800000| PB 0x000000075e800000| Untracked 
| 245|0x000000075ea00000, 0x000000075ea00000, 0x000000075ec00000|  0%| F|  |TAMS 0x000000075ea00000| PB 0x000000075ea00000| Untracked 
| 246|0x000000075ec00000, 0x000000075ec00000, 0x000000075ee00000|  0%| F|  |TAMS 0x000000075ec00000| PB 0x000000075ec00000| Untracked 
| 247|0x000000075ee00000, 0x000000075ee00000, 0x000000075f000000|  0%| F|  |TAMS 0x000000075ee00000| PB 0x000000075ee00000| Untracked 
| 248|0x000000075f000000, 0x000000075f000000, 0x000000075f200000|  0%| F|  |TAMS 0x000000075f000000| PB 0x000000075f000000| Untracked 
| 249|0x000000075f200000, 0x000000075f200000, 0x000000075f400000|  0%| F|  |TAMS 0x000000075f200000| PB 0x000000075f200000| Untracked 
| 250|0x000000075f400000, 0x000000075f400000, 0x000000075f600000|  0%| F|  |TAMS 0x000000075f400000| PB 0x000000075f400000| Untracked 
| 251|0x000000075f600000, 0x000000075f600000, 0x000000075f800000|  0%| F|  |TAMS 0x000000075f600000| PB 0x000000075f600000| Untracked 
| 252|0x000000075f800000, 0x000000075f800000, 0x000000075fa00000|  0%| F|  |TAMS 0x000000075f800000| PB 0x000000075f800000| Untracked 
| 253|0x000000075fa00000, 0x000000075fa00000, 0x000000075fc00000|  0%| F|  |TAMS 0x000000075fa00000| PB 0x000000075fa00000| Untracked 
| 254|0x000000075fc00000, 0x000000075fc00000, 0x000000075fe00000|  0%| F|  |TAMS 0x000000075fc00000| PB 0x000000075fc00000| Untracked 
| 255|0x000000075fe00000, 0x000000075fe00000, 0x0000000760000000|  0%| F|  |TAMS 0x000000075fe00000| PB 0x000000075fe00000| Untracked 
| 256|0x0000000760000000, 0x0000000760000000, 0x0000000760200000|  0%| F|  |TAMS 0x0000000760000000| PB 0x0000000760000000| Untracked 
| 257|0x0000000760200000, 0x0000000760200000, 0x0000000760400000|  0%| F|  |TAMS 0x0000000760200000| PB 0x0000000760200000| Untracked 
| 258|0x0000000760400000, 0x0000000760400000, 0x0000000760600000|  0%| F|  |TAMS 0x0000000760400000| PB 0x0000000760400000| Untracked 
| 259|0x0000000760600000, 0x0000000760600000, 0x0000000760800000|  0%| F|  |TAMS 0x0000000760600000| PB 0x0000000760600000| Untracked 
| 260|0x0000000760800000, 0x0000000760800000, 0x0000000760a00000|  0%| F|  |TAMS 0x0000000760800000| PB 0x0000000760800000| Untracked 
| 261|0x0000000760a00000, 0x0000000760a00000, 0x0000000760c00000|  0%| F|  |TAMS 0x0000000760a00000| PB 0x0000000760a00000| Untracked 
| 262|0x0000000760c00000, 0x0000000760c00000, 0x0000000760e00000|  0%| F|  |TAMS 0x0000000760c00000| PB 0x0000000760c00000| Untracked 
| 263|0x0000000760e00000, 0x0000000760e00000, 0x0000000761000000|  0%| F|  |TAMS 0x0000000760e00000| PB 0x0000000760e00000| Untracked 
| 264|0x0000000761000000, 0x0000000761000000, 0x0000000761200000|  0%| F|  |TAMS 0x0000000761000000| PB 0x0000000761000000| Untracked 
| 265|0x0000000761200000, 0x0000000761200000, 0x0000000761400000|  0%| F|  |TAMS 0x0000000761200000| PB 0x0000000761200000| Untracked 
| 266|0x0000000761400000, 0x0000000761400000, 0x0000000761600000|  0%| F|  |TAMS 0x0000000761400000| PB 0x0000000761400000| Untracked 
| 267|0x0000000761600000, 0x0000000761600000, 0x0000000761800000|  0%| F|  |TAMS 0x0000000761600000| PB 0x0000000761600000| Untracked 
| 268|0x0000000761800000, 0x0000000761800000, 0x0000000761a00000|  0%| F|  |TAMS 0x0000000761800000| PB 0x0000000761800000| Untracked 
| 269|0x0000000761a00000, 0x0000000761a00000, 0x0000000761c00000|  0%| F|  |TAMS 0x0000000761a00000| PB 0x0000000761a00000| Untracked 
| 270|0x0000000761c00000, 0x0000000761c00000, 0x0000000761e00000|  0%| F|  |TAMS 0x0000000761c00000| PB 0x0000000761c00000| Untracked 
| 271|0x0000000761e00000, 0x0000000761e00000, 0x0000000762000000|  0%| F|  |TAMS 0x0000000761e00000| PB 0x0000000761e00000| Untracked 
| 272|0x0000000762000000, 0x0000000762000000, 0x0000000762200000|  0%| F|  |TAMS 0x0000000762000000| PB 0x0000000762000000| Untracked 
| 273|0x0000000762200000, 0x0000000762200000, 0x0000000762400000|  0%| F|  |TAMS 0x0000000762200000| PB 0x0000000762200000| Untracked 
| 274|0x0000000762400000, 0x0000000762400000, 0x0000000762600000|  0%| F|  |TAMS 0x0000000762400000| PB 0x0000000762400000| Untracked 
| 275|0x0000000762600000, 0x0000000762600000, 0x0000000762800000|  0%| F|  |TAMS 0x0000000762600000| PB 0x0000000762600000| Untracked 
| 276|0x0000000762800000, 0x0000000762800000, 0x0000000762a00000|  0%| F|  |TAMS 0x0000000762800000| PB 0x0000000762800000| Untracked 
| 277|0x0000000762a00000, 0x0000000762a00000, 0x0000000762c00000|  0%| F|  |TAMS 0x0000000762a00000| PB 0x0000000762a00000| Untracked 
| 278|0x0000000762c00000, 0x0000000762c00000, 0x0000000762e00000|  0%| F|  |TAMS 0x0000000762c00000| PB 0x0000000762c00000| Untracked 
| 279|0x0000000762e00000, 0x0000000762e00000, 0x0000000763000000|  0%| F|  |TAMS 0x0000000762e00000| PB 0x0000000762e00000| Untracked 
| 280|0x0000000763000000, 0x0000000763000000, 0x0000000763200000|  0%| F|  |TAMS 0x0000000763000000| PB 0x0000000763000000| Untracked 
| 281|0x0000000763200000, 0x0000000763200000, 0x0000000763400000|  0%| F|  |TAMS 0x0000000763200000| PB 0x0000000763200000| Untracked 
| 282|0x0000000763400000, 0x0000000763400000, 0x0000000763600000|  0%| F|  |TAMS 0x0000000763400000| PB 0x0000000763400000| Untracked 
| 283|0x0000000763600000, 0x0000000763600000, 0x0000000763800000|  0%| F|  |TAMS 0x0000000763600000| PB 0x0000000763600000| Untracked 
| 284|0x0000000763800000, 0x0000000763800000, 0x0000000763a00000|  0%| F|  |TAMS 0x0000000763800000| PB 0x0000000763800000| Untracked 
| 285|0x0000000763a00000, 0x0000000763a00000, 0x0000000763c00000|  0%| F|  |TAMS 0x0000000763a00000| PB 0x0000000763a00000| Untracked 
| 286|0x0000000763c00000, 0x0000000763c00000, 0x0000000763e00000|  0%| F|  |TAMS 0x0000000763c00000| PB 0x0000000763c00000| Untracked 
| 287|0x0000000763e00000, 0x0000000763e00000, 0x0000000764000000|  0%| F|  |TAMS 0x0000000763e00000| PB 0x0000000763e00000| Untracked 
| 288|0x0000000764000000, 0x0000000764000000, 0x0000000764200000|  0%| F|  |TAMS 0x0000000764000000| PB 0x0000000764000000| Untracked 
| 289|0x0000000764200000, 0x0000000764200000, 0x0000000764400000|  0%| F|  |TAMS 0x0000000764200000| PB 0x0000000764200000| Untracked 
| 290|0x0000000764400000, 0x0000000764400000, 0x0000000764600000|  0%| F|  |TAMS 0x0000000764400000| PB 0x0000000764400000| Untracked 
| 291|0x0000000764600000, 0x0000000764600000, 0x0000000764800000|  0%| F|  |TAMS 0x0000000764600000| PB 0x0000000764600000| Untracked 
| 292|0x0000000764800000, 0x0000000764800000, 0x0000000764a00000|  0%| F|  |TAMS 0x0000000764800000| PB 0x0000000764800000| Untracked 
| 293|0x0000000764a00000, 0x0000000764a00000, 0x0000000764c00000|  0%| F|  |TAMS 0x0000000764a00000| PB 0x0000000764a00000| Untracked 
| 294|0x0000000764c00000, 0x0000000764c00000, 0x0000000764e00000|  0%| F|  |TAMS 0x0000000764c00000| PB 0x0000000764c00000| Untracked 
| 295|0x0000000764e00000, 0x0000000764e00000, 0x0000000765000000|  0%| F|  |TAMS 0x0000000764e00000| PB 0x0000000764e00000| Untracked 
| 296|0x0000000765000000, 0x0000000765000000, 0x0000000765200000|  0%| F|  |TAMS 0x0000000765000000| PB 0x0000000765000000| Untracked 
| 297|0x0000000765200000, 0x0000000765200000, 0x0000000765400000|  0%| F|  |TAMS 0x0000000765200000| PB 0x0000000765200000| Untracked 
| 298|0x0000000765400000, 0x0000000765400000, 0x0000000765600000|  0%| F|  |TAMS 0x0000000765400000| PB 0x0000000765400000| Untracked 
| 299|0x0000000765600000, 0x0000000765600000, 0x0000000765800000|  0%| F|  |TAMS 0x0000000765600000| PB 0x0000000765600000| Untracked 
| 300|0x0000000765800000, 0x0000000765800000, 0x0000000765a00000|  0%| F|  |TAMS 0x0000000765800000| PB 0x0000000765800000| Untracked 
| 301|0x0000000765a00000, 0x0000000765a00000, 0x0000000765c00000|  0%| F|  |TAMS 0x0000000765a00000| PB 0x0000000765a00000| Untracked 
| 302|0x0000000765c00000, 0x0000000765c00000, 0x0000000765e00000|  0%| F|  |TAMS 0x0000000765c00000| PB 0x0000000765c00000| Untracked 
| 303|0x0000000765e00000, 0x0000000765e00000, 0x0000000766000000|  0%| F|  |TAMS 0x0000000765e00000| PB 0x0000000765e00000| Untracked 
| 304|0x0000000766000000, 0x0000000766000000, 0x0000000766200000|  0%| F|  |TAMS 0x0000000766000000| PB 0x0000000766000000| Untracked 
| 305|0x0000000766200000, 0x0000000766200000, 0x0000000766400000|  0%| F|  |TAMS 0x0000000766200000| PB 0x0000000766200000| Untracked 
| 306|0x0000000766400000, 0x0000000766400000, 0x0000000766600000|  0%| F|  |TAMS 0x0000000766400000| PB 0x0000000766400000| Untracked 
| 307|0x0000000766600000, 0x0000000766600000, 0x0000000766800000|  0%| F|  |TAMS 0x0000000766600000| PB 0x0000000766600000| Untracked 
| 308|0x0000000766800000, 0x0000000766800000, 0x0000000766a00000|  0%| F|  |TAMS 0x0000000766800000| PB 0x0000000766800000| Untracked 
| 309|0x0000000766a00000, 0x0000000766a00000, 0x0000000766c00000|  0%| F|  |TAMS 0x0000000766a00000| PB 0x0000000766a00000| Untracked 
| 310|0x0000000766c00000, 0x0000000766c00000, 0x0000000766e00000|  0%| F|  |TAMS 0x0000000766c00000| PB 0x0000000766c00000| Untracked 
| 311|0x0000000766e00000, 0x0000000766e00000, 0x0000000767000000|  0%| F|  |TAMS 0x0000000766e00000| PB 0x0000000766e00000| Untracked 
| 312|0x0000000767000000, 0x0000000767000000, 0x0000000767200000|  0%| F|  |TAMS 0x0000000767000000| PB 0x0000000767000000| Untracked 
| 313|0x0000000767200000, 0x0000000767200000, 0x0000000767400000|  0%| F|  |TAMS 0x0000000767200000| PB 0x0000000767200000| Untracked 
| 314|0x0000000767400000, 0x0000000767400000, 0x0000000767600000|  0%| F|  |TAMS 0x0000000767400000| PB 0x0000000767400000| Untracked 
| 315|0x0000000767600000, 0x0000000767600000, 0x0000000767800000|  0%| F|  |TAMS 0x0000000767600000| PB 0x0000000767600000| Untracked 
| 316|0x0000000767800000, 0x0000000767800000, 0x0000000767a00000|  0%| F|  |TAMS 0x0000000767800000| PB 0x0000000767800000| Untracked 
| 317|0x0000000767a00000, 0x0000000767a00000, 0x0000000767c00000|  0%| F|  |TAMS 0x0000000767a00000| PB 0x0000000767a00000| Untracked 
| 318|0x0000000767c00000, 0x0000000767e00000, 0x0000000767e00000|100%| S|CS|TAMS 0x0000000767c00000| PB 0x0000000767c00000| Complete 
| 319|0x0000000767e00000, 0x0000000768000000, 0x0000000768000000|100%| S|CS|TAMS 0x0000000767e00000| PB 0x0000000767e00000| Complete 
| 320|0x0000000768000000, 0x0000000768000000, 0x0000000768200000|  0%| F|  |TAMS 0x0000000768000000| PB 0x0000000768000000| Untracked 
| 321|0x0000000768200000, 0x0000000768400000, 0x0000000768400000|100%| S|CS|TAMS 0x0000000768200000| PB 0x0000000768200000| Complete 
| 322|0x0000000768400000, 0x0000000768400000, 0x0000000768600000|  0%| F|  |TAMS 0x0000000768400000| PB 0x0000000768400000| Untracked 
| 323|0x0000000768600000, 0x0000000768600000, 0x0000000768800000|  0%| F|  |TAMS 0x0000000768600000| PB 0x0000000768600000| Untracked 
| 324|0x0000000768800000, 0x0000000768800000, 0x0000000768a00000|  0%| F|  |TAMS 0x0000000768800000| PB 0x0000000768800000| Untracked 
| 325|0x0000000768a00000, 0x0000000768a00000, 0x0000000768c00000|  0%| F|  |TAMS 0x0000000768a00000| PB 0x0000000768a00000| Untracked 
| 326|0x0000000768c00000, 0x0000000768c00000, 0x0000000768e00000|  0%| F|  |TAMS 0x0000000768c00000| PB 0x0000000768c00000| Untracked 
| 327|0x0000000768e00000, 0x0000000768e00000, 0x0000000769000000|  0%| F|  |TAMS 0x0000000768e00000| PB 0x0000000768e00000| Untracked 
| 328|0x0000000769000000, 0x0000000769000000, 0x0000000769200000|  0%| F|  |TAMS 0x0000000769000000| PB 0x0000000769000000| Untracked 
|1513|0x00000007fd200000, 0x00000007fd200000, 0x00000007fd400000|  0%| F|  |TAMS 0x00000007fd200000| PB 0x00000007fd200000| Untracked 
|1514|0x00000007fd400000, 0x00000007fd600000, 0x00000007fd600000|100%| O|  |TAMS 0x00000007fd400000| PB 0x00000007fd400000| Untracked 
|1515|0x00000007fd600000, 0x00000007fd800000, 0x00000007fd800000|100%| O|  |TAMS 0x00000007fd600000| PB 0x00000007fd600000| Untracked 
|1516|0x00000007fd800000, 0x00000007fda00000, 0x00000007fda00000|100%| O|  |TAMS 0x00000007fd800000| PB 0x00000007fd800000| Untracked 
|1517|0x00000007fda00000, 0x00000007fdc00000, 0x00000007fdc00000|100%| O|  |TAMS 0x00000007fda00000| PB 0x00000007fda00000| Untracked 
|1518|0x00000007fdc00000, 0x00000007fde00000, 0x00000007fde00000|100%| O|  |TAMS 0x00000007fdc00000| PB 0x00000007fdc00000| Untracked 
|1519|0x00000007fde00000, 0x00000007fe000000, 0x00000007fe000000|100%| O|  |TAMS 0x00000007fde00000| PB 0x00000007fde00000| Untracked 
|1520|0x00000007fe000000, 0x00000007fe200000, 0x00000007fe200000|100%| O|  |TAMS 0x00000007fe000000| PB 0x00000007fe000000| Untracked 
|1521|0x00000007fe200000, 0x00000007fe400000, 0x00000007fe400000|100%| O|  |TAMS 0x00000007fe200000| PB 0x00000007fe200000| Untracked 
|1522|0x00000007fe400000, 0x00000007fe400000, 0x00000007fe600000|  0%| F|  |TAMS 0x00000007fe400000| PB 0x00000007fe400000| Untracked 
|1523|0x00000007fe600000, 0x00000007fe600000, 0x00000007fe800000|  0%| F|  |TAMS 0x00000007fe600000| PB 0x00000007fe600000| Untracked 
|1524|0x00000007fe800000, 0x00000007fea00000, 0x00000007fea00000|100%| O|  |TAMS 0x00000007fe800000| PB 0x00000007fe800000| Untracked 
|1525|0x00000007fea00000, 0x00000007fec00000, 0x00000007fec00000|100%| O|  |TAMS 0x00000007fea00000| PB 0x00000007fea00000| Untracked 
|1526|0x00000007fec00000, 0x00000007fee00000, 0x00000007fee00000|100%| O|  |TAMS 0x00000007fec00000| PB 0x00000007fec00000| Untracked 
|1527|0x00000007fee00000, 0x00000007fee00000, 0x00000007ff000000|  0%| F|  |TAMS 0x00000007fee00000| PB 0x00000007fee00000| Untracked 
|1528|0x00000007ff000000, 0x00000007ff200000, 0x00000007ff200000|100%| O|  |TAMS 0x00000007ff000000| PB 0x00000007ff000000| Untracked 
|1529|0x00000007ff200000, 0x00000007ff400000, 0x00000007ff400000|100%| O|  |TAMS 0x00000007ff200000| PB 0x00000007ff200000| Untracked 
|1530|0x00000007ff400000, 0x00000007ff600000, 0x00000007ff600000|100%| O|  |TAMS 0x00000007ff400000| PB 0x00000007ff400000| Untracked 
|1531|0x00000007ff600000, 0x00000007ff600000, 0x00000007ff800000|  0%| F|  |TAMS 0x00000007ff600000| PB 0x00000007ff600000| Untracked 
|1532|0x00000007ff800000, 0x00000007ffa00000, 0x00000007ffa00000|100%| O|  |TAMS 0x00000007ff800000| PB 0x00000007ff800000| Untracked 
|1533|0x00000007ffa00000, 0x00000007ffa00000, 0x00000007ffc00000|  0%| F|  |TAMS 0x00000007ffa00000| PB 0x00000007ffa00000| Untracked 
|1534|0x00000007ffc00000, 0x00000007ffe00000, 0x00000007ffe00000|100%| O|  |TAMS 0x00000007ffc00000| PB 0x00000007ffc00000| Untracked 
|1535|0x00000007ffe00000, 0x00000007ffe00000, 0x0000000800000000|  0%| F|  |TAMS 0x00000007ffe00000| PB 0x00000007ffe00000| Untracked 

Card table byte_map: [0x000002351f5c0000,0x000002351fbc0000] _byte_map_base: 0x000002351bbc0000

Marking Bits: (CMBitMap*) 0x00000235078e3bd0
 Bits: [0x000002351fbc0000, 0x0000023522bc0000)

Polling page: 0x00000235056c0000

Metaspace:

Usage:
  Non-class:    118.41 MB used.
      Class:     19.41 MB used.
       Both:    137.83 MB used.

Virtual space:
  Non-class space:      128.00 MB reserved,     119.81 MB ( 94%) committed,  2 nodes.
      Class space:        1.00 GB reserved,      20.81 MB (  2%) committed,  1 nodes.
             Both:        1.12 GB reserved,     140.62 MB ( 12%) committed. 

Chunk freelists:
   Non-Class:  7.48 MB
       Class:  11.17 MB
        Both:  18.65 MB

MaxMetaspaceSize: unlimited
CompressedClassSpaceSize: 1.00 GB
Initial GC threshold: 21.00 MB
Current GC threshold: 231.25 MB
CDS: on
 - commit_granule_bytes: 65536.
 - commit_granule_words: 8192.
 - virtual_space_node_default_size: 8388608.
 - enlarge_chunks_in_place: 1.
 - use_allocation_guard: 0.


Internal statistics:

num_allocs_failed_limit: 11.
num_arena_births: 5438.
num_arena_deaths: 22.
num_vsnodes_births: 3.
num_vsnodes_deaths: 0.
num_space_committed: 2248.
num_space_uncommitted: 0.
num_chunks_returned_to_freelist: 39.
num_chunks_taken_from_freelist: 12288.
num_chunk_merges: 11.
num_chunk_splits: 7940.
num_chunks_enlarged: 4928.
num_inconsistent_stats: 0.

CodeHeap 'non-profiled nmethods': size=120000Kb used=10074Kb max_used=10074Kb free=109925Kb
 bounds [0x0000023517a90000, 0x0000023518470000, 0x000002351efc0000]
CodeHeap 'profiled nmethods': size=120000Kb used=31871Kb max_used=31871Kb free=88128Kb
 bounds [0x000002350ffc0000, 0x0000023511ee0000, 0x00000235174f0000]
CodeHeap 'non-nmethods': size=5760Kb used=2095Kb max_used=2141Kb free=3664Kb
 bounds [0x00000235174f0000, 0x0000023517760000, 0x0000023517a90000]
CodeCache: size=245760Kb, used=44040Kb, max_used=44086Kb, free=201717Kb
 total_blobs=17190, nmethods=16249, adapters=844, full_count=0
Compilation: enabled, stopped_count=0, restarted_count=0

Compilation events (20 events):
Event: 403.921 Thread 0x0000023566159050 19654       2       com.android.tools.r8.graph.g6$$Lambda/0x000002352735d9c8::<init> (15 bytes)
Event: 403.921 Thread 0x0000023566159050 nmethod 19654 0x0000023511edb490 code [0x0000023511edb640, 0x0000023511edb810]
Event: 403.921 Thread 0x0000023566159050 19655       2       com.android.tools.r8.graph.pa$$Lambda/0x000002352735e070::<init> (15 bytes)
Event: 403.921 Thread 0x0000023566159050 nmethod 19655 0x0000023511edb890 code [0x0000023511edba40, 0x0000023511edbc10]
Event: 403.922 Thread 0x0000023566159050 19656       2       com.android.tools.r8.graph.g6::h (16 bytes)
Event: 403.923 Thread 0x0000023566159050 nmethod 19656 0x0000023511edbc90 code [0x0000023511edbe80, 0x0000023511edc378]
Event: 403.923 Thread 0x0000023566159050 19657       2       com.android.tools.r8.graph.pa::b (25 bytes)
Event: 403.925 Thread 0x0000023566159050 nmethod 19657 0x0000023511edc610 code [0x0000023511edc800, 0x0000023511edcbc8]
Event: 403.926 Thread 0x0000023566159050 19666       2       com.android.tools.r8.graph.z::K (8 bytes)
Event: 403.926 Thread 0x0000023566159050 nmethod 19666 0x0000023511edce10 code [0x0000023511edcfa0, 0x0000023511edd0d0]
Event: 403.926 Thread 0x0000023566159050 19659       2       com.android.tools.r8.graph.h1::a (5 bytes)
Event: 403.927 Thread 0x0000023566159050 nmethod 19659 0x0000023511edd210 code [0x0000023511edd3a0, 0x0000023511edd4b0]
Event: 403.927 Thread 0x0000023566159050 19667       2       com.android.tools.r8.graph.g6$$Lambda/0x00000235274d4678::accept (20 bytes)
Event: 403.927 Thread 0x0000023566159050 nmethod 19667 0x0000023511edd590 code [0x0000023511edd740, 0x0000023511edd8c0]
Event: 403.927 Thread 0x0000023566159050 19668       2       com.android.tools.r8.graph.g6::a (126 bytes)
Event: 403.929 Thread 0x0000023566159050 nmethod 19668 0x0000023511edd990 code [0x0000023511eddbc0, 0x0000023511ede080]
Event: 403.929 Thread 0x0000023566159050 19676       3       com.android.tools.r8.naming.q1::c (127 bytes)
Event: 403.931 Thread 0x0000023566159050 nmethod 19676 0x0000023511ede590 code [0x0000023511ede820, 0x0000023511edf350]
Event: 403.931 Thread 0x0000023566159050 19677       2       com.android.tools.r8.graph.cd::a (87 bytes)
Event: 403.933 Thread 0x0000023566159050 nmethod 19677 0x0000023511edf690 code [0x0000023511edf8a0, 0x0000023511edfc30]

GC Heap History (20 events):
Event: 375.977 GC heap after
{Heap after GC invocations=68 (full 0):
 garbage-first heap   total 366592K, used 286340K [0x0000000740000000, 0x0000000800000000)
  region size 2048K, 6 young (12288K), 6 survivors (12288K)
 Metaspace       used 137655K, committed 140480K, reserved 1179648K
  class space    used 19399K, committed 20800K, reserved 1048576K
}
Event: 376.871 GC heap before
{Heap before GC invocations=68 (full 0):
 garbage-first heap   total 423936K, used 421508K [0x0000000740000000, 0x0000000800000000)
  region size 2048K, 17 young (34816K), 6 survivors (12288K)
 Metaspace       used 137775K, committed 140544K, reserved 1179648K
  class space    used 19408K, committed 20800K, reserved 1048576K
}
Event: 376.942 GC heap after
{Heap after GC invocations=69 (full 0):
 garbage-first heap   total 450560K, used 336888K [0x0000000740000000, 0x0000000800000000)
  region size 2048K, 4 young (8192K), 4 survivors (8192K)
 Metaspace       used 137775K, committed 140544K, reserved 1179648K
  class space    used 19408K, committed 20800K, reserved 1048576K
}
Event: 376.981 GC heap before
{Heap before GC invocations=69 (full 0):
 garbage-first heap   total 450560K, used 336888K [0x0000000740000000, 0x0000000800000000)
  region size 2048K, 5 young (10240K), 4 survivors (8192K)
 Metaspace       used 137779K, committed 140544K, reserved 1179648K
  class space    used 19408K, committed 20800K, reserved 1048576K
}
Event: 378.062 GC heap after
{Heap after GC invocations=70 (full 0):
 garbage-first heap   total 450560K, used 336702K [0x0000000740000000, 0x0000000800000000)
  region size 2048K, 1 young (2048K), 1 survivors (2048K)
 Metaspace       used 137779K, committed 140544K, reserved 1179648K
  class space    used 19408K, committed 20800K, reserved 1048576K
}
Event: 383.508 GC heap before
{Heap before GC invocations=71 (full 0):
 garbage-first heap   total 571392K, used 377662K [0x0000000740000000, 0x0000000800000000)
  region size 2048K, 13 young (26624K), 1 survivors (2048K)
 Metaspace       used 138500K, committed 141312K, reserved 1179648K
  class space    used 19484K, committed 20928K, reserved 1048576K
}
Event: 383.530 GC heap after
{Heap after GC invocations=72 (full 0):
 garbage-first heap   total 681984K, used 349558K [0x0000000740000000, 0x0000000800000000)
  region size 2048K, 2 young (4096K), 2 survivors (4096K)
 Metaspace       used 138500K, committed 141312K, reserved 1179648K
  class space    used 19484K, committed 20928K, reserved 1048576K
}
Event: 390.389 GC heap before
{Heap before GC invocations=72 (full 0):
 garbage-first heap   total 681984K, used 484726K [0x0000000740000000, 0x0000000800000000)
  region size 2048K, 68 young (139264K), 2 survivors (4096K)
 Metaspace       used 139175K, committed 142016K, reserved 1179648K
  class space    used 19551K, committed 20992K, reserved 1048576K
}
Event: 391.919 GC heap after
{Heap after GC invocations=73 (full 0):
 garbage-first heap   total 681984K, used 392865K [0x0000000740000000, 0x0000000800000000)
  region size 2048K, 9 young (18432K), 9 survivors (18432K)
 Metaspace       used 139175K, committed 142016K, reserved 1179648K
  class space    used 19551K, committed 20992K, reserved 1048576K
}
Event: 391.986 GC heap before
{Heap before GC invocations=73 (full 0):
 garbage-first heap   total 681984K, used 403105K [0x0000000740000000, 0x0000000800000000)
  region size 2048K, 15 young (30720K), 9 survivors (18432K)
 Metaspace       used 139175K, committed 142016K, reserved 1179648K
  class space    used 19551K, committed 20992K, reserved 1048576K
}
Event: 392.386 GC heap after
{Heap after GC invocations=74 (full 0):
 garbage-first heap   total 681984K, used 398336K [0x0000000740000000, 0x0000000800000000)
  region size 2048K, 2 young (4096K), 2 survivors (4096K)
 Metaspace       used 139175K, committed 142016K, reserved 1179648K
  class space    used 19551K, committed 20992K, reserved 1048576K
}
Event: 392.869 GC heap before
{Heap before GC invocations=74 (full 0):
 garbage-first heap   total 681984K, used 435200K [0x0000000740000000, 0x0000000800000000)
  region size 2048K, 16 young (32768K), 2 survivors (4096K)
 Metaspace       used 139203K, committed 142080K, reserved 1179648K
  class space    used 19555K, committed 20992K, reserved 1048576K
}
Event: 392.929 GC heap after
{Heap after GC invocations=75 (full 0):
 garbage-first heap   total 681984K, used 418721K [0x0000000740000000, 0x0000000800000000)
  region size 2048K, 2 young (4096K), 2 survivors (4096K)
 Metaspace       used 139203K, committed 142080K, reserved 1179648K
  class space    used 19555K, committed 20992K, reserved 1048576K
}
Event: 393.185 GC heap before
{Heap before GC invocations=75 (full 0):
 garbage-first heap   total 681984K, used 445345K [0x0000000740000000, 0x0000000800000000)
  region size 2048K, 16 young (32768K), 2 survivors (4096K)
 Metaspace       used 139215K, committed 142080K, reserved 1179648K
  class space    used 19557K, committed 20992K, reserved 1048576K
}
Event: 393.230 GC heap after
{Heap after GC invocations=76 (full 0):
 garbage-first heap   total 681984K, used 431343K [0x0000000740000000, 0x0000000800000000)
  region size 2048K, 2 young (4096K), 2 survivors (4096K)
 Metaspace       used 139215K, committed 142080K, reserved 1179648K
  class space    used 19557K, committed 20992K, reserved 1048576K
}
Event: 402.943 GC heap before
{Heap before GC invocations=77 (full 0):
 garbage-first heap   total 720896K, used 460015K [0x0000000740000000, 0x0000000800000000)
  region size 2048K, 17 young (34816K), 2 survivors (4096K)
 Metaspace       used 140889K, committed 143744K, reserved 1179648K
  class space    used 19864K, committed 21312K, reserved 1048576K
}
Event: 402.983 GC heap after
{Heap after GC invocations=78 (full 0):
 garbage-first heap   total 720896K, used 437862K [0x0000000740000000, 0x0000000800000000)
  region size 2048K, 3 young (6144K), 3 survivors (6144K)
 Metaspace       used 140889K, committed 143744K, reserved 1179648K
  class space    used 19864K, committed 21312K, reserved 1048576K
}
Event: 403.574 GC heap before
{Heap before GC invocations=78 (full 0):
 garbage-first heap   total 720896K, used 466534K [0x0000000740000000, 0x0000000800000000)
  region size 2048K, 17 young (34816K), 3 survivors (6144K)
 Metaspace       used 141093K, committed 143936K, reserved 1179648K
  class space    used 19878K, committed 21312K, reserved 1048576K
}
Event: 403.628 GC heap after
{Heap after GC invocations=79 (full 0):
 garbage-first heap   total 720896K, used 451097K [0x0000000740000000, 0x0000000800000000)
  region size 2048K, 3 young (6144K), 3 survivors (6144K)
 Metaspace       used 141093K, committed 143936K, reserved 1179648K
  class space    used 19878K, committed 21312K, reserved 1048576K
}
Event: 403.948 GC heap before
{Heap before GC invocations=79 (full 0):
 garbage-first heap   total 720896K, used 477721K [0x0000000740000000, 0x0000000800000000)
  region size 2048K, 17 young (34816K), 3 survivors (6144K)
 Metaspace       used 141132K, committed 144000K, reserved 1179648K
  class space    used 19878K, committed 21312K, reserved 1048576K
}

Dll operation events (15 events):
Event: 0.171 Loaded shared library C:\Users\isaac\.gradle\jdks\amazon_com_inc_-21-amd64-windows.2\bin\java.dll
Event: 0.756 Loaded shared library C:\Users\isaac\.gradle\jdks\amazon_com_inc_-21-amd64-windows.2\bin\jsvml.dll
Event: 2.955 Loaded shared library C:\Users\isaac\.gradle\jdks\amazon_com_inc_-21-amd64-windows.2\bin\zip.dll
Event: 2.971 Loaded shared library C:\Users\isaac\.gradle\jdks\amazon_com_inc_-21-amd64-windows.2\bin\instrument.dll
Event: 3.068 Loaded shared library C:\Users\isaac\.gradle\jdks\amazon_com_inc_-21-amd64-windows.2\bin\net.dll
Event: 3.080 Loaded shared library C:\Users\isaac\.gradle\jdks\amazon_com_inc_-21-amd64-windows.2\bin\nio.dll
Event: 3.094 Loaded shared library C:\Users\isaac\.gradle\jdks\amazon_com_inc_-21-amd64-windows.2\bin\zip.dll
Event: 5.487 Loaded shared library C:\Users\isaac\.gradle\jdks\amazon_com_inc_-21-amd64-windows.2\bin\jimage.dll
Event: 9.009 Loaded shared library C:\Users\isaac\.gradle\jdks\amazon_com_inc_-21-amd64-windows.2\bin\verify.dll
Event: 9.484 Loaded shared library C:\Users\isaac\.gradle\native\660c5614fbf4a5f2a75b1949f50a0caf5cd603558e7d8a26e50b933a0cfb79d1\windows-amd64\native-platform.dll
Event: 9.543 Loaded shared library C:\Users\isaac\.gradle\native\0.2.8\x86_64-windows-gnu\gradle-fileevents.dll
Event: 21.999 Loaded shared library C:\Users\isaac\.gradle\jdks\amazon_com_inc_-21-amd64-windows.2\bin\management.dll
Event: 22.031 Loaded shared library C:\Users\isaac\.gradle\jdks\amazon_com_inc_-21-amd64-windows.2\bin\management_ext.dll
Event: 24.386 Loaded shared library C:\Users\isaac\.gradle\jdks\amazon_com_inc_-21-amd64-windows.2\bin\extnet.dll
Event: 26.716 Loaded shared library C:\Users\isaac\.gradle\jdks\amazon_com_inc_-21-amd64-windows.2\bin\sunmscapi.dll

Deoptimization events (20 events):
Event: 403.371 Thread 0x0000023575ac3ec0 Uncommon trap: trap_request=0xffffff45 fr.pc=0x0000023517e37f6c relative=0x00000000000003ac
Event: 403.371 Thread 0x0000023575ac3ec0 Uncommon trap: reason=unstable_if action=reinterpret pc=0x0000023517e37f6c method=java.util.concurrent.ConcurrentLinkedQueue.offer(Ljava/lang/Object;)Z @ 42 c2
Event: 403.371 Thread 0x0000023575ac3ec0 DEOPT PACKING pc=0x0000023517e37f6c sp=0x0000009b6eefeab0
Event: 403.371 Thread 0x0000023575ac3ec0 DEOPT UNPACKING pc=0x0000023517544422 sp=0x0000009b6eefea50 mode 2
Event: 403.373 Thread 0x0000023575ac3ec0 DEOPT PACKING pc=0x0000023511d7ccd4 sp=0x0000009b6eefe8a0
Event: 403.373 Thread 0x0000023575ac3ec0 DEOPT UNPACKING pc=0x0000023517544bc2 sp=0x0000009b6eefddb8 mode 0
Event: 403.374 Thread 0x0000023575ac3ec0 Uncommon trap: trap_request=0xffffff45 fr.pc=0x0000023517e390bc relative=0x000000000000011c
Event: 403.375 Thread 0x0000023575ac3ec0 Uncommon trap: reason=unstable_if action=reinterpret pc=0x0000023517e390bc method=com.android.tools.r8.graph.k6.b([B)Z @ 7 c2
Event: 403.375 Thread 0x0000023575ac3ec0 DEOPT PACKING pc=0x0000023517e390bc sp=0x0000009b6eefe4e0
Event: 403.375 Thread 0x0000023575ac3ec0 DEOPT UNPACKING pc=0x0000023517544422 sp=0x0000009b6eefe460 mode 2
Event: 403.397 Thread 0x0000023575ac1760 DEOPT PACKING pc=0x0000023511d7ccd4 sp=0x0000009b6ecfe5d0
Event: 403.397 Thread 0x0000023575ac1760 DEOPT UNPACKING pc=0x0000023517544bc2 sp=0x0000009b6ecfdae8 mode 0
Event: 403.472 Thread 0x0000023575abe2e0 DEOPT PACKING pc=0x0000023511d7ccd4 sp=0x0000009b6edfe510
Event: 403.472 Thread 0x0000023575abe2e0 DEOPT UNPACKING pc=0x0000023517544bc2 sp=0x0000009b6edfda28 mode 0
Event: 403.671 Thread 0x000002356e09c8e0 DEOPT PACKING pc=0x0000023511ea0c77 sp=0x0000009b6dffa580
Event: 403.672 Thread 0x000002356e09c8e0 DEOPT UNPACKING pc=0x0000023517544bc2 sp=0x0000009b6dff9a18 mode 0
Event: 403.683 Thread 0x0000023575ac3ec0 DEOPT PACKING pc=0x0000023511d7ccd4 sp=0x0000009b6eefe600
Event: 403.683 Thread 0x0000023575ac3ec0 DEOPT UNPACKING pc=0x0000023517544bc2 sp=0x0000009b6eefdb18 mode 0
Event: 403.885 Thread 0x0000023575ac1760 DEOPT PACKING pc=0x0000023511d7ccd4 sp=0x0000009b6ecfe600
Event: 403.885 Thread 0x0000023575ac1760 DEOPT UNPACKING pc=0x0000023517544bc2 sp=0x0000009b6ecfdb18 mode 0

Classes loaded (20 events):
Event: 373.350 Loading class java/util/Collections$UnmodifiableSortedMap
Event: 373.353 Loading class java/util/Collections$UnmodifiableSortedMap done
Event: 373.487 Loading class java/util/logging/LogRecord
Event: 373.493 Loading class java/util/logging/LogRecord done
Event: 373.533 Loading class java/time/DateTimeException
Event: 373.534 Loading class java/time/DateTimeException done
Event: 373.553 Loading class java/net/URLDecoder
Event: 373.555 Loading class java/net/URLDecoder done
Event: 375.710 Loading class java/nio/BufferUnderflowException
Event: 375.714 Loading class java/nio/BufferUnderflowException done
Event: 381.769 Loading class java/util/zip/GZIPInputStream$1
Event: 381.900 Loading class java/util/zip/GZIPInputStream$1 done
Event: 395.186 Loading class java/util/IdentityHashMap$ValueIterator
Event: 395.313 Loading class java/util/IdentityHashMap$ValueIterator done
Event: 402.130 Loading class java/nio/ShortBuffer
Event: 402.297 Loading class java/nio/ShortBuffer done
Event: 402.311 Loading class java/nio/HeapShortBuffer
Event: 402.328 Loading class java/nio/HeapShortBuffer done
Event: 402.588 Loading class java/util/AbstractList$SubList$1
Event: 402.650 Loading class java/util/AbstractList$SubList$1 done

Classes unloaded (11 events):
Event: 343.107 Thread 0x000002356612a060 Unloading class 0x0000023527290000 'java/lang/invoke/LambdaForm$DMH+0x0000023527290000'
Event: 343.108 Thread 0x000002356612a060 Unloading class 0x00000235271c1000 'java/lang/invoke/LambdaForm$MH+0x00000235271c1000'
Event: 343.108 Thread 0x000002356612a060 Unloading class 0x00000235271c0800 'java/lang/invoke/LambdaForm$MH+0x00000235271c0800'
Event: 343.108 Thread 0x000002356612a060 Unloading class 0x00000235271c0000 'java/lang/invoke/LambdaForm$MH+0x00000235271c0000'
Event: 343.108 Thread 0x000002356612a060 Unloading class 0x00000235271bf400 'java/lang/invoke/LambdaForm$MH+0x00000235271bf400'
Event: 343.108 Thread 0x000002356612a060 Unloading class 0x00000235271bec00 'java/lang/invoke/LambdaForm$MH+0x00000235271bec00'
Event: 343.108 Thread 0x000002356612a060 Unloading class 0x00000235271be400 'java/lang/invoke/LambdaForm$MH+0x00000235271be400'
Event: 343.108 Thread 0x000002356612a060 Unloading class 0x00000235271bdc00 'java/lang/invoke/LambdaForm$MH+0x00000235271bdc00'
Event: 343.108 Thread 0x000002356612a060 Unloading class 0x00000235271bd400 'java/lang/invoke/LambdaForm$MH+0x00000235271bd400'
Event: 343.108 Thread 0x000002356612a060 Unloading class 0x00000235271bc800 'java/lang/invoke/LambdaForm$MH+0x00000235271bc800'
Event: 343.108 Thread 0x000002356612a060 Unloading class 0x00000235271bc000 'java/lang/invoke/LambdaForm$MH+0x00000235271bc000'

Classes redefined (0 events):
No events

Internal exceptions (20 events):
Event: 382.122 Thread 0x0000023575abf000 Exception <a 'sun/nio/fs/WindowsException'{0x000000075f150530}> (0x000000075f150530) 
thrown [s\src\hotspot\share\prims\jni.cpp, line 520]
Event: 382.986 Thread 0x000002357651bb70 Exception <a 'java/lang/NoSuchMethodError'{0x000000075ee66c68}: 'java.lang.Object java.lang.invoke.DirectMethodHandle$Holder.invokeInterface(java.lang.Object, java.lang.Object, int)'> (0x000000075ee66c68) 
thrown [s\src\hotspot\share\interpreter\linkResolver.cpp, line 773]
Event: 383.124 Thread 0x0000023576519410 Exception <a 'sun/nio/fs/WindowsException'{0x000000075f17eaf8}> (0x000000075f17eaf8) 
thrown [s\src\hotspot\share\prims\jni.cpp, line 520]
Event: 383.169 Thread 0x0000023576519410 Exception <a 'sun/nio/fs/WindowsException'{0x000000075eef7310}> (0x000000075eef7310) 
thrown [s\src\hotspot\share\prims\jni.cpp, line 520]
Event: 383.171 Thread 0x0000023576519410 Exception <a 'sun/nio/fs/WindowsException'{0x000000075eef9170}> (0x000000075eef9170) 
thrown [s\src\hotspot\share\prims\jni.cpp, line 520]
Event: 383.555 Thread 0x0000023576519410 Exception <a 'sun/nio/fs/WindowsException'{0x00000007ffe66860}> (0x00000007ffe66860) 
thrown [s\src\hotspot\share\prims\jni.cpp, line 520]
Event: 383.558 Thread 0x0000023576519410 Exception <a 'sun/nio/fs/WindowsException'{0x00000007ffe75fc8}> (0x00000007ffe75fc8) 
thrown [s\src\hotspot\share\prims\jni.cpp, line 520]
Event: 383.565 Thread 0x0000023576519410 Exception <a 'sun/nio/fs/WindowsException'{0x00000007ffe9c1e8}> (0x00000007ffe9c1e8) 
thrown [s\src\hotspot\share\prims\jni.cpp, line 520]
Event: 384.898 Thread 0x0000023576519410 Exception <a 'sun/nio/fs/WindowsException'{0x00000007661a3f68}> (0x00000007661a3f68) 
thrown [s\src\hotspot\share\prims\jni.cpp, line 520]
Event: 384.899 Thread 0x0000023576519410 Exception <a 'sun/nio/fs/WindowsException'{0x00000007661a6940}> (0x00000007661a6940) 
thrown [s\src\hotspot\share\prims\jni.cpp, line 520]
Event: 396.983 Thread 0x000002356e09c8e0 Exception <a 'java/lang/NoSuchMethodError'{0x00000007fe6e28f0}: 'java.lang.Object java.lang.invoke.DirectMethodHandle$Holder.newInvokeSpecial(java.lang.Object, int, java.lang.Object, java.lang.Object, java.lang.Object)'> (0x00000007fe6e28f0) 
thrown [s\src\hotspot\share\interpreter\linkResolver.cpp, line 773]
Event: 397.063 Thread 0x000002356e09c8e0 Exception <a 'java/lang/NoSuchMethodError'{0x00000007fe71db18}: 'void java.lang.invoke.DirectMethodHandle$Holder.invokeSpecial(java.lang.Object, java.lang.Object, java.lang.Object, int, java.lang.Object, java.lang.Object, java.lang.Object, java.lang.Object)'> (0x00000007fe71db18) 
thrown [s\src\hotspot\share\interpreter\linkResolver.cpp, line 773]
Event: 397.093 Thread 0x000002356e09c8e0 Implicit null exception at 0x0000023517c5eb00 to 0x0000023517c5ec38
Event: 397.112 Thread 0x000002356e09c8e0 Exception <a 'java/lang/NoSuchMethodError'{0x00000007fe78e6f8}: 'void java.lang.invoke.DirectMethodHandle$Holder.invokeStatic(java.lang.Object, java.lang.Object, java.lang.Object, java.lang.Object, java.lang.Object, java.lang.Object, java.lang.Object, java.lang.Object)'> (0x00000007fe78e6f8) 
thrown [s\src\hotspot\share\interpreter\linkResolver.cpp, line 773]
Event: 399.018 Thread 0x000002356e09c8e0 Exception <a 'java/lang/NoSuchMethodError'{0x00000007fe59ed28}: 'void java.lang.invoke.DirectMethodHandle$Holder.invokeStatic(java.lang.Object, java.lang.Object, java.lang.Object, java.lang.Object, java.lang.Object, java.lang.Object, java.lang.Object, java.lang.Object, java.lang.Object)'> (0x00000007fe59ed28) 
thrown [s\src\hotspot\share\interpreter\linkResolver.cpp, line 773]
Event: 400.012 Thread 0x000002356e09c8e0 Implicit null exception at 0x0000023518437ada to 0x000002351843842e
Event: 401.203 Thread 0x0000023575797c00 Exception <a 'sun/nio/fs/WindowsException'{0x000000076877cb50}> (0x000000076877cb50) 
thrown [s\src\hotspot\share\prims\jni.cpp, line 520]
Event: 401.203 Thread 0x0000023575797c00 Exception <a 'sun/nio/fs/WindowsException'{0x000000076877f1b0}> (0x000000076877f1b0) 
thrown [s\src\hotspot\share\prims\jni.cpp, line 520]
Event: 402.562 Thread 0x0000023575ac1df0 Exception <a 'java/lang/NoSuchMethodError'{0x00000007ff793570}: 'long java.lang.invoke.DirectMethodHandle$Holder.invokeStatic(java.lang.Object, java.lang.Object, java.lang.Object)'> (0x00000007ff793570) 
thrown [s\src\hotspot\share\interpreter\linkResolver.cpp, line 773]
Event: 403.428 Thread 0x000002356e09c8e0 Exception <a 'java/lang/NoSuchMethodError'{0x0000000768b73c48}: 'java.lang.Object java.lang.invoke.DirectMethodHandle$Holder.invokeStatic(java.lang.Object, java.lang.Object, int, java.lang.Object)'> (0x0000000768b73c48) 
thrown [s\src\hotspot\share\interpreter\linkResolver.cpp, line 773]

ZGC Phase Switch (0 events):
No events

VM Operations (20 events):
Event: 397.521 Executing safepoint VM operation: Cleanup done
Event: 397.843 Executing non-safepoint VM operation: HandshakeAllThreads (Deoptimize)
Event: 397.844 Executing non-safepoint VM operation: HandshakeAllThreads (Deoptimize) done
Event: 397.898 Executing non-safepoint VM operation: HandshakeAllThreads (Deoptimize)
Event: 397.898 Executing non-safepoint VM operation: HandshakeAllThreads (Deoptimize) done
Event: 398.910 Executing safepoint VM operation: Cleanup
Event: 398.910 Executing safepoint VM operation: Cleanup done
Event: 399.915 Executing safepoint VM operation: Cleanup
Event: 399.947 Executing safepoint VM operation: Cleanup done
Event: 400.919 Executing non-safepoint VM operation: HandshakeAllThreads (Deoptimize)
Event: 400.919 Executing non-safepoint VM operation: HandshakeAllThreads (Deoptimize) done
Event: 401.922 Executing safepoint VM operation: Cleanup
Event: 401.923 Executing safepoint VM operation: Cleanup done
Event: 402.920 Executing safepoint VM operation: G1CollectForAllocation (G1 Evacuation Pause)
Event: 402.983 Executing safepoint VM operation: G1CollectForAllocation (G1 Evacuation Pause) done
Event: 403.532 Executing non-safepoint VM operation: HandshakeAllThreads (Deoptimize)
Event: 403.558 Executing non-safepoint VM operation: HandshakeAllThreads (Deoptimize) done
Event: 403.559 Executing safepoint VM operation: G1CollectForAllocation (G1 Evacuation Pause)
Event: 403.628 Executing safepoint VM operation: G1CollectForAllocation (G1 Evacuation Pause) done
Event: 403.933 Executing safepoint VM operation: G1CollectForAllocation (G1 Evacuation Pause)

Memory protections (0 events):
No events

Nmethod flushes (20 events):
Event: 393.862 Thread 0x000002356612a060 flushing  nmethod 0x0000023518189110
Event: 393.862 Thread 0x000002356612a060 flushing  nmethod 0x00000235181a3010
Event: 393.862 Thread 0x000002356612a060 flushing  nmethod 0x00000235183de390
Event: 393.862 Thread 0x000002356612a060 flushing  nmethod 0x000002351018db90
Event: 393.862 Thread 0x000002356612a060 flushing  nmethod 0x00000235102f4390
Event: 393.862 Thread 0x000002356612a060 flushing  nmethod 0x0000023510386390
Event: 393.862 Thread 0x000002356612a060 flushing  nmethod 0x0000023510677010
Event: 393.862 Thread 0x000002356612a060 flushing  nmethod 0x00000235106f3190
Event: 393.862 Thread 0x000002356612a060 flushing  nmethod 0x00000235108a3a10
Event: 393.862 Thread 0x000002356612a060 flushing  nmethod 0x0000023510996310
Event: 393.862 Thread 0x000002356612a060 flushing  nmethod 0x0000023510a01190
Event: 393.862 Thread 0x000002356612a060 flushing  nmethod 0x0000023510a08a10
Event: 393.862 Thread 0x000002356612a060 flushing  nmethod 0x0000023510ab3690
Event: 393.862 Thread 0x000002356612a060 flushing  nmethod 0x0000023510ca0310
Event: 393.862 Thread 0x000002356612a060 flushing  nmethod 0x0000023511946310
Event: 393.862 Thread 0x000002356612a060 flushing  nmethod 0x000002351197b590
Event: 393.862 Thread 0x000002356612a060 flushing  nmethod 0x0000023511acd890
Event: 393.862 Thread 0x000002356612a060 flushing  nmethod 0x0000023511ae6390
Event: 393.862 Thread 0x000002356612a060 flushing  nmethod 0x0000023511b36890
Event: 393.862 Thread 0x000002356612a060 flushing  nmethod 0x0000023511b99710

Events (20 events):
Event: 286.185 Thread 0x000002356e65a060 Thread exited: 0x000002356e65a060
Event: 287.649 Thread 0x0000023566159050 Thread added: 0x00000235759843f0
Event: 287.787 Thread 0x00000235759843f0 Thread exited: 0x00000235759843f0
Event: 302.926 Thread 0x000002356b28fda0 Thread added: 0x0000023575797c00
Event: 304.510 Thread 0x0000023575797c00 Thread added: 0x000002356e09c8e0
Event: 304.514 Thread 0x0000023575797c00 Thread added: 0x000002357651a7c0
Event: 304.519 Thread 0x0000023575797c00 Thread added: 0x0000023576519410
Event: 305.337 Thread 0x000002357651a7c0 Thread added: 0x000002357651b4e0
Event: 315.755 Thread 0x000002356e09c8e0 Thread added: 0x000002357651a130
Event: 315.852 Thread 0x000002357651a130 Thread added: 0x0000023576518060
Event: 315.863 Thread 0x0000023576518060 Thread added: 0x000002357651bb70
Event: 315.869 Thread 0x000002357651bb70 Thread added: 0x00000235765186f0
Event: 357.904 Thread 0x0000023576519410 Thread added: 0x0000023575ac10d0
Event: 368.245 Thread 0x000002357651a7c0 Thread added: 0x0000023575ac0a40
Event: 369.348 Thread 0x0000023575ac0a40 Thread added: 0x0000023575abe970
Event: 369.349 Thread 0x0000023575ac0a40 Thread added: 0x0000023575abf000
Event: 393.397 Thread 0x0000023575ac10d0 Thread added: 0x0000023575ac1760
Event: 393.401 Thread 0x0000023575ac10d0 Thread added: 0x0000023575abe2e0
Event: 393.868 Thread 0x0000023575ac1760 Thread added: 0x0000023575ac3ec0
Event: 393.868 Thread 0x0000023575abe2e0 Thread added: 0x0000023575ac1df0


Dynamic libraries:
0x00007ff66b350000 - 0x00007ff66b35e000 	C:\Users\isaac\.gradle\jdks\amazon_com_inc_-21-amd64-windows.2\bin\java.exe
0x00007ffe44840000 - 0x00007ffe44aa6000 	C:\WINDOWS\SYSTEM32\ntdll.dll
0x00007ffe43730000 - 0x00007ffe437f9000 	C:\WINDOWS\System32\KERNEL32.DLL
0x00007ffe421b0000 - 0x00007ffe425aa000 	C:\WINDOWS\System32\KERNELBASE.dll
0x00007ffe41ef0000 - 0x00007ffe4203c000 	C:\WINDOWS\System32\ucrtbase.dll
0x00007ffe0fc50000 - 0x00007ffe0fc68000 	C:\Users\isaac\.gradle\jdks\amazon_com_inc_-21-amd64-windows.2\bin\jli.dll
0x00007ffe42760000 - 0x00007ffe42927000 	C:\WINDOWS\System32\USER32.dll
0x00007ffe41b60000 - 0x00007ffe41b87000 	C:\WINDOWS\System32\win32u.dll
0x00007ffe445f0000 - 0x00007ffe4461b000 	C:\WINDOWS\System32\GDI32.dll
0x00007ffe41dc0000 - 0x00007ffe41eeb000 	C:\WINDOWS\System32\gdi32full.dll
0x00007ffe41b90000 - 0x00007ffe41c33000 	C:\WINDOWS\System32\msvcp_win.dll
0x00007ffe0fc30000 - 0x00007ffe0fc4e000 	C:\Users\isaac\.gradle\jdks\amazon_com_inc_-21-amd64-windows.2\bin\VCRUNTIME140.dll
0x00007ffe2f750000 - 0x00007ffe2f9e2000 	C:\WINDOWS\WinSxS\amd64_microsoft.windows.common-controls_6595b64144ccf1df_6.0.26100.8521_none_3e08b75ce33403b3\COMCTL32.dll
0x00007ffe43850000 - 0x00007ffe438f9000 	C:\WINDOWS\System32\msvcrt.dll
0x00007ffe443b0000 - 0x00007ffe443e2000 	C:\WINDOWS\System32\IMM32.DLL
0x00007ffdf6c30000 - 0x00007ffdf6c3c000 	C:\Users\isaac\.gradle\jdks\amazon_com_inc_-21-amd64-windows.2\bin\vcruntime140_1.dll
0x00007ffde8e00000 - 0x00007ffde8e89000 	C:\Users\isaac\.gradle\jdks\amazon_com_inc_-21-amd64-windows.2\bin\msvcp140.dll
0x00007ffcb10a0000 - 0x00007ffcb1e48000 	C:\Users\isaac\.gradle\jdks\amazon_com_inc_-21-amd64-windows.2\bin\server\jvm.dll
0x00007ffe43580000 - 0x00007ffe43636000 	C:\WINDOWS\System32\ADVAPI32.dll
0x00007ffe43cd0000 - 0x00007ffe43d7a000 	C:\WINDOWS\System32\sechost.dll
0x00007ffe425b0000 - 0x00007ffe426c8000 	C:\WINDOWS\System32\RPCRT4.dll
0x00007ffe434f0000 - 0x00007ffe43570000 	C:\WINDOWS\System32\WS2_32.dll
0x00007ffe41950000 - 0x00007ffe419ae000 	C:\WINDOWS\SYSTEM32\POWRPROF.dll
0x00007ffe3bc20000 - 0x00007ffe3bc56000 	C:\WINDOWS\SYSTEM32\WINMM.dll
0x00007ffe3bc60000 - 0x00007ffe3bc6b000 	C:\WINDOWS\SYSTEM32\VERSION.dll
0x00007ffe41910000 - 0x00007ffe41924000 	C:\WINDOWS\SYSTEM32\UMPDC.dll
0x00007ffe40860000 - 0x00007ffe4087b000 	C:\WINDOWS\SYSTEM32\kernel.appcore.dll
0x00007ffdf6be0000 - 0x00007ffdf6bea000 	C:\Users\isaac\.gradle\jdks\amazon_com_inc_-21-amd64-windows.2\bin\jimage.dll
0x00007ffe362b0000 - 0x00007ffe364f2000 	C:\WINDOWS\SYSTEM32\DBGHELP.DLL
0x00007ffe43940000 - 0x00007ffe43cc3000 	C:\WINDOWS\System32\combase.dll
0x00007ffe43370000 - 0x00007ffe43449000 	C:\WINDOWS\System32\OLEAUT32.dll
0x00007ffe24b30000 - 0x00007ffe24b6b000 	C:\WINDOWS\SYSTEM32\dbgcore.DLL
0x00007ffe42100000 - 0x00007ffe421a8000 	C:\WINDOWS\System32\bcryptPrimitives.dll
0x00007ffdf3b10000 - 0x00007ffdf3b20000 	C:\Users\isaac\.gradle\jdks\amazon_com_inc_-21-amd64-windows.2\bin\instrument.dll
0x00007ffdf57e0000 - 0x00007ffdf5801000 	C:\Users\isaac\.gradle\jdks\amazon_com_inc_-21-amd64-windows.2\bin\java.dll
0x00007ffe42a00000 - 0x00007ffe43184000 	C:\WINDOWS\System32\SHELL32.dll
0x00007ffe3f680000 - 0x00007ffe3ff00000 	C:\WINDOWS\SYSTEM32\windows.storage.dll
0x00007ffe443f0000 - 0x00007ffe444e6000 	C:\WINDOWS\System32\SHCORE.dll
0x00007ffe43640000 - 0x00007ffe436a7000 	C:\WINDOWS\System32\shlwapi.dll
0x00007ffe419f0000 - 0x00007ffe41a19000 	C:\WINDOWS\SYSTEM32\profapi.dll
0x00007ffcc0660000 - 0x00007ffcc0737000 	C:\Users\isaac\.gradle\jdks\amazon_com_inc_-21-amd64-windows.2\bin\jsvml.dll
0x00007ffdf3dc0000 - 0x00007ffdf3dd8000 	C:\Users\isaac\.gradle\jdks\amazon_com_inc_-21-amd64-windows.2\bin\zip.dll
0x00007ffdf3d80000 - 0x00007ffdf3d91000 	C:\Users\isaac\.gradle\jdks\amazon_com_inc_-21-amd64-windows.2\bin\net.dll
0x00007ffe37140000 - 0x00007ffe37269000 	C:\WINDOWS\SYSTEM32\WINHTTP.dll
0x00007ffe40dd0000 - 0x00007ffe40e3c000 	C:\WINDOWS\system32\mswsock.dll
0x00007ffde8de0000 - 0x00007ffde8df6000 	C:\Users\isaac\.gradle\jdks\amazon_com_inc_-21-amd64-windows.2\bin\nio.dll
0x00007ffdf3ff0000 - 0x00007ffdf4000000 	C:\Users\isaac\.gradle\jdks\amazon_com_inc_-21-amd64-windows.2\bin\verify.dll
0x00007ffe15930000 - 0x00007ffe15957000 	C:\Users\isaac\.gradle\native\660c5614fbf4a5f2a75b1949f50a0caf5cd603558e7d8a26e50b933a0cfb79d1\windows-amd64\native-platform.dll
0x00007ffdf3c80000 - 0x00007ffdf3cf7000 	C:\Users\isaac\.gradle\native\0.2.8\x86_64-windows-gnu\gradle-fileevents.dll
0x00007ffdf3e90000 - 0x00007ffdf3e9a000 	C:\Users\isaac\.gradle\jdks\amazon_com_inc_-21-amd64-windows.2\bin\management.dll
0x00007ffdf3d70000 - 0x00007ffdf3d7c000 	C:\Users\isaac\.gradle\jdks\amazon_com_inc_-21-amd64-windows.2\bin\management_ext.dll
0x00007ffe42930000 - 0x00007ffe42938000 	C:\WINDOWS\System32\PSAPI.DLL
0x00007ffe402c0000 - 0x00007ffe402f3000 	C:\WINDOWS\SYSTEM32\IPHLPAPI.DLL
0x00007ffe434e0000 - 0x00007ffe434ea000 	C:\WINDOWS\System32\NSI.dll
0x00007ffdf3ad0000 - 0x00007ffdf3ad9000 	C:\Users\isaac\.gradle\jdks\amazon_com_inc_-21-amd64-windows.2\bin\extnet.dll
0x00007ffe410b0000 - 0x00007ffe410cb000 	C:\WINDOWS\SYSTEM32\CRYPTSP.dll
0x00007ffe407c0000 - 0x00007ffe407f9000 	C:\WINDOWS\system32\rsaenh.dll
0x00007ffe40e80000 - 0x00007ffe40eb3000 	C:\WINDOWS\SYSTEM32\USERENV.dll
0x00007ffe419c0000 - 0x00007ffe419ea000 	C:\WINDOWS\SYSTEM32\bcrypt.dll
0x00007ffe410d0000 - 0x00007ffe410dc000 	C:\WINDOWS\SYSTEM32\CRYPTBASE.dll
0x00007ffde8ee0000 - 0x00007ffde8eee000 	C:\Users\isaac\.gradle\jdks\amazon_com_inc_-21-amd64-windows.2\bin\sunmscapi.dll
0x00007ffe41c40000 - 0x00007ffe41db8000 	C:\WINDOWS\System32\CRYPT32.dll
0x00007ffe412d0000 - 0x00007ffe41300000 	C:\WINDOWS\SYSTEM32\ncrypt.dll
0x00007ffe41280000 - 0x00007ffe412bf000 	C:\WINDOWS\SYSTEM32\NTASN1.dll
0x00007ffe3c920000 - 0x00007ffe3c928000 	C:\WINDOWS\system32\wshunix.dll
0x00007ffe40980000 - 0x00007ffe409b6000 	C:\WINDOWS\SYSTEM32\ntmarta.dll

JVMTI agents:
C:\Users\isaac\.gradle\wrapper\dists\gradle-9.4.1-bin\arn2x92ynaizyzdaamcbpbhtj\gradle-9.4.1\lib\agents\gradle-instrumentation-agent-9.4.1.jar path:C:\Users\isaac\.gradle\jdks\amazon_com_inc_-21-amd64-windows.2\bin\instrument.dll, loaded, initialized, instrumentlib options:none

dbghelp: loaded successfully - version: 4.0.5 - missing functions: none
symbol engine: initialized successfully - sym options: 0x614 - pdb path: .;C:\Users\isaac\.gradle\jdks\amazon_com_inc_-21-amd64-windows.2\bin;C:\WINDOWS\SYSTEM32;C:\WINDOWS\WinSxS\amd64_microsoft.windows.common-controls_6595b64144ccf1df_6.0.26100.8521_none_3e08b75ce33403b3;C:\Users\isaac\.gradle\jdks\amazon_com_inc_-21-amd64-windows.2\bin\server;C:\Users\isaac\.gradle\native\660c5614fbf4a5f2a75b1949f50a0caf5cd603558e7d8a26e50b933a0cfb79d1\windows-amd64;C:\Users\isaac\.gradle\native\0.2.8\x86_64-windows-gnu

VM Arguments:
jvm_args: --add-opens=java.base/java.lang=ALL-UNNAMED --add-opens=java.base/java.lang.invoke=ALL-UNNAMED --add-opens=java.base/java.util=ALL-UNNAMED --add-opens=java.prefs/java.util.prefs=ALL-UNNAMED --add-exports=jdk.compiler/com.sun.tools.javac.api=ALL-UNNAMED --add-exports=jdk.compiler/com.sun.tools.javac.util=ALL-UNNAMED --add-opens=java.base/java.util=ALL-UNNAMED --add-opens=java.prefs/java.util.prefs=ALL-UNNAMED --add-opens=java.base/java.nio.charset=ALL-UNNAMED --add-opens=java.base/java.net=ALL-UNNAMED --add-opens=java.base/java.util.concurrent=ALL-UNNAMED --add-opens=java.base/java.util.concurrent.atomic=ALL-UNNAMED --add-opens=java.xml/javax.xml.namespace=ALL-UNNAMED --add-opens=java.base/java.time=ALL-UNNAMED -Xmx3072M -Dfile.encoding=UTF-8 -Duser.country=MX -Duser.language=es -Duser.variant -javaagent:C:\Users\isaac\.gradle\wrapper\dists\gradle-9.4.1-bin\arn2x92ynaizyzdaamcbpbhtj\gradle-9.4.1\lib\agents\gradle-instrumentation-agent-9.4.1.jar 
java_command: org.gradle.launcher.daemon.bootstrap.GradleDaemon 9.4.1
java_class_path (initial): C:\Users\isaac\.gradle\wrapper\dists\gradle-9.4.1-bin\arn2x92ynaizyzdaamcbpbhtj\gradle-9.4.1\lib\gradle-daemon-main-9.4.1.jar
Launcher Type: SUN_STANDARD

[Global flags]
     intx CICompilerCount                          = 3                                         {product} {ergonomic}
     uint ConcGCThreads                            = 1                                         {product} {ergonomic}
     uint G1ConcRefinementThreads                  = 4                                         {product} {ergonomic}
   size_t G1HeapRegionSize                         = 2097152                                   {product} {ergonomic}
    uintx GCDrainStackTargetSize                   = 64                                        {product} {ergonomic}
   size_t InitialHeapSize                          = 100663296                                 {product} {ergonomic}
   size_t MarkStackSize                            = 4194304                                   {product} {ergonomic}
   size_t MaxHeapSize                              = 3221225472                                {product} {command line}
   size_t MaxNewSize                               = 1931476992                                {product} {ergonomic}
   size_t MinHeapDeltaBytes                        = 2097152                                   {product} {ergonomic}
   size_t MinHeapSize                              = 8388608                                   {product} {ergonomic}
    uintx NonNMethodCodeHeapSize                   = 5832780                                {pd product} {ergonomic}
    uintx NonProfiledCodeHeapSize                  = 122912730                              {pd product} {ergonomic}
    uintx ProfiledCodeHeapSize                     = 122912730                              {pd product} {ergonomic}
    uintx ReservedCodeCacheSize                    = 251658240                              {pd product} {ergonomic}
     bool SegmentedCodeCache                       = true                                      {product} {ergonomic}
   size_t SoftMaxHeapSize                          = 3221225472                             {manageable} {ergonomic}
     bool UseCompressedOops                        = true                           {product lp64_product} {ergonomic}
     bool UseG1GC                                  = true                                      {product} {ergonomic}
     bool UseLargePagesIndividualAllocation        = false                                  {pd product} {ergonomic}

Logging:
Log output configuration:
 #0: stdout all=warning uptime,level,tags foldmultilines=false
 #1: stderr all=off uptime,level,tags foldmultilines=false

Release file:
IMPLEMENTOR="Amazon.com Inc." 
IMPLEMENTOR_VERSION="Corretto-21.0.11.10.1" 
JAVA_RUNTIME_VERSION="21.0.11+10-LTS" 
JAVA_VERSION="21.0.11" 
JAVA_VERSION_DATE="2026-04-21" 
LIBC="default" 
MODULES="java.base java.compiler java.datatransfer java.xml java.prefs java.desktop java.instrument java.logging java.management java.security.sasl java.naming java.rmi java.management.rmi java.net.http java.scripting java.security.jgss java.transaction.xa java.sql java.sql.rowset java.xml.crypto java.se java.smartcardio jdk.accessibility jdk.internal.jvmstat jdk.attach jdk.charsets jdk.internal.opt jdk.zipfs jdk.compiler jdk.crypto.ec jdk.crypto.cryptoki jdk.crypto.mscapi jdk.dynalink jdk.internal.ed jdk.editpad jdk.hotspot.agent jdk.httpserver jdk.incubator.vector jdk.internal.le jdk.internal.vm.ci jdk.internal.vm.compiler jdk.internal.vm.compiler.management jdk.jartool jdk.javadoc jdk.jcmd jdk.management jdk.management.agent jdk.jconsole jdk.jdeps jdk.jdwp.agent jdk.jdi jdk.jfr jdk.jlink jdk.jpackage jdk.jshell jdk.jsobject jdk.jstatd jdk.localedata jdk.management.jfr jdk.naming.dns jdk.naming.rmi jdk.net jdk.nio.mapmode jdk.random jdk.sctp jdk.security.auth jdk.security.jgss jdk.unsupported jdk.unsupported.desktop jdk.xml.dom" 
OS_ARCH="x86_64" 
OS_NAME="Windows" 
SOURCE="" 

Environment Variables:
PATH=C:\Program Files\Microsoft\jdk-11.0.12.7-hotspot\bin;C:\Program Files\Common Files\Oracle\Java\javapath;C:\windows\system32;C:\windows;C:\windows\System32\Wbem;C:\windows\System32\WindowsPowerShell\v1.0\;C:\windows\System32\OpenSSH\;C:\Program Files\dotnet\;C:\WINDOWS\system32;C:\WINDOWS;C:\WINDOWS\System32\Wbem;C:\WINDOWS\System32\WindowsPowerShell\v1.0\;C:\WINDOWS\System32\OpenSSH\;C:\Program Files (x86)\Microsoft SQL Server\160\Tools\Binn\;C:\Program Files\Microsoft SQL Server\160\Tools\Binn\;C:\Program Files\Microsoft SQL Server\Client SDK\ODBC\170\Tools\Binn\;C:\Program Files\Microsoft SQL Server\160\DTS\Binn\;C:\Program Files (x86)\Microsoft SQL Server\160\DTS\Binn\;C:\Program Files\Microsoft SQL Server\150\Tools\Binn\;C:\Program Files\nodejs\;C:\Program Files\Git\cmd;C:\Program Files (x86)\Windows Kits\10\Windows Performance Toolkit\;C:\Users\isaac\AppData\Local\Microsoft\WindowsApps;C:\Users\isaac\AppData\Local\Programs\Microsoft VS Code\bin;C:\Users\isaac\.dotnet\tools;C:\Users\isaac\AppData\Local\Programs\MiKTeX\miktex\bin\x64\;C:\Users\isaac\AppData\Roaming\npm
USERNAME=isaac
OS=Windows_NT
PROCESSOR_IDENTIFIER=AMD64 Family 23 Model 24 Stepping 1, AuthenticAMD
TMP=C:\Users\isaac\AppData\Local\Temp
TEMP=C:\Users\isaac\AppData\Local\Temp




Periodic native trim disabled

---------------  S Y S T E M  ---------------

OS:
 Windows 11 , 64 bit Build 26100 (10.0.26100.8521)
OS uptime: 2 days 19:07 hours
Hyper-V role detected

CPU: total 4 (initial active 4) (4 cores per cpu, 2 threads per core) family 23 model 24 stepping 1 microcode 0x8108109, cx8, cmov, fxsr, ht, mmx, 3dnowpref, sse, sse2, sse3, ssse3, sse4a, sse4.1, sse4.2, popcnt, lzcnt, tsc, tscinvbit, avx, avx2, aes, clmul, bmi1, bmi2, adx, sha, fma, vzeroupper, clflush, clflushopt, hv, rdtscp, f16c
Processor Information for the first 4 processors :
  Max Mhz: 2600, Current Mhz: 2600, Mhz Limit: 2600

Memory: 4k page, system-wide physical 6059M (317M free)
TotalPageFile size 24491M (AvailPageFile size 420M)
current process WorkingSet (physical memory assigned to process): 833M, peak: 835M
current process commit charge ("private bytes"): 1128M, peak: 2076M

vm_info: OpenJDK 64-Bit Server VM (21.0.11+10-LTS) for windows-amd64 JRE (21.0.11+10-LTS), built on 2026-04-18T07:30:30Z by "Administrator" with MS VC++ 17.14 (VS2022)

END.
